ISO-10303-21;
HEADER;
FILE_DESCRIPTION (( 'STEP AP203' ),
    '1' );
FILE_NAME ('3D SOT-323.STEP',
    '2023-07-10T06:08:29',
    ( '' ),
    ( '' ),
    'SwSTEP 2.0',
    'SolidWorks 2022',
    '' );
FILE_SCHEMA (( 'CONFIG_CONTROL_DESIGN' ));
ENDSEC;

DATA;
#1 = LINE ( 'NONE', #770, #1096 ) ;
#2 = CARTESIAN_POINT ( 'NONE',  ( 239.4108017949244243, 161.3524640835664172, 0.4601725583309030920 ) ) ;
#3 = EDGE_CURVE ( 'NONE', #1954, #63, #1897, .T. ) ;
#4 = EDGE_CURVE ( 'NONE', #2993, #1584, #715, .T. ) ;
#5 = AXIS2_PLACEMENT_3D ( 'NONE', #1701, #761, #1465 ) ;
#6 = CARTESIAN_POINT ( 'NONE',  ( 239.6645242633040311, 161.2170652311782248, -0.3413284587862603914 ) ) ;
#7 = VECTOR ( 'NONE', #229, 1000.000000000000000 ) ;
#8 = LINE ( 'NONE', #1727, #1030 ) ;
#9 = ORIENTED_EDGE ( 'NONE', *, *, #2052, .T. ) ;
#10 = VERTEX_POINT ( 'NONE', #2656 ) ;
#11 = EDGE_CURVE ( 'NONE', #2492, #3166, #2141, .T. ) ;
#12 = ORIENTED_EDGE ( 'NONE', *, *, #1358, .F. ) ;
#13 = CARTESIAN_POINT ( 'NONE',  ( 239.6125880768368290, 161.2170652311782248, -0.1470848566293625481 ) ) ;
#14 = DIRECTION ( 'NONE',  ( -0.000000000000000000, 6.123233995736766036E-17, 1.000000000000000000 ) ) ;
#15 = LINE ( 'NONE', #2002, #1313 ) ;
#16 = ADVANCED_FACE ( 'NONE', ( #698 ), #3124, .T. ) ;
#17 = CARTESIAN_POINT ( 'NONE',  ( 239.5642848774430718, 160.9170652311783840, -2.840333972646968398E-14 ) ) ;
#18 = LINE ( 'NONE', #1769, #774 ) ;
#19 = EDGE_CURVE ( 'NONE', #1592, #1845, #2919, .T. ) ;
#20 = CARTESIAN_POINT ( 'NONE',  ( 239.5642848774430718, 159.5670652311783329, -2.840027810914729463E-14 ) ) ;
#21 = VECTOR ( 'NONE', #636, 1000.000000000000000 ) ;
#22 = EDGE_CURVE ( 'NONE', #2638, #287, #1683, .T. ) ;
#23 = VECTOR ( 'NONE', #888, 1000.000000000000000 ) ;
#24 = FACE_OUTER_BOUND ( 'NONE', #805, .T. ) ;
#25 = ORIENTED_EDGE ( 'NONE', *, *, #1213, .T. ) ;
#26 = ORIENTED_EDGE ( 'NONE', *, *, #2681, .F. ) ;
#27 = DATE_TIME_ROLE ( 'creation_date' ) ;
#28 = EDGE_LOOP ( 'NONE', ( #627, #821, #2453, #1716 ) ) ;
#29 = AXIS2_PLACEMENT_3D ( 'NONE', #437, #1431, #1140 ) ;
#30 = ADVANCED_FACE ( 'NONE', ( #3144 ), #1451, .T. ) ;
#31 = DIRECTION ( 'NONE',  ( 0.000000000000000000, -1.000000000000000000, 6.123233999162682944E-17 ) ) ;
#32 = FACE_OUTER_BOUND ( 'NONE', #845, .T. ) ;
#33 = ORIENTED_EDGE ( 'NONE', *, *, #2650, .F. ) ;
#34 = FACE_OUTER_BOUND ( 'NONE', #179, .T. ) ;
#35 = CARTESIAN_POINT ( 'NONE',  ( 239.3877066089521861, 161.3561520462316992, 0.4339021393448840302 ) ) ;
#36 = DIRECTION ( 'NONE',  ( 0.000000000000000000, -1.232595164407830946E-32, -1.000000000000000000 ) ) ;
#37 = DIRECTION ( 'NONE',  ( -0.000000000000000000, 1.000000000000000000, 0.000000000000000000 ) ) ;
#38 = AXIS2_PLACEMENT_3D ( 'NONE', #2599, #2362, #1378 ) ;
#39 = FACE_OUTER_BOUND ( 'NONE', #1376, .T. ) ;
#40 = EDGE_LOOP ( 'NONE', ( #317, #3062, #2470, #3150 ) ) ;
#41 = ORIENTED_EDGE ( 'NONE', *, *, #1312, .T. ) ;
#42 = EDGE_CURVE ( 'NONE', #3030, #3190, #3025, .T. ) ;
#43 = AXIS2_PLACEMENT_3D ( 'NONE', #122, #2893, #2652 ) ;
#44 = AXIS2_PLACEMENT_3D ( 'NONE', #3113, #2864, #196 ) ;
#45 = ORIENTED_EDGE ( 'NONE', *, *, #170, .F. ) ;
#46 =( BOUNDED_CURVE ( )  B_SPLINE_CURVE ( 3, ( #965, #1679, #1192, #106 ),
 .UNSPECIFIED., .F., .T. ) 
 B_SPLINE_CURVE_WITH_KNOTS ( ( 4, 4 ),
 ( 4.056799884747000817, 4.712388980384405457 ),
 .UNSPECIFIED. ) 
 CURVE ( )  GEOMETRIC_REPRESENTATION_ITEM ( )  RATIONAL_B_SPLINE_CURVE ( ( 1.000000000000000000, 0.9645031357131018668, 0.9645031357131018668, 1.000000000000000000 ) ) 
 REPRESENTATION_ITEM ( '' )  );
#47 = EDGE_CURVE ( 'NONE', #1386, #2368, #2501, .T. ) ;
#48 = CARTESIAN_POINT ( 'NONE',  ( 238.3274365296399822, 161.3026971304430788, -0.2589624369868093190 ) ) ;
#49 = AXIS2_PLACEMENT_3D ( 'NONE', #235, #3194, #988 ) ;
#50 = EDGE_CURVE ( 'NONE', #1845, #1578, #3185, .T. ) ;
#51 = LINE ( 'NONE', #1038, #304 ) ;
#52 = CARTESIAN_POINT ( 'NONE',  ( 238.3755997525391308, 159.5325325413434143, 0.4830967129953590011 ) ) ;
#53 = EDGE_CURVE ( 'NONE', #2209, #1032, #1417, .T. ) ;
#54 = ORIENTED_EDGE ( 'NONE', *, *, #1034, .T. ) ;
#55 = CARTESIAN_POINT ( 'NONE',  ( 239.3757434818910781, 161.2420652311782874, 9.536435308109708257E-36 ) ) ;
#56 = DIRECTION ( 'NONE',  ( -0.000000000000000000, -1.232595164407830946E-32, 1.000000000000000000 ) ) ;
#57 = AXIS2_PLACEMENT_3D ( 'NONE', #1639, #2170, #2651 ) ;
#58 = ORIENTED_EDGE ( 'NONE', *, *, #2070, .F. ) ;
#59 = LINE ( 'NONE', #572, #619 ) ;
#60 = EDGE_CURVE ( 'NONE', #583, #1666, #197, .T. ) ;
#61 = CARTESIAN_POINT ( 'NONE',  ( 238.3966282225757993, 159.5160447220560513, 0.4992688937462327892 ) ) ;
#62 = ADVANCED_FACE ( 'NONE', ( #365 ), #2601, .T. ) ;
#63 = VERTEX_POINT ( 'NONE', #1851 ) ;
#64 = VERTEX_POINT ( 'NONE', #2364 ) ;
#65 = ORIENTED_EDGE ( 'NONE', *, *, #2068, .F. ) ;
#66 = ORIENTED_EDGE ( 'NONE', *, *, #2500, .T. ) ;
#67 = CARTESIAN_POINT ( 'NONE',  ( 238.4312361371780185, 161.2740201643520663, -0.3952533006064486432 ) ) ;
#68 = ADVANCED_FACE ( 'NONE', ( #605 ), #894, .T. ) ;
#69 = CARTESIAN_POINT ( 'NONE',  ( 239.4867355467513619, 160.1670652311781851, 0.4339021393449021269 ) ) ;
#70 = CARTESIAN_POINT ( 'NONE',  ( 239.5063318014211404, 159.5270288365393014, -0.2787015353461281264 ) ) ;
#71 =( BOUNDED_CURVE ( )  B_SPLINE_CURVE ( 3, ( #2485, #2698, #1709, #2455 ),
 .UNSPECIFIED., .F., .F. ) 
 B_SPLINE_CURVE_WITH_KNOTS ( ( 4, 4 ),
 ( 1.570796326794905884, 2.346530414571514456 ),
 .UNSPECIFIED. ) 
 CURVE ( )  GEOMETRIC_REPRESENTATION_ITEM ( )  RATIONAL_B_SPLINE_CURVE ( ( 1.000000000000000000, 0.9504785870061033259, 0.9504785870061033259, 1.000000000000000000 ) ) 
 REPRESENTATION_ITEM ( '' )  );
#72 = ORIENTED_EDGE ( 'NONE', *, *, #1407, .F. ) ;
#73 = PLANE ( 'NONE',  #1249 ) ;
#74 = LINE ( 'NONE', #1057, #2138 ) ;
#75 = CARTESIAN_POINT ( 'NONE',  ( 239.5642848774428444, 159.9170652311782703, -2.842745570191818061E-14 ) ) ;
#76 = CARTESIAN_POINT ( 'NONE',  ( 238.3389516503019365, 159.5573951547971205, -0.2939159001784308889 ) ) ;
#77 = ORIENTED_EDGE ( 'NONE', *, *, #1492, .T. ) ;
#78 = EDGE_LOOP ( 'NONE', ( #368, #1214, #2129, #972 ) ) ;
#79 = VECTOR ( 'NONE', #1474, 1000.000000000000114 ) ;
#80 = ORIENTED_EDGE ( 'NONE', *, *, #1962, .T. ) ;
#81 = CARTESIAN_POINT ( 'NONE',  ( 239.5642848774430718, 159.6170652311781737, -2.840333972646967135E-14 ) ) ;
#82 = CARTESIAN_POINT ( 'NONE',  ( 239.5046438999117981, 159.5741582398245555, -0.2957106804465925443 ) ) ;
#83 = ORIENTED_EDGE ( 'NONE', *, *, #3021, .T. ) ;
#84 = DIRECTION ( 'NONE',  ( 0.000000000000000000, 0.000000000000000000, -1.000000000000000000 ) ) ;
#85 = LINE ( 'NONE', #582, #1468 ) ;
#86 = AXIS2_PLACEMENT_3D ( 'NONE', #463, #1913, #738 ) ;
#87 = VERTEX_POINT ( 'NONE', #1126 ) ;
#88 = DIRECTION ( 'NONE',  ( 1.000000000000000000, 0.000000000000000000, 0.000000000000000000 ) ) ;
#89 = AXIS2_PLACEMENT_3D ( 'NONE', #221, #2417, #679 ) ;
#90 = EDGE_CURVE ( 'NONE', #2884, #2228, #2841, .T. ) ;
#91 = PRODUCT_DEFINITION_FORMATION_WITH_SPECIFIED_SOURCE ( 'ANY', '', #602, .NOT_KNOWN. ) ;
#92 = CARTESIAN_POINT ( 'NONE',  ( 239.3476487316981718, 160.1170652311782874, 0.000000000000000000 ) ) ;
#93 = VERTEX_POINT ( 'NONE', #3089 ) ;
#94 = DIRECTION ( 'NONE',  ( 2.690598056701187800E-13, -1.000000000000000000, 0.000000000000000000 ) ) ;
#95 = ORIENTED_EDGE ( 'NONE', *, *, #2978, .F. ) ;
#96 = ORIENTED_EDGE ( 'NONE', *, *, #269, .T. ) ;
#97 = VECTOR ( 'NONE', #674, 1000.000000000000227 ) ;
#98 = CARTESIAN_POINT ( 'NONE',  ( 239.7469678947185798, 161.2170652311782248, -0.3500000000000227374 ) ) ;
#99 = CARTESIAN_POINT ( 'NONE',  ( 239.4099602632908272, 159.5547536995851772, 0.5199999999999956879 ) ) ;
#100 = ORIENTED_EDGE ( 'NONE', *, *, #2206, .F. ) ;
#101 = DIRECTION ( 'NONE',  ( 0.000000000000000000, 1.000000000000000000, -1.232595164407751986E-32 ) ) ;
#102 = LINE ( 'NONE', #1554, #2912 ) ;
#103 = DIRECTION ( 'NONE',  ( 0.000000000000000000, 0.000000000000000000, -1.000000000000000000 ) ) ;
#105 = EDGE_CURVE ( 'NONE', #1349, #1143, #2584, .T. ) ;
#104 = VECTOR ( 'NONE', #299, 1000.000000000000000 ) ;
#106 = CARTESIAN_POINT ( 'NONE',  ( 239.3877066089521861, 161.2571231084325518, 0.5200000000000000178 ) ) ;
#107 = ORIENTED_EDGE ( 'NONE', *, *, #1524, .T. ) ;
#108 = CARTESIAN_POINT ( 'NONE',  ( 239.5063458130938443, 159.5573951547971774, -0.2939159001784074632 ) ) ;
#109 = ORIENTED_EDGE ( 'NONE', *, *, #1415, .F. ) ;
#110 = ORIENTED_EDGE ( 'NONE', *, *, #2105, .T. ) ;
#111 = AXIS2_PLACEMENT_3D ( 'NONE', #1243, #1966, #457 ) ;
#112 = EDGE_LOOP ( 'NONE', ( #3125, #2887, #822, #2613 ) ) ;
#113 = CARTESIAN_POINT ( 'NONE',  ( 238.4148872165488058, 159.4620596670643806, -0.3201851242838220091 ) ) ;
#114 = VECTOR ( 'NONE', #2699, 1000.000000000000227 ) ;
#115 = CARTESIAN_POINT ( 'NONE',  ( 239.4553078660069616, 159.5664701411837996, -0.3823744861513045379 ) ) ;
#116 = ORIENTED_EDGE ( 'NONE', *, *, #1861, .T. ) ;
#117 = CARTESIAN_POINT ( 'NONE',  ( 238.4379786553168401, 160.1670652311781851, -0.2800000000000000266 ) ) ;
#118 = DIRECTION ( 'NONE',  ( -0.000000000000000000, -0.000000000000000000, -1.000000000000000000 ) ) ;
#119 = ORIENTED_EDGE ( 'NONE', *, *, #970, .T. ) ;
#120 = LINE ( 'NONE', #1846, #1036 ) ;
#121 = ORIENTED_EDGE ( 'NONE', *, *, #699, .T. ) ;
#122 = CARTESIAN_POINT ( 'NONE',  ( 237.8726487316978364, 160.5670652311781623, -0.4600000000000363798 ) ) ;
#123 = EDGE_CURVE ( 'NONE', #825, #2073, #2534, .T. ) ;
#124 = VERTEX_POINT ( 'NONE', #401 ) ;
#125 = FACE_OUTER_BOUND ( 'NONE', #3091, .T. ) ;
#126 = ORIENTED_EDGE ( 'NONE', *, *, #2587, .T. ) ;
#127 = ORIENTED_EDGE ( 'NONE', *, *, #1780, .F. ) ;
#128 = VECTOR ( 'NONE', #36, 1000.000000000000000 ) ;
#129 = CYLINDRICAL_SURFACE ( 'NONE', #1747, 0.05000000000007578244 ) ;
#130 = EDGE_LOOP ( 'NONE', ( #272, #2718, #3054, #1065 ) ) ;
#131 = DIRECTION ( 'NONE',  ( 1.000000000000000000, 0.000000000000000000, 0.000000000000000000 ) ) ;
#132 = DIRECTION ( 'NONE',  ( 1.000000000000000000, 0.000000000000000000, 0.000000000000000000 ) ) ;
#133 = AXIS2_PLACEMENT_3D ( 'NONE', #961, #3184, #494 ) ;
#134 = ORIENTED_EDGE ( 'NONE', *, *, #359, .T. ) ;
#135 = DIRECTION ( 'NONE',  ( 0.000000000000000000, 0.000000000000000000, 1.000000000000000000 ) ) ;
#136 = DIRECTION ( 'NONE',  ( -0.9902893779918795492, 0.000000000000000000, 0.1390213934488369885 ) ) ;
#137 = AXIS2_PLACEMENT_3D ( 'NONE', #1746, #1763, #565 ) ;
#138 = DIRECTION ( 'NONE',  ( 0.1390213934489266390, 0.000000000000000000, -0.9902893779918668926 ) ) ;
#139 = CARTESIAN_POINT ( 'NONE',  ( 238.4379786553168401, 161.2767353075592496, -0.3800000000000000044 ) ) ;
#140 = CARTESIAN_POINT ( 'NONE',  ( 239.3176487316981706, 159.5670652311782476, 0.000000000000000000 ) ) ;
#141 = VERTEX_POINT ( 'NONE', #1590 ) ;
#142 = VERTEX_POINT ( 'NONE', #1348 ) ;
#143 = PLANE ( 'NONE',  #2716 ) ;
#144 = EDGE_CURVE ( 'NONE', #141, #1854, #2292, .T. ) ;
#145 = VERTEX_POINT ( 'NONE', #1833 ) ;
#146 = DIRECTION ( 'NONE',  ( 0.1376971287150892953, 0.1376971287150892953, 0.9808562593403989949 ) ) ;
#147 = LINE ( 'NONE', #1910, #2286 ) ;
#148 = EDGE_CURVE ( 'NONE', #358, #1713, #1098, .T. ) ;
#149 = AXIS2_PLACEMENT_3D ( 'NONE', #2918, #220, #3143 ) ;
#150 = ORIENTED_EDGE ( 'NONE', *, *, #1861, .F. ) ;
#151 = DIRECTION ( 'NONE',  ( -0.000000000000000000, -0.000000000000000000, 1.000000000000000000 ) ) ;
#152 = DIRECTION ( 'NONE',  ( 0.000000000000000000, -5.130402227799399417E-26, 1.000000000000000000 ) ) ;
#153 = ADVANCED_FACE ( 'NONE', ( #2327 ), #2793, .T. ) ;
#154 = VECTOR ( 'NONE', #146, 1000.000000000000227 ) ;
#155 = DIRECTION ( 'NONE',  ( -0.000000000000000000, -0.000000000000000000, 1.000000000000000000 ) ) ;
#156 = ORIENTED_EDGE ( 'NONE', *, *, #1070, .T. ) ;
#157 = DIRECTION ( 'NONE',  ( -1.000000000000000000, 0.000000000000000000, 0.000000000000000000 ) ) ;
#158 = ADVANCED_FACE ( 'NONE', ( #125 ), #331, .F. ) ;
#159 = CYLINDRICAL_SURFACE ( 'NONE', #149, 0.05000000000007578244 ) ;
#160 = CARTESIAN_POINT ( 'NONE',  ( 238.0262029620303110, 160.5670652311782476, -0.4600000000000079026 ) ) ;
#161 = ORIENTED_EDGE ( 'NONE', *, *, #563, .F. ) ;
#162 = DIRECTION ( 'NONE',  ( 0.000000000000000000, -1.000000000000000000, 6.123233995736766036E-17 ) ) ;
#163 = VERTEX_POINT ( 'NONE', #160 ) ;
#164 = CARTESIAN_POINT ( 'NONE',  ( 239.9726487316978876, 159.9170652311782703, -0.4600000000000174505 ) ) ;
#165 = CARTESIAN_POINT ( 'NONE',  ( 239.5067169381626400, 161.2772320122988674, -0.2909437205856684194 ) ) ;
#166 = ADVANCED_FACE ( 'NONE', ( #3072 ), #345, .T. ) ;
#167 = CARTESIAN_POINT ( 'NONE',  ( 239.2648581697844747, 161.0670652311784465, -0.1099999999999852207 ) ) ;
#168 = CARTESIAN_POINT ( 'NONE',  ( 238.1807732000916928, 160.5670652311781623, -0.3413284587862456809 ) ) ;
#169 = CIRCLE ( 'NONE', #1969, 0.09999999999999999167 ) ;
#170 = EDGE_CURVE ( 'NONE', #2142, #1584, #1142, .T. ) ;
#171 = LINE ( 'NONE', #2410, #1504 ) ;
#172 = VERTEX_POINT ( 'NONE', #846 ) ;
#173 = CARTESIAN_POINT ( 'NONE',  ( 239.4486692408199815, 161.3180857403002904, 0.4992688937462427812 ) ) ;
#174 = DIRECTION ( 'NONE',  ( 0.000000000000000000, 0.1391590017841476956, 0.9902700501491699114 ) ) ;
#175 = DIRECTION ( 'NONE',  ( -0.000000000000000000, 1.000000000000000000, -6.123233995736766036E-17 ) ) ;
#176 = ORIENTED_EDGE ( 'NONE', *, *, #2090, .T. ) ;
#177 = ORIENTED_EDGE ( 'NONE', *, *, #53, .F. ) ;
#178 = DIRECTION ( 'NONE',  ( 0.000000000000000000, 0.000000000000000000, -1.000000000000000000 ) ) ;
#179 = EDGE_LOOP ( 'NONE', ( #1166, #2688, #2772, #336 ) ) ;
#180 = DIRECTION ( 'NONE',  ( 0.000000000000000000, 0.000000000000000000, -1.000000000000000000 ) ) ;
#181 = FACE_OUTER_BOUND ( 'NONE', #2186, .T. ) ;
#182 = ORIENTED_EDGE ( 'NONE', *, *, #2199, .F. ) ;
#183 = DIRECTION ( 'NONE',  ( 0.000000000000000000, 0.000000000000000000, -1.000000000000000000 ) ) ;
#184 = CARTESIAN_POINT ( 'NONE',  ( 239.3476487316981718, 160.1170652311782874, 0.000000000000000000 ) ) ;
#185 = CARTESIAN_POINT ( 'NONE',  ( 238.5776487316981047, 159.6470652311783169, 0.000000000000000000 ) ) ;
#186 = DIRECTION ( 'NONE',  ( 0.000000000000000000, 1.000000000000000000, 0.000000000000000000 ) ) ;
#187 = EDGE_LOOP ( 'NONE', ( #318, #1589, #2704, #2829, #1561, #2131, #271, #789, #2276, #2087, #2562, #1352 ) ) ;
#188 = DIRECTION ( 'NONE',  ( 9.398886279226681713E-13, -1.000000000000000000, 0.000000000000000000 ) ) ;
#189 = DIRECTION ( 'NONE',  ( -1.000000000000000000, 0.000000000000000000, 0.000000000000000000 ) ) ;
#190 = EDGE_CURVE ( 'NONE', #2842, #2025, #2150, .T. ) ;
#191 = DIRECTION ( 'NONE',  ( 0.000000000000000000, 0.000000000000000000, -1.000000000000000000 ) ) ;
#192 = ORIENTED_EDGE ( 'NONE', *, *, #1216, .T. ) ;
#193 = ORIENTED_EDGE ( 'NONE', *, *, #2332, .F. ) ;
#194 = DIRECTION ( 'NONE',  ( -0.000000000000000000, 6.123233995736766036E-17, 1.000000000000000000 ) ) ;
#195 = ORIENTED_EDGE ( 'NONE', *, *, #1754, .F. ) ;
#196 = DIRECTION ( 'NONE',  ( -1.000000000000000000, 1.040834085585765582E-12, 0.000000000000000000 ) ) ;
#197 = CIRCLE ( 'NONE', #2205, 0.09999999999999999167 ) ;
#198 = VERTEX_POINT ( 'NONE', #1607 ) ;
#199 = DIRECTION ( 'NONE',  ( -0.000000000000000000, 5.130402227799399417E-26, -1.000000000000000000 ) ) ;
#200 = LINE ( 'NONE', #1188, #1785 ) ;
#201 = CARTESIAN_POINT ( 'NONE',  ( 239.8190945013654982, 159.6170652311782874, -0.2999999999999829470 ) ) ;
#202 = VECTOR ( 'NONE', #2126, 1000.000000000000114 ) ;
#203 = DIRECTION ( 'NONE',  ( 1.000000000000000000, 0.000000000000000000, 0.000000000000000000 ) ) ;
#204 = DIRECTION ( 'NONE',  ( -0.000000000000000000, 1.000000000000000000, -0.000000000000000000 ) ) ;
#205 = CARTESIAN_POINT ( 'NONE',  ( 238.6101487316979046, 159.4779784161246710, 0.4339021393448915243 ) ) ;
#206 = CIRCLE ( 'NONE', #670, 0.1599999999999965894 ) ;
#207 = AXIS2_PLACEMENT_3D ( 'NONE', #2525, #1779, #2768 ) ;
#208 = DIRECTION ( 'NONE',  ( -0.000000000000000000, 1.000000000000000000, -6.123233995736766036E-17 ) ) ;
#209 = CARTESIAN_POINT ( 'NONE',  ( 239.5642848774430718, 159.9170652311782703, -2.842170943040400743E-14 ) ) ;
#210 = DIRECTION ( 'NONE',  ( 0.000000000000000000, 0.000000000000000000, -1.000000000000000000 ) ) ;
#211 = VECTOR ( 'NONE', #531, 1000.000000000000000 ) ;
#212 = ORIENTED_EDGE ( 'NONE', *, *, #1054, .T. ) ;
#213 = DIRECTION ( 'NONE',  ( 1.000000000000000000, 0.000000000000000000, 0.000000000000000000 ) ) ;
#214 = ORIENTED_EDGE ( 'NONE', *, *, #1085, .T. ) ;
#215 = FACE_OUTER_BOUND ( 'NONE', #3197, .T. ) ;
#216 = PLANE ( 'NONE',  #1883 ) ;
#217 = DIRECTION ( 'NONE',  ( 1.000000000000000000, 0.000000000000000000, -0.000000000000000000 ) ) ;
#218 = LINE ( 'NONE', #363, #3141 ) ;
#219 = AXIS2_PLACEMENT_3D ( 'NONE', #2300, #1042, #1580 ) ;
#220 = DIRECTION ( 'NONE',  ( 0.000000000000000000, -1.000000000000000000, 9.035018104046029699E-17 ) ) ;
#221 = CARTESIAN_POINT ( 'NONE',  ( 239.4073188080789123, 161.2767353075592496, -0.2800000000000000266 ) ) ;
#222 = DIRECTION ( 'NONE',  ( 0.000000000000000000, 0.000000000000000000, -1.000000000000000000 ) ) ;
#223 = VERTEX_POINT ( 'NONE', #108 ) ;
#224 = PERSON_AND_ORGANIZATION ( #2358, #662 ) ;
#225 = ORIENTED_EDGE ( 'NONE', *, *, #2212, .T. ) ;
#226 = CARTESIAN_POINT ( 'NONE',  ( 238.4976487316980922, 160.0370652311781328, 0.000000000000000000 ) ) ;
#227 = DIRECTION ( 'NONE',  ( -0.5000000000002262635, -0.8660254037843080344, 0.000000000000000000 ) ) ;
#228 = AXIS2_PLACEMENT_3D ( 'NONE', #2021, #1990, #2740 ) ;
#229 = DIRECTION ( 'NONE',  ( 0.1376971287151652068, -0.1376971287151024514, -0.9808562593403865604 ) ) ;
#230 = CARTESIAN_POINT ( 'NONE',  ( 238.4976487316980638, 160.4170652311782135, 0.000000000000000000 ) ) ;
#231 = ORIENTED_EDGE ( 'NONE', *, *, #925, .T. ) ;
#232 = AXIS2_PLACEMENT_3D ( 'NONE', #567, #2997, #2786 ) ;
#233 = ORIENTED_EDGE ( 'NONE', *, *, #1507, .F. ) ;
#234 = DIRECTION ( 'NONE',  ( 0.000000000000000000, -1.000000000000000000, 6.123233995736766036E-17 ) ) ;
#235 = CARTESIAN_POINT ( 'NONE',  ( 239.1741398381034003, 160.9870652311783772, 0.000000000000000000 ) ) ;
#236 = CIRCLE ( 'NONE', #3179, 0.1600000000000250389 ) ;
#237 = ORIENTED_EDGE ( 'NONE', *, *, #1471, .F. ) ;
#238 = DATE_AND_TIME ( #1955, #1582 ) ;
#239 = EDGE_CURVE ( 'NONE', #3108, #2811, #381, .T. ) ;
#240 = ORIENTED_EDGE ( 'NONE', *, *, #1649, .F. ) ;
#241 = EDGE_CURVE ( 'NONE', #1173, #591, #1842, .T. ) ;
#242 = LINE ( 'NONE', #1485, #1788 ) ;
#243 = LINE ( 'NONE', #2986, #2340 ) ;
#244 = EDGE_CURVE ( 'NONE', #3112, #93, #1269, .T. ) ;
#245 = AXIS2_PLACEMENT_3D ( 'NONE', #2952, #2180, #213 ) ;
#246 = AXIS2_PLACEMENT_3D ( 'NONE', #2826, #94, #2859 ) ;
#247 = CARTESIAN_POINT ( 'NONE',  ( 239.7469678947185798, 159.9170652311782703, -0.4600000000000079581 ) ) ;
#248 = CARTESIAN_POINT ( 'NONE',  ( 238.2810125859528512, 160.5670652311782476, 0.000000000000000000 ) ) ;
#249 = ADVANCED_BREP_SHAPE_REPRESENTATION ( '3D SOT-323', ( #2752, #538, #1681, #638, #245 ), #2043 ) ;
#250 = PRODUCT_DEFINITION ( 'UNKNOWN', '', #91, #1367 ) ;
#251 = EDGE_LOOP ( 'NONE', ( #2325, #777, #899, #1049 ) ) ;
#252 = CARTESIAN_POINT ( 'NONE',  ( 239.3176487316980570, 161.1870652311783942, 0.000000000000000000 ) ) ;
#253 = AXIS2_PLACEMENT_3D ( 'NONE', #1686, #2900, #1270 ) ;
#254 = AXIS2_PLACEMENT_3D ( 'NONE', #552, #2508, #1292 ) ;
#255 = FACE_OUTER_BOUND ( 'NONE', #28, .T. ) ;
#256 = EDGE_LOOP ( 'NONE', ( #1908, #1365, #935, #2838 ) ) ;
#257 = COORDINATED_UNIVERSAL_TIME_OFFSET ( 8, 0, .AHEAD. ) ;
#258 = ORIENTED_EDGE ( 'NONE', *, *, #90, .T. ) ;
#259 = VECTOR ( 'NONE', #786, 1000.000000000000000 ) ;
#260 = FACE_OUTER_BOUND ( 'NONE', #407, .T. ) ;
#261 = CARTESIAN_POINT ( 'NONE',  ( 239.9726487316978876, 161.2170652311782248, -0.4600000000000363798 ) ) ;
#262 = DIRECTION ( 'NONE',  ( -1.000000000000000000, -0.000000000000000000, -0.000000000000000000 ) ) ;
#263 = ADVANCED_FACE ( 'NONE', ( #1944 ), #2926, .T. ) ;
#264 = CARTESIAN_POINT ( 'NONE',  ( 238.8404969156283641, 160.4170652311782135, -0.1100000000000000006 ) ) ;
#265 = CARTESIAN_POINT ( 'NONE',  ( 238.6101487316979046, 159.4535652311781746, 0.2600000000000000089 ) ) ;
#266 = EDGE_CURVE ( 'NONE', #1598, #2342, #2167, .T. ) ;
#267 = DIRECTION ( 'NONE',  ( 0.000000000000000000, 0.000000000000000000, -1.000000000000000000 ) ) ;
#268 = AXIS2_PLACEMENT_3D ( 'NONE', #1879, #890, #658 ) ;
#269 = EDGE_CURVE ( 'NONE', #1317, #3109, #754, .T. ) ;
#270 = DIRECTION ( 'NONE',  ( 0.000000000000000000, 0.000000000000000000, 1.000000000000000000 ) ) ;
#271 = ORIENTED_EDGE ( 'NONE', *, *, #2669, .T. ) ;
#272 = ORIENTED_EDGE ( 'NONE', *, *, #1744, .F. ) ;
#273 = APPROVAL_DATE_TIME ( #1996, #1392 ) ;
#274 = ORIENTED_EDGE ( 'NONE', *, *, #3014, .T. ) ;
#275 = CARTESIAN_POINT ( 'NONE',  ( 239.7707913019712294, 159.9170652311782703, -0.3129151433707306751 ) ) ;
#276 = CARTESIAN_POINT ( 'NONE',  ( 239.9726487316978876, 161.2170652311782248, -0.3500000000000227374 ) ) ;
#277 = PLANE ( 'NONE',  #1520 ) ;
#278 = LINE ( 'NONE', #1236, #7 ) ;
#279 = CARTESIAN_POINT ( 'NONE',  ( 238.2976487318197769, 159.5160927195109934, -1.720104150797306472E-06 ) ) ;
#280 = CARTESIAN_POINT ( 'NONE',  ( 239.9726487316978876, 160.9170652311782419, -0.3500000000000227374 ) ) ;
#281 = ADVANCED_FACE ( 'NONE', ( #215 ), #2214, .T. ) ;
#282 = VECTOR ( 'NONE', #227, 1000.000000000000114 ) ;
#283 = ADVANCED_FACE ( 'NONE', ( #260 ), #2406, .F. ) ;
#284 = CARTESIAN_POINT ( 'NONE',  ( 239.3476487316982286, 160.7170652311781964, 0.000000000000000000 ) ) ;
#285 = EDGE_LOOP ( 'NONE', ( #1573, #3056, #2642, #1612 ) ) ;
#286 = ORIENTED_EDGE ( 'NONE', *, *, #909, .T. ) ;
#287 = VERTEX_POINT ( 'NONE', #2182 ) ;
#288 = CIRCLE ( 'NONE', #137, 0.07999999999991347366 ) ;
#289 = CARTESIAN_POINT ( 'NONE',  ( 238.3639311400050644, 161.3456813163049333, -0.3785308875277827445 ) ) ;
#290 = LINE ( 'NONE', #566, #351 ) ;
#291 = CARTESIAN_POINT ( 'NONE',  ( 239.5642848774427023, 159.6170652311782874, -0.1100000000000141420 ) ) ;
#292 =( BOUNDED_CURVE ( )  B_SPLINE_CURVE ( 3, ( #1209, #1222, #1009, #3186 ),
 .UNSPECIFIED., .F., .T. ) 
 B_SPLINE_CURVE_WITH_KNOTS ( ( 4, 4 ),
 ( 1.570796326794893893, 2.346530414571901701 ),
 .UNSPECIFIED. ) 
 CURVE ( )  GEOMETRIC_REPRESENTATION_ITEM ( )  RATIONAL_B_SPLINE_CURVE ( ( 1.000000000000000000, 0.9504785870060530328, 0.9504785870060530328, 1.000000000000000000 ) ) 
 REPRESENTATION_ITEM ( '' )  );
#293 = EDGE_CURVE ( 'NONE', #1301, #1258, #1233, .T. ) ;
#294 = CARTESIAN_POINT ( 'NONE',  ( 238.3585619166443905, 161.2571231084325518, 0.4339021393448875275 ) ) ;
#295 = DIRECTION ( 'NONE',  ( 0.9902700501491653595, 0.000000000000000000, 0.1391590017841808635 ) ) ;
#296 = CLOSED_SHELL ( 'NONE', ( #2326, #1456, #934, #281, #2924, #2302, #68, #1622, #2906, #2459, #1626, #1623, #595, #2563, #2673, #30, #2741, #838, #1251, #1826, #975, #1510 ) ) ;
#297 = EDGE_CURVE ( 'NONE', #1173, #2860, #2454, .T. ) ;
#298 = VECTOR ( 'NONE', #1633, 1000.000000000000000 ) ;
#299 = DIRECTION ( 'NONE',  ( -0.000000000000000000, 1.000000000000000000, -6.123233995736766036E-17 ) ) ;
#300 = EDGE_CURVE ( 'NONE', #2342, #626, #706, .T. ) ;
#301 = AXIS2_PLACEMENT_3D ( 'NONE', #442, #1180, #2570 ) ;
#302 = DIRECTION ( 'NONE',  ( -1.000000000000000000, 0.000000000000000000, 0.000000000000000000 ) ) ;
#303 = EDGE_LOOP ( 'NONE', ( #2510, #2519, #792, #1912, #976 ) ) ;
#304 = VECTOR ( 'NONE', #1533, 1000.000000000000000 ) ;
#305 = VERTEX_POINT ( 'NONE', #1441 ) ;
#306 = CARTESIAN_POINT ( 'NONE',  ( 238.1264423478916399, 160.5670652311782476, -0.1186715412137627629 ) ) ;
#307 = PLANE ( 'NONE',  #2676 ) ;
#308 = DIRECTION ( 'NONE',  ( 0.000000000000000000, -0.000000000000000000, -1.000000000000000000 ) ) ;
#309 = EDGE_CURVE ( 'NONE', #1713, #1805, #2425, .T. ) ;
#310 = ORIENTED_EDGE ( 'NONE', *, *, #1503, .T. ) ;
#311 = CARTESIAN_POINT ( 'NONE',  ( 238.2327093865589234, 160.5670652311783044, -0.1470848566293625481 ) ) ;
#312 = CARTESIAN_POINT ( 'NONE',  ( 238.0745061614245515, 160.5670652311781623, -0.3129151433707306751 ) ) ;
#313 = VECTOR ( 'NONE', #1297, 1000.000000000000227 ) ;
#314 = ORIENTED_EDGE ( 'NONE', *, *, #379, .F. ) ;
#315 = CARTESIAN_POINT ( 'NONE',  ( 239.4438367532334269, 159.8370652311782010, -4.930380657619369572E-34 ) ) ;
#316 = DIRECTION ( 'NONE',  ( -0.000000000000000000, -0.000000000000000000, 1.000000000000000000 ) ) ;
#317 = ORIENTED_EDGE ( 'NONE', *, *, #2125, .T. ) ;
#318 = ORIENTED_EDGE ( 'NONE', *, *, #2929, .T. ) ;
#319 = ORIENTED_EDGE ( 'NONE', *, *, #937, .T. ) ;
#320 = DIRECTION ( 'NONE',  ( -1.000000000000000000, 9.552071512997443458E-45, 1.559971496624811041E-28 ) ) ;
#321 = CARTESIAN_POINT ( 'NONE',  ( 239.4996054173329014, 159.4802784560211251, -0.3150486454529148328 ) ) ;
#322 = VERTEX_POINT ( 'NONE', #1971 ) ;
#323 = EDGE_CURVE ( 'NONE', #2467, #87, #242, .T. ) ;
#324 = DIRECTION ( 'NONE',  ( 0.000000000000000000, 0.000000000000000000, -1.000000000000000000 ) ) ;
#325 = LINE ( 'NONE', #1844, #647 ) ;
#326 = ORIENTED_EDGE ( 'NONE', *, *, #1588, .T. ) ;
#327 = CARTESIAN_POINT ( 'NONE',  ( 238.4379786553168401, 159.5573951547971205, -0.3800000000000000044 ) ) ;
#328 = LINE ( 'NONE', #830, #930 ) ;
#329 = AXIS2_PLACEMENT_3D ( 'NONE', #1519, #1976, #743 ) ;
#330 = ORIENTED_EDGE ( 'NONE', *, *, #1529, .T. ) ;
#331 = PLANE ( 'NONE',  #2609 ) ;
#332 = EDGE_LOOP ( 'NONE', ( #681, #847, #1837, #2179 ) ) ;
#333 = LINE ( 'NONE', #1821, #2160 ) ;
#334 = DIRECTION ( 'NONE',  ( 0.000000000000000000, -1.000000000000000000, -0.000000000000000000 ) ) ;
#335 = ADVANCED_FACE ( 'NONE', ( #958 ), #921, .T. ) ;
#336 = ORIENTED_EDGE ( 'NONE', *, *, #2282, .T. ) ;
#337 = CARTESIAN_POINT ( 'NONE',  ( 239.4338382320840708, 159.5370652311782180, -0.1099999999999852207 ) ) ;
#338 = LINE ( 'NONE', #2048, #1730 ) ;
#339 = ORIENTED_EDGE ( 'NONE', *, *, #1649, .T. ) ;
#340 = DIRECTION ( 'NONE',  ( 0.1376971287150443313, -0.1376971287151070866, 0.9808562593404028807 ) ) ;
#341 = VECTOR ( 'NONE', #1560, 1000.000000000000227 ) ;
#342 = DIRECTION ( 'NONE',  ( -0.9902700501491624729, 0.000000000000000000, -0.1391590017842005145 ) ) ;
#343 = ADVANCED_FACE ( 'NONE', ( #2697 ), #1706, .T. ) ;
#344 = ORIENTED_EDGE ( 'NONE', *, *, #669, .F. ) ;
#345 = PLANE ( 'NONE',  #246 ) ;
#346 = AXIS2_PLACEMENT_3D ( 'NONE', #2120, #3099, #480 ) ;
#347 = ORIENTED_EDGE ( 'NONE', *, *, #1079, .F. ) ;
#348 = ORIENTED_EDGE ( 'NONE', *, *, #1977, .T. ) ;
#349 = CIRCLE ( 'NONE', #2255, 0.05000000000007575468 ) ;
#350 = EDGE_LOOP ( 'NONE', ( #2181, #1321, #1984, #1068 ) ) ;
#351 = VECTOR ( 'NONE', #320, 1000.000000000000000 ) ;
#352 = DIRECTION ( 'NONE',  ( 0.2583028674141435999, 0.000000000000000000, -0.9660639878836345673 ) ) ;
#353 = CARTESIAN_POINT ( 'NONE',  ( 239.4025994591210633, 159.5574432639061797, -0.3798885650659333812 ) ) ;
#354 = ORIENTED_EDGE ( 'NONE', *, *, #2206, .T. ) ;
#355 = LINE ( 'NONE', #2080, #432 ) ;
#356 = DIRECTION ( 'NONE',  ( 0.1376971287151273204, -0.1376971287151273482, 0.9808562593403884478 ) ) ;
#357 = EDGE_CURVE ( 'NONE', #1139, #2046, #2438, .T. ) ;
#358 = VERTEX_POINT ( 'NONE', #226 ) ;
#359 = EDGE_CURVE ( 'NONE', #492, #2842, #1957, .T. ) ;
#360 = DIRECTION ( 'NONE',  ( -1.000000000000000000, 0.000000000000000000, 0.000000000000000000 ) ) ;
#361 = VECTOR ( 'NONE', #37, 1000.000000000000000 ) ;
#362 = VERTEX_POINT ( 'NONE', #2229 ) ;
#363 = CARTESIAN_POINT ( 'NONE',  ( 237.8726487316978364, 160.5670652311781623, -0.4600000000000363798 ) ) ;
#364 = EDGE_LOOP ( 'NONE', ( #2535, #1002, #1333, #568 ) ) ;
#365 = FACE_OUTER_BOUND ( 'NONE', #1901, .T. ) ;
#366 = EDGE_CURVE ( 'NONE', #1097, #2450, #1281, .T. ) ;
#367 = ORIENTED_EDGE ( 'NONE', *, *, #2910, .T. ) ;
#368 = ORIENTED_EDGE ( 'NONE', *, *, #309, .T. ) ;
#369 = CARTESIAN_POINT ( 'NONE',  ( 239.5063458130938159, 160.9170652311781851, -0.2939159001784122371 ) ) ;
#370 = VERTEX_POINT ( 'NONE', #2941 ) ;
#371 = CARTESIAN_POINT ( 'NONE',  ( 238.3935109752001438, 159.4754121595426284, -0.3431069562255045224 ) ) ;
#372 = FACE_OUTER_BOUND ( 'NONE', #2464, .T. ) ;
#373 = EDGE_LOOP ( 'NONE', ( #121, #764, #2894, #119 ) ) ;
#374 = DIRECTION ( 'NONE',  ( 0.000000000000000000, -0.000000000000000000, -1.000000000000000000 ) ) ;
#375 = FACE_OUTER_BOUND ( 'NONE', #1495, .T. ) ;
#376 = CARTESIAN_POINT ( 'NONE',  ( 239.4696977108566500, 159.5325325413434143, 0.4830967129953576134 ) ) ;
#377 = ORIENTED_EDGE ( 'NONE', *, *, #962, .F. ) ;
#378 = CARTESIAN_POINT ( 'NONE',  ( 239.7469678947185798, 160.9170652311782419, -0.2665375653817250168 ) ) ;
#379 = EDGE_CURVE ( 'NONE', #198, #2799, #2483, .T. ) ;
#380 = EDGE_CURVE ( 'NONE', #93, #2073, #2966, .T. ) ;
#381 = LINE ( 'NONE', #2072, #2972 ) ;
#382 = ORIENTED_EDGE ( 'NONE', *, *, #3117, .T. ) ;
#383 = EDGE_CURVE ( 'NONE', #2807, #1087, #236, .T. ) ;
#384 = EDGE_LOOP ( 'NONE', ( #1424, #2158, #803, #2514, #2783 ) ) ;
#385 = AXIS2_PLACEMENT_3D ( 'NONE', #759, #514, #295 ) ;
#386 = CARTESIAN_POINT ( 'NONE',  ( 238.5776487316981331, 159.5670652311783329, -1.420013905457357001E-14 ) ) ;
#387 = EDGE_CURVE ( 'NONE', #1578, #1131, #2015, .T. ) ;
#388 = VERTEX_POINT ( 'NONE', #306 ) ;
#389 = LINE ( 'NONE', #2537, #469 ) ;
#390 = LINE ( 'NONE', #1371, #721 ) ;
#391 = VECTOR ( 'NONE', #783, 1000.000000000000000 ) ;
#392 = VERTEX_POINT ( 'NONE', #2766 ) ;
#393 = CARTESIAN_POINT ( 'NONE',  ( 238.2976487317071701, 161.3180382261540160, -6.579356200478447825E-11 ) ) ;
#394 = CARTESIAN_POINT ( 'NONE',  ( 238.2921687382429639, 160.5670652311783044, 0.000000000000000000 ) ) ;
#395 = ADVANCED_FACE ( 'NONE', ( #2240 ), #2524, .T. ) ;
#396 = AXIS2_PLACEMENT_3D ( 'NONE', #2376, #157, #1680 ) ;
#397 = FACE_OUTER_BOUND ( 'NONE', #859, .T. ) ;
#398 = DIRECTION ( 'NONE',  ( -1.000000000000000000, -0.000000000000000000, -0.000000000000000000 ) ) ;
#399 =( BOUNDED_CURVE ( )  B_SPLINE_CURVE ( 3, ( #3170, #52, #2061, #1781 ),
 .UNSPECIFIED., .F., .T. ) 
 B_SPLINE_CURVE_WITH_KNOTS ( ( 4, 4 ),
 ( 3.936654892607693856, 4.712388980384673687 ),
 .UNSPECIFIED. ) 
 CURVE ( )  GEOMETRIC_REPRESENTATION_ITEM ( )  RATIONAL_B_SPLINE_CURVE ( ( 1.000000000000000000, 0.9504785870060563635, 0.9504785870060563635, 1.000000000000000000 ) ) 
 REPRESENTATION_ITEM ( '' )  );
#400 = CYLINDRICAL_SURFACE ( 'NONE', #2671, 0.09999999999999034661 ) ;
#401 = CARTESIAN_POINT ( 'NONE',  ( 239.4073188080789123, 159.5573951547971205, -0.3799999999999961187 ) ) ;
#402 = EDGE_CURVE ( 'NONE', #2824, #10, #288, .T. ) ;
#403 = ORIENTED_EDGE ( 'NONE', *, *, #880, .F. ) ;
#404 = ORIENTED_EDGE ( 'NONE', *, *, #2974, .F. ) ;
#405 = EDGE_CURVE ( 'NONE', #2221, #571, #1933, .T. ) ;
#406 = DIRECTION ( 'NONE',  ( 0.9902700501491654705, 0.000000000000000000, 0.1391590017841786986 ) ) ;
#407 = EDGE_LOOP ( 'NONE', ( #240, #425, #2765, #314 ) ) ;
#408 = DIRECTION ( 'NONE',  ( 0.000000000000000000, -0.9902700501491700225, -0.1391590017841477234 ) ) ;
#409 = DIRECTION ( 'NONE',  ( -0.000000000000000000, -0.000000000000000000, 1.000000000000000000 ) ) ;
#410 = VECTOR ( 'NONE', #2690, 1000.000000000000000 ) ;
#411 = AXIS2_PLACEMENT_3D ( 'NONE', #1330, #1544, #302 ) ;
#412 = CARTESIAN_POINT ( 'NONE',  ( 239.8190945013654130, 159.9170652311782703, -0.4600000000000079581 ) ) ;
#413 = CARTESIAN_POINT ( 'NONE',  ( 239.4073188080789123, 161.2767353075592496, -0.2800000000000085754 ) ) ;
#414 = EDGE_CURVE ( 'NONE', #2678, #577, #2029, .T. ) ;
#415 = VECTOR ( 'NONE', #1005, 1000.000000000000000 ) ;
#416 = DIRECTION ( 'NONE',  ( 1.734723475976535979E-13, 0.000000000000000000, -1.000000000000000000 ) ) ;
#417 = ORIENTED_EDGE ( 'NONE', *, *, #2961, .T. ) ;
#418 = CARTESIAN_POINT ( 'NONE',  ( 239.7188551155040557, 159.9170652311782703, -0.1186715412137997333 ) ) ;
#419 = DIRECTION ( 'NONE',  ( -1.000000000000000000, 0.000000000000000000, -0.000000000000000000 ) ) ;
#420 = DIRECTION ( 'NONE',  ( 1.734723475976535979E-13, 0.000000000000000000, -1.000000000000000000 ) ) ;
#421 = ORIENTED_EDGE ( 'NONE', *, *, #729, .T. ) ;
#422 = ORIENTED_EDGE ( 'NONE', *, *, #2910, .F. ) ;
#423 = APPLICATION_CONTEXT ( 'configuration controlled 3d designs of mechanical parts and assemblies' ) ;
#424 = DIRECTION ( 'NONE',  ( -1.527974042746892972E-17, 1.000000000000000000, -4.085444458396363020E-18 ) ) ;
#425 = ORIENTED_EDGE ( 'NONE', *, *, #1880, .T. ) ;
#426 = CARTESIAN_POINT ( 'NONE',  ( 238.4976487316980922, 160.9670652311781964, -2.840640134379189662E-14 ) ) ;
#427 = CARTESIAN_POINT ( 'NONE',  ( 239.4073645855407619, 161.3038192667517023, -0.3949230849491633943 ) ) ;
#428 = AXIS2_PLACEMENT_3D ( 'NONE', #2962, #222, #716 ) ;
#429 = ORIENTED_EDGE ( 'NONE', *, *, #1266, .T. ) ;
#430 = CARTESIAN_POINT ( 'NONE',  ( 239.5476487315760323, 161.3180377428453767, -1.720104127565155727E-06 ) ) ;
#431 = LINE ( 'NONE', #959, #1218 ) ;
#432 = VECTOR ( 'NONE', #796, 1000.000000000000000 ) ;
#433 = ADVANCED_FACE ( 'NONE', ( #525 ), #2917, .T. ) ;
#434 = FACE_OUTER_BOUND ( 'NONE', #942, .T. ) ;
#435 = CARTESIAN_POINT ( 'NONE',  ( 239.3877066089521861, 161.3561520462316992, 0.4339021393448690977 ) ) ;
#436 = ORIENTED_EDGE ( 'NONE', *, *, #1739, .T. ) ;
#437 = CARTESIAN_POINT ( 'NONE',  ( 238.5776487316981047, 161.1870652311782237, 0.000000000000000000 ) ) ;
#438 = DIRECTION ( 'NONE',  ( 0.000000000000000000, 0.000000000000000000, -1.000000000000000000 ) ) ;
#439 = DIRECTION ( 'NONE',  ( -0.000000000000000000, -1.000000000000000000, 6.123233995736766036E-17 ) ) ;
#440 = ORIENTED_EDGE ( 'NONE', *, *, #2578, .F. ) ;
#441 = ORIENTED_EDGE ( 'NONE', *, *, #2891, .T. ) ;
#442 = CARTESIAN_POINT ( 'NONE',  ( 238.4976487316980922, 159.6470652311782885, 0.000000000000000000 ) ) ;
#443 = ORIENTED_EDGE ( 'NONE', *, *, #947, .T. ) ;
#444 = FACE_OUTER_BOUND ( 'NONE', #1254, .T. ) ;
#445 = ORIENTED_EDGE ( 'NONE', *, *, #1829, .F. ) ;
#446 = CARTESIAN_POINT ( 'NONE',  ( 239.2648581697845032, 161.0670652311784750, 9.530488436369986813E-34 ) ) ;
#447 = CARTESIAN_POINT ( 'NONE',  ( 239.8190945013654130, 161.2170652311782248, -0.3000000000000113687 ) ) ;
#448 = CARTESIAN_POINT ( 'NONE',  ( 239.6645242633040311, 159.9170652311782703, -0.3413284587862603914 ) ) ;
#449 = VECTOR ( 'NONE', #688, 1000.000000000000000 ) ;
#450 = CARTESIAN_POINT ( 'NONE',  ( 239.7188551155040557, 159.6170652311782874, -0.1186715412137997194 ) ) ;
#451 = LINE ( 'NONE', #1430, #2303 ) ;
#452 = LINE ( 'NONE', #2874, #806 ) ;
#453 = AXIS2_PLACEMENT_3D ( 'NONE', #509, #2680, #1470 ) ;
#454 = CARTESIAN_POINT ( 'NONE',  ( 239.4486197938987289, 159.4170652311781851, 2.439454888092384977E-15 ) ) ;
#455 = ORIENTED_EDGE ( 'NONE', *, *, #2296, .F. ) ;
#456 = EDGE_CURVE ( 'NONE', #1547, #1340, #2582, .T. ) ;
#457 = DIRECTION ( 'NONE',  ( -1.000000000000000000, 0.000000000000000000, 0.000000000000000000 ) ) ;
#458 = ORIENTED_EDGE ( 'NONE', *, *, #2023, .F. ) ;
#459 = VECTOR ( 'NONE', #191, 1000.000000000000000 ) ;
#460 = DATE_AND_TIME ( #719, #3076 ) ;
#461 = EDGE_LOOP ( 'NONE', ( #2239, #1280, #2695, #2299 ) ) ;
#462 = CIRCLE ( 'NONE', #2461, 0.05000000000007575468 ) ;
#463 = CARTESIAN_POINT ( 'NONE',  ( 239.5642848774426170, 161.2170652311782248, -0.1600000000001102762 ) ) ;
#464 = CARTESIAN_POINT ( 'NONE',  ( 239.7707913019712294, 161.2170652311782248, -0.3129151433707306751 ) ) ;
#465 = CARTESIAN_POINT ( 'NONE',  ( 238.1807732000917213, 160.2670652311781794, -0.3413284587862542296 ) ) ;
#466 = VECTOR ( 'NONE', #2174, 1000.000000000000000 ) ;
#467 = DIRECTION ( 'NONE',  ( 0.000000000000000000, 1.000000000000000000, 0.000000000000000000 ) ) ;
#468 = DIRECTION ( 'NONE',  ( 1.000000000000000000, 9.398886279226681713E-13, 0.000000000000000000 ) ) ;
#469 = VECTOR ( 'NONE', #131, 1000.000000000000000 ) ;
#470 = EDGE_CURVE ( 'NONE', #2221, #1591, #659, .T. ) ;
#471 = CARTESIAN_POINT ( 'NONE',  ( 239.0258158683615761, 160.9670652311782533, 6.162975822052688242E-34 ) ) ;
#472 =( BOUNDED_CURVE ( )  B_SPLINE_CURVE ( 3, ( #579, #99, #2254, #2045 ),
 .UNSPECIFIED., .F., .F. ) 
 B_SPLINE_CURVE_WITH_KNOTS ( ( 4, 4 ),
 ( 4.712388980384682569, 5.367978076022198231 ),
 .UNSPECIFIED. ) 
 CURVE ( )  GEOMETRIC_REPRESENTATION_ITEM ( )  RATIONAL_B_SPLINE_CURVE ( ( 1.000000000000000000, 0.9645031357130898764, 0.9645031357130898764, 1.000000000000000000 ) ) 
 REPRESENTATION_ITEM ( '' )  );
#473 = CARTESIAN_POINT ( 'NONE',  ( 239.3757434818910497, 161.2420652311782874, 0.000000000000000000 ) ) ;
#474 = CARTESIAN_POINT ( 'NONE',  ( 239.7469678947185798, 159.6170652311782874, -0.3500000000000227374 ) ) ;
#475 = CIRCLE ( 'NONE', #2684, 0.08000000000002449596 ) ;
#476 = ORIENTED_EDGE ( 'NONE', *, *, #3103, .T. ) ;
#477 = PERSON_AND_ORGANIZATION ( #2358, #662 ) ;
#478 = ORIENTED_EDGE ( 'NONE', *, *, #592, .T. ) ;
#479 = DIRECTION ( 'NONE',  ( 1.000000000000000000, 0.000000000000000000, 0.000000000000000000 ) ) ;
#480 = DIRECTION ( 'NONE',  ( -1.000000000000000000, 0.000000000000000000, 0.000000000000000000 ) ) ;
#481 = DIRECTION ( 'NONE',  ( -1.000000000000000000, 0.000000000000000000, 2.547626519586653133E-12 ) ) ;
#482 = CARTESIAN_POINT ( 'NONE',  ( 239.8190945013654130, 161.2170652311782248, -0.4600000000000079581 ) ) ;
#483 = CARTESIAN_POINT ( 'NONE',  ( 239.6125880768368290, 161.2170652311782248, -0.1470848566293625481 ) ) ;
#484 = ORIENTED_EDGE ( 'NONE', *, *, #909, .F. ) ;
#485 = DIRECTION ( 'NONE',  ( 0.000000000000000000, 0.000000000000000000, -1.000000000000000000 ) ) ;
#486 = EDGE_CURVE ( 'NONE', #2269, #917, #3067, .T. ) ;
#487 = DIRECTION ( 'NONE',  ( -0.000000000000000000, -0.000000000000000000, -1.000000000000000000 ) ) ;
#488 =( BOUNDED_CURVE ( )  B_SPLINE_CURVE ( 3, ( #1562, #113, #371, #1183 ),
 .UNSPECIFIED., .F., .T. ) 
 B_SPLINE_CURVE_WITH_KNOTS ( ( 4, 4 ),
 ( 1.570796326794920983, 2.346511271018656419 ),
 .UNSPECIFIED. ) 
 CURVE ( )  GEOMETRIC_REPRESENTATION_ITEM ( )  RATIONAL_B_SPLINE_CURVE ( ( 1.000000000000000000, 0.9504810004359258713, 0.9504810004359258713, 1.000000000000000000 ) ) 
 REPRESENTATION_ITEM ( '' )  );
#489 = ADVANCED_FACE ( 'NONE', ( #2855 ), #3088, .T. ) ;
#490 = EDGE_LOOP ( 'NONE', ( #779, #1647, #2505, #1631 ) ) ;
#491 = PERSON_AND_ORGANIZATION_ROLE ( 'design_owner' ) ;
#492 = VERTEX_POINT ( 'NONE', #3160 ) ;
#493 = CARTESIAN_POINT ( 'NONE',  ( 239.2676487316981593, 160.7170652311781680, 0.000000000000000000 ) ) ;
#494 = DIRECTION ( 'NONE',  ( -0.9902700501491674689, 0.000000000000000000, 0.1391590017841659588 ) ) ;
#495 = AXIS2_PLACEMENT_3D ( 'NONE', #2869, #2611, #1617 ) ;
#496 = CC_DESIGN_PERSON_AND_ORGANIZATION_ASSIGNMENT ( #1230, #491, ( #602 ) ) ;
#497 = LINE ( 'NONE', #247, #2377 ) ;
#498 = CARTESIAN_POINT ( 'NONE',  ( 239.0999778532325877, 159.8170652311781055, 0.000000000000000000 ) ) ;
#499 = VERTEX_POINT ( 'NONE', #418 ) ;
#500 = AXIS2_PLACEMENT_3D ( 'NONE', #1459, #1749, #1502 ) ;
#501 = VERTEX_POINT ( 'NONE', #1920 ) ;
#502 = CARTESIAN_POINT ( 'NONE',  ( 238.3966282225757993, 161.3180857403003188, 0.4992688937462449461 ) ) ;
#503 = CARTESIAN_POINT ( 'NONE',  ( 239.5642848774428444, 160.9170652311783272, -2.840471832279495007E-14 ) ) ;
#504 = EDGE_CURVE ( 'NONE', #1355, #2342, #2659, .T. ) ;
#505 = VERTEX_POINT ( 'NONE', #993 ) ;
#506 = APPROVAL_ROLE ( '' ) ;
#507 = ADVANCED_FACE ( 'NONE', ( #1361 ), #1377, .T. ) ;
#508 = VERTEX_POINT ( 'NONE', #2124 ) ;
#509 = CARTESIAN_POINT ( 'NONE',  ( 238.3341487316978942, 160.9170652311781851, 0.2600000000000000089 ) ) ;
#510 = FACE_OUTER_BOUND ( 'NONE', #332, .T. ) ;
#511 = CARTESIAN_POINT ( 'NONE',  ( 239.3476487316982002, 160.7170652311781964, 0.000000000000000000 ) ) ;
#512 = LOCAL_TIME ( 14, 8, 29.00000000000000000, #1942 ) ;
#513 = DIRECTION ( 'NONE',  ( -0.2583028674141292225, 0.000000000000000000, 0.9660639878836384531 ) ) ;
#514 = DIRECTION ( 'NONE',  ( -0.1378308382113133945, 0.1378308382113133945, 0.9808186988816708363 ) ) ;
#515 = EDGE_CURVE ( 'NONE', #63, #10, #2392, .T. ) ;
#516 = VECTOR ( 'NONE', #2586, 1000.000000000000114 ) ;
#517 = CARTESIAN_POINT ( 'NONE',  ( 238.4976487316980922, 159.6470652311783169, 0.000000000000000000 ) ) ;
#518 = CIRCLE ( 'NONE', #2558, 0.07999999999999674039 ) ;
#519 = DIRECTION ( 'NONE',  ( 0.000000000000000000, -1.000000000000000000, -0.000000000000000000 ) ) ;
#520 = ORIENTED_EDGE ( 'NONE', *, *, #300, .F. ) ;
#521 = ORIENTED_EDGE ( 'NONE', *, *, #1637, .F. ) ;
#522 = ORIENTED_EDGE ( 'NONE', *, *, #3103, .F. ) ;
#523 = CIRCLE ( 'NONE', #2616, 0.05000000000007578244 ) ;
#524 = AXIS2_PLACEMENT_3D ( 'NONE', #2037, #1044, #828 ) ;
#525 = FACE_OUTER_BOUND ( 'NONE', #1157, .T. ) ;
#526 = CARTESIAN_POINT ( 'NONE',  ( 239.8190945013653845, 161.2170652311782248, -0.4600000000000079581 ) ) ;
#527 = FACE_OUTER_BOUND ( 'NONE', #1759, .T. ) ;
#528 = PLANE ( 'NONE',  #2579 ) ;
#529 = LINE ( 'NONE', #230, #2031 ) ;
#530 = ADVANCED_FACE ( 'NONE', ( #1604 ), #879, .T. ) ;
#531 = DIRECTION ( 'NONE',  ( -1.000000000000000000, -0.000000000000000000, 0.000000000000000000 ) ) ;
#532 = AXIS2_PLACEMENT_3D ( 'NONE', #3018, #2270, #1518 ) ;
#533 = CARTESIAN_POINT ( 'NONE',  ( 238.4575908544435663, 159.5770073539238751, 0.5200000000000000178 ) ) ;
#534 = VERTEX_POINT ( 'NONE', #2173 ) ;
#535 = ORIENTED_EDGE ( 'NONE', *, *, #540, .F. ) ;
#536 = ORIENTED_EDGE ( 'NONE', *, *, #2545, .F. ) ;
#537 = CARTESIAN_POINT ( 'NONE',  ( 238.3384374124528620, 161.4170649521173573, -3.969622321411475101E-06 ) ) ;
#538 = MANIFOLD_SOLID_BREP ( '輸入2', #973 ) ;
#539 = CARTESIAN_POINT ( 'NONE',  ( 238.2327093865588949, 160.5670652311781623, -0.1470848566293651016 ) ) ;
#540 = EDGE_CURVE ( 'NONE', #2565, #2814, #452, .T. ) ;
#541 = DIRECTION ( 'NONE',  ( 0.000000000000000000, 0.9902700501491624729, -0.1391590017842005145 ) ) ;
#542 = DIRECTION ( 'NONE',  ( 4.736951571734718997E-14, 1.000000000000000000, 0.000000000000000000 ) ) ;
#543 = CARTESIAN_POINT ( 'NONE',  ( 239.0258158683616330, 160.9670652311782817, 9.860761315251351173E-34 ) ) ;
#544 = CARTESIAN_POINT ( 'NONE',  ( 239.8190945013654130, 159.6170652311782874, -0.3000000000000113687 ) ) ;
#545 = AXIS2_PLACEMENT_3D ( 'NONE', #2231, #994, #481 ) ;
#546 = DIRECTION ( 'NONE',  ( 0.000000000000000000, 1.000000000000000000, -9.035018104046029699E-17 ) ) ;
#547 = ORIENTED_EDGE ( 'NONE', *, *, #748, .F. ) ;
#548 = ORIENTED_EDGE ( 'NONE', *, *, #1204, .F. ) ;
#549 = ORIENTED_EDGE ( 'NONE', *, *, #486, .T. ) ;
#550 = VECTOR ( 'NONE', #1124, 1000.000000000000114 ) ;
#551 = CARTESIAN_POINT ( 'NONE',  ( 239.5642848774426739, 161.2170652311782248, -0.1600000000000534328 ) ) ;
#552 = CARTESIAN_POINT ( 'NONE',  ( 239.4338382320840708, 159.5370652311782180, 0.000000000000000000 ) ) ;
#553 = CARTESIAN_POINT ( 'NONE',  ( 239.4824640469026065, 159.4737378545513025, -0.2651511053883100488 ) ) ;
#554 = ORIENTED_EDGE ( 'NONE', *, *, #2518, .T. ) ;
#555 = DIRECTION ( 'NONE',  ( -0.000000000000000000, 1.000000000000000000, -6.123233995736766036E-17 ) ) ;
#556 = FACE_OUTER_BOUND ( 'NONE', #1482, .T. ) ;
#557 = DIRECTION ( 'NONE',  ( 0.000000000000000000, 0.000000000000000000, -1.000000000000000000 ) ) ;
#558 = AXIS2_PLACEMENT_3D ( 'NONE', #1450, #1644, #1903 ) ;
#559 = CARTESIAN_POINT ( 'NONE',  ( 239.2676487316981593, 160.0370652311781328, 0.000000000000000000 ) ) ;
#560 = ORIENTED_EDGE ( 'NONE', *, *, #1328, .F. ) ;
#561 = VECTOR ( 'NONE', #352, 1000.000000000000227 ) ;
#562 = ORIENTED_EDGE ( 'NONE', *, *, #2929, .F. ) ;
#563 = EDGE_CURVE ( 'NONE', #172, #2999, #2803, .T. ) ;
#564 = VERTEX_POINT ( 'NONE', #1972 ) ;
#565 = DIRECTION ( 'NONE',  ( 0.000000000000000000, 1.000000000000000000, 0.000000000000000000 ) ) ;
#566 = CARTESIAN_POINT ( 'NONE',  ( 239.5642848774430718, 161.2170652311782248, -2.842170943040400743E-14 ) ) ;
#567 = CARTESIAN_POINT ( 'NONE',  ( 239.7469678947185798, 159.9170652311782703, -0.2665375653817250168 ) ) ;
#568 = ORIENTED_EDGE ( 'NONE', *, *, #2608, .F. ) ;
#569 = CARTESIAN_POINT ( 'NONE',  ( 238.5776487316981331, 161.2670652311782362, 0.000000000000000000 ) ) ;
#570 = CARTESIAN_POINT ( 'NONE',  ( 239.3176487316981706, 159.5670652311782476, 6.840993825205512481E-46 ) ) ;
#571 = VERTEX_POINT ( 'NONE', #1642 ) ;
#572 = CARTESIAN_POINT ( 'NONE',  ( 238.4976487316980638, 160.6470652311783454, 0.000000000000000000 ) ) ;
#573 = DIRECTION ( 'NONE',  ( 0.000000000000000000, 0.000000000000000000, 1.000000000000000000 ) ) ;
#574 = ADVANCED_FACE ( 'NONE', ( #1865 ), #642, .T. ) ;
#575 = VERTEX_POINT ( 'NONE', #1395 ) ;
#576 = EDGE_CURVE ( 'NONE', #2348, #2746, #2361, .T. ) ;
#577 = VERTEX_POINT ( 'NONE', #1882 ) ;
#578 = FACE_OUTER_BOUND ( 'NONE', #2555, .T. ) ;
#579 = CARTESIAN_POINT ( 'NONE',  ( 239.3877066089521861, 159.5770073539238751, 0.5200000000000000178 ) ) ;
#580 = VERTEX_POINT ( 'NONE', #173 ) ;
#581 = FACE_OUTER_BOUND ( 'NONE', #303, .T. ) ;
#582 = CARTESIAN_POINT ( 'NONE',  ( 239.3341402020872692, 161.0270652311783692, 0.000000000000000000 ) ) ;
#583 = VERTEX_POINT ( 'NONE', #139 ) ;
#584 = EDGE_CURVE ( 'NONE', #1584, #2811, #2498, .T. ) ;
#585 = CARTESIAN_POINT ( 'NONE',  ( 238.3966776694971088, 161.4170652311781851, 2.439454888092384977E-15 ) ) ;
#586 = EDGE_CURVE ( 'NONE', #2012, #2492, #2574, .T. ) ;
#587 = DIRECTION ( 'NONE',  ( 0.000000000000000000, 1.000000000000000000, 0.000000000000000000 ) ) ;
#588 = AXIS2_PLACEMENT_3D ( 'NONE', #201, #1391, #1189 ) ;
#589 = ORIENTED_EDGE ( 'NONE', *, *, #1449, .T. ) ;
#590 = DIRECTION ( 'NONE',  ( -1.152231463394654412E-13, -1.000000000000000000, 0.000000000000000000 ) ) ;
#591 = VERTEX_POINT ( 'NONE', #1663 ) ;
#592 = EDGE_CURVE ( 'NONE', #705, #2437, #2985, .T. ) ;
#593 = DIRECTION ( 'NONE',  ( 1.000000000000000000, -1.152231463394654412E-13, 0.000000000000000000 ) ) ;
#594 = FACE_OUTER_BOUND ( 'NONE', #1648, .T. ) ;
#595 = ADVANCED_FACE ( 'NONE', ( #32 ), #1796, .F. ) ;
#596 = VERTEX_POINT ( 'NONE', #767 ) ;
#597 = DIRECTION ( 'NONE',  ( 0.000000000000000000, -0.000000000000000000, 1.000000000000000000 ) ) ;
#598 = DIRECTION ( 'NONE',  ( 1.000000000000000000, 0.000000000000000000, -0.000000000000000000 ) ) ;
#599 = FACE_OUTER_BOUND ( 'NONE', #1981, .T. ) ;
#600 = ADVANCED_FACE ( 'NONE', ( #2000 ), #2967, .T. ) ;
#601 = ORIENTED_EDGE ( 'NONE', *, *, #1287, .F. ) ;
#602 = PRODUCT ( '3D SOT-323', '3D SOT-323', '', ( #2720 ) ) ;
#603 = LINE ( 'NONE', #2185, #97 ) ;
#604 = VERTEX_POINT ( 'NONE', #276 ) ;
#605 = FACE_OUTER_BOUND ( 'NONE', #78, .T. ) ;
#606 = ORIENTED_EDGE ( 'NONE', *, *, #1399, .F. ) ;
#607 = ORIENTED_EDGE ( 'NONE', *, *, #1224, .T. ) ;
#608 = LINE ( 'NONE', #1402, #1539 ) ;
#609 = AXIS2_PLACEMENT_3D ( 'NONE', #949, #1447, #843 ) ;
#610 = ORIENTED_EDGE ( 'NONE', *, *, #414, .F. ) ;
#611 = CIRCLE ( 'NONE', #44, 0.08000000000002449596 ) ;
#612 = CARTESIAN_POINT ( 'NONE',  ( 239.6125880768368290, 159.6170652311782874, -0.1470848566293625481 ) ) ;
#613 = CARTESIAN_POINT ( 'NONE',  ( 239.1741398381033719, 161.0670652311783329, 0.000000000000000000 ) ) ;
#614 = ORIENTED_EDGE ( 'NONE', *, *, #2281, .T. ) ;
#615 = CARTESIAN_POINT ( 'NONE',  ( 238.4976487316980922, 160.1870652311781953, 0.000000000000000000 ) ) ;
#616 = PLANE ( 'NONE',  #955 ) ;
#617 = ADVANCED_FACE ( 'NONE', ( #510 ), #307, .T. ) ;
#618 = ADVANCED_FACE ( 'NONE', ( #2709 ), #2230, .T. ) ;
#619 = VECTOR ( 'NONE', #2273, 1000.000000000000000 ) ;
#620 = ORIENTED_EDGE ( 'NONE', *, *, #586, .F. ) ;
#621 = EDGE_CURVE ( 'NONE', #2547, #1097, #51, .T. ) ;
#622 =( BOUNDED_CURVE ( )  B_SPLINE_CURVE ( 3, ( #294, #2020, #1277, #2284 ),
 .UNSPECIFIED., .F., .F. ) 
 B_SPLINE_CURVE_WITH_KNOTS ( ( 4, 4 ),
 ( 4.712388980384680792, 5.488123068161710805 ),
 .UNSPECIFIED. ) 
 CURVE ( )  GEOMETRIC_REPRESENTATION_ITEM ( )  RATIONAL_B_SPLINE_CURVE ( ( 1.000000000000000000, 0.9504785870060500352, 0.9504785870060500352, 1.000000000000000000 ) ) 
 REPRESENTATION_ITEM ( '' )  );
#623 = EDGE_CURVE ( 'NONE', #1131, #1743, #1260, .T. ) ;
#624 = ORIENTED_EDGE ( 'NONE', *, *, #1169, .F. ) ;
#625 = CARTESIAN_POINT ( 'NONE',  ( 239.1741398381035140, 159.8470652311780213, 0.000000000000000000 ) ) ;
#626 = VERTEX_POINT ( 'NONE', #2996 ) ;
#627 = ORIENTED_EDGE ( 'NONE', *, *, #2346, .T. ) ;
#628 = PLANE ( 'NONE',  #772 ) ;
#629 = ADVANCED_FACE ( 'NONE', ( #1987 ), #2241, .T. ) ;
#630 = ORIENTED_EDGE ( 'NONE', *, *, #309, .F. ) ;
#631 = DIRECTION ( 'NONE',  ( 6.162975822039156098E-33, 0.000000000000000000, -1.000000000000000000 ) ) ;
#632 = AXIS2_PLACEMENT_3D ( 'NONE', #337, #84, #840 ) ;
#633 = CARTESIAN_POINT ( 'NONE',  ( 239.4596102431041516, 161.3178747494434901, -0.3982923306124928620 ) ) ;
#634 = ORIENTED_EDGE ( 'NONE', *, *, #1999, .F. ) ;
#635 = FACE_OUTER_BOUND ( 'NONE', #461, .T. ) ;
#636 = DIRECTION ( 'NONE',  ( -0.000000000000000000, 1.000000000000000000, -6.123233999162682944E-17 ) ) ;
#637 = ADVANCED_FACE ( 'NONE', ( #1748 ), #2724, .T. ) ;
#638 = MANIFOLD_SOLID_BREP ( '輸入4', #2865 ) ;
#639 = DIRECTION ( 'NONE',  ( -0.000000000000000000, 6.123233995736766036E-17, 1.000000000000000000 ) ) ;
#640 = EDGE_CURVE ( 'NONE', #1087, #508, #290, .T. ) ;
#641 = VERTEX_POINT ( 'NONE', #1071 ) ;
#642 = PLANE ( 'NONE',  #713 ) ;
#643 = DIRECTION ( 'NONE',  ( 0.000000000000000000, 0.000000000000000000, -1.000000000000000000 ) ) ;
#644 = CARTESIAN_POINT ( 'NONE',  ( 239.6645242633040027, 161.2170652311782248, -0.3413284587862511765 ) ) ;
#645 = ORIENTED_EDGE ( 'NONE', *, *, #1239, .T. ) ;
#646 = ORIENTED_EDGE ( 'NONE', *, *, #2217, .F. ) ;
#647 = VECTOR ( 'NONE', #2543, 1000.000000000000227 ) ;
#648 = DIRECTION ( 'NONE',  ( 0.000000000000000000, 0.000000000000000000, -1.000000000000000000 ) ) ;
#649 = ADVANCED_FACE ( 'NONE', ( #1275 ), #793, .F. ) ;
#650 = ORIENTED_EDGE ( 'NONE', *, *, #2177, .T. ) ;
#651 = LINE ( 'NONE', #3046, #984 ) ;
#652 = DIRECTION ( 'NONE',  ( 1.000000000000000000, -0.000000000000000000, 0.000000000000000000 ) ) ;
#653 = AXIS2_PLACEMENT_3D ( 'NONE', #2816, #1577, #1103 ) ;
#654 = ORIENTED_EDGE ( 'NONE', *, *, #728, .T. ) ;
#655 = CARTESIAN_POINT ( 'NONE',  ( 239.7707913019712294, 159.9170652311782703, -0.3129151433707153540 ) ) ;
#656 = CYLINDRICAL_SURFACE ( 'NONE', #495, 0.1600000000000250111 ) ;
#657 = VECTOR ( 'NONE', #1795, 1000.000000000000227 ) ;
#658 = DIRECTION ( 'NONE',  ( -0.9902700501491674689, 0.000000000000000000, 0.1391590017841659588 ) ) ;
#659 = LINE ( 'NONE', #205, #2756 ) ;
#660 = CARTESIAN_POINT ( 'NONE',  ( 239.3476487316982286, 160.7170652311781680, -0.1100000000000000006 ) ) ;
#661 = CARTESIAN_POINT ( 'NONE',  ( 239.0258158683615477, 161.0470652311782089, -3.697785493204425839E-34 ) ) ;
#662 = ORGANIZATION ( 'UNSPECIFIED', 'UNSPECIFIED', '' ) ;
#663 = ORIENTED_EDGE ( 'NONE', *, *, #1776, .F. ) ;
#664 = ORIENTED_EDGE ( 'NONE', *, *, #148, .F. ) ;
#665 = CARTESIAN_POINT ( 'NONE',  ( 239.8190945013654130, 160.9170652311782419, -0.3000000000000113687 ) ) ;
#666 = ORIENTED_EDGE ( 'NONE', *, *, #983, .T. ) ;
#667 = LINE ( 'NONE', #2132, #2618 ) ;
#668 = CARTESIAN_POINT ( 'NONE',  ( 239.1741398381033434, 161.0670652311783329, -0.1099999999999852207 ) ) ;
#669 = EDGE_CURVE ( 'NONE', #1864, #370, #2267, .T. ) ;
#670 = AXIS2_PLACEMENT_3D ( 'NONE', #1300, #2780, #573 ) ;
#671 = LINE ( 'NONE', #1656, #2595 ) ;
#672 = DIRECTION ( 'NONE',  ( -1.162056176164870995E-38, 1.000000000000000000, 5.130402227799399417E-26 ) ) ;
#673 = LINE ( 'NONE', #691, #3090 ) ;
#674 = DIRECTION ( 'NONE',  ( 0.2583028674141435999, 0.000000000000000000, -0.9660639878836345673 ) ) ;
#675 = ORIENTED_EDGE ( 'NONE', *, *, #925, .F. ) ;
#676 = CARTESIAN_POINT ( 'NONE',  ( 239.8190945013654130, 159.9170652311782703, -0.3000000000000113687 ) ) ;
#677 = AXIS2_PLACEMENT_3D ( 'NONE', #1027, #267, #1252 ) ;
#678 = CARTESIAN_POINT ( 'NONE',  ( 239.2648581697844747, 159.8470652311780213, 0.000000000000000000 ) ) ;
#679 = DIRECTION ( 'NONE',  ( 0.000000000000000000, 0.000000000000000000, 1.000000000000000000 ) ) ;
#680 = ORIENTED_EDGE ( 'NONE', *, *, #1637, .T. ) ;
#681 = ORIENTED_EDGE ( 'NONE', *, *, #1202, .F. ) ;
#682 = CARTESIAN_POINT ( 'NONE',  ( 239.5642848774426170, 159.9170652311782703, -0.1600000000001102762 ) ) ;
#683 = EDGE_CURVE ( 'NONE', #2678, #1386, #2278, .T. ) ;
#684 = ORIENTED_EDGE ( 'NONE', *, *, #323, .F. ) ;
#685 = CARTESIAN_POINT ( 'NONE',  ( 238.4379786553168401, 161.3757623125741532, -0.2939159001784154568 ) ) ;
#686 = EDGE_LOOP ( 'NONE', ( #1285, #1603, #736, #95 ) ) ;
#687 = CARTESIAN_POINT ( 'NONE',  ( 239.5642848774430718, 159.7670652311780657, -2.841252457843682677E-14 ) ) ;
#688 = DIRECTION ( 'NONE',  ( -0.000000000000000000, 1.000000000000000000, -6.123233999162682944E-17 ) ) ;
#689 = LINE ( 'NONE', #2649, #21 ) ;
#690 = VECTOR ( 'NONE', #2218, 1000.000000000000000 ) ;
#691 = CARTESIAN_POINT ( 'NONE',  ( 239.9726487316978876, 160.9170652311782419, -0.2665375653817250168 ) ) ;
#692 = DIRECTION ( 'NONE',  ( 0.000000000000000000, -1.000000000000000000, 6.123234644776854578E-17 ) ) ;
#693 = ORIENTED_EDGE ( 'NONE', *, *, #962, .T. ) ;
#694 = DIRECTION ( 'NONE',  ( 0.000000000000000000, 0.000000000000000000, -1.000000000000000000 ) ) ;
#695 = ADVANCED_FACE ( 'NONE', ( #1486 ), #2469, .T. ) ;
#696 = APPLICATION_CONTEXT ( 'configuration controlled 3d designs of mechanical parts and assemblies' ) ;
#697 = FACE_OUTER_BOUND ( 'NONE', #3071, .T. ) ;
#698 = FACE_OUTER_BOUND ( 'NONE', #1406, .T. ) ;
#699 = EDGE_CURVE ( 'NONE', #534, #305, #3193, .T. ) ;
#700 = ORIENTED_EDGE ( 'NONE', *, *, #1202, .T. ) ;
#701 = FACE_OUTER_BOUND ( 'NONE', #2679, .T. ) ;
#702 = EDGE_LOOP ( 'NONE', ( #2265, #887, #1881 ) ) ;
#703 = PLANE ( 'NONE',  #1542 ) ;
#704 = CARTESIAN_POINT ( 'NONE',  ( 239.4571384231805666, 161.3780649085462073, -0.2738130337776034096 ) ) ;
#705 = VERTEX_POINT ( 'NONE', #164 ) ;
#706 = LINE ( 'NONE', #1457, #1523 ) ;
#707 = CARTESIAN_POINT ( 'NONE',  ( 238.0262029620303110, 160.2670652311781794, -0.3500000000000369482 ) ) ;
#708 = CARTESIAN_POINT ( 'NONE',  ( 239.5642848774426739, 159.9170652311782703, -0.1600000000000534328 ) ) ;
#709 = ADVANCED_FACE ( 'NONE', ( #2334 ), #1370, .T. ) ;
#710 = CIRCLE ( 'NONE', #2916, 0.08000000000013551826 ) ;
#711 = PLANE ( 'NONE',  #2567 ) ;
#712 = CARTESIAN_POINT ( 'NONE',  ( 239.1741398381034003, 159.7670652311780657, -0.1099999999999852207 ) ) ;
#713 = AXIS2_PLACEMENT_3D ( 'NONE', #2955, #188, #2598 ) ;
#714 = CARTESIAN_POINT ( 'NONE',  ( 239.5642848774430718, 161.2670652311782362, -2.842477104772639363E-14 ) ) ;
#715 = LINE ( 'NONE', #2674, #2095 ) ;
#716 = DIRECTION ( 'NONE',  ( -1.000000000000000000, 0.000000000000000000, 0.000000000000000000 ) ) ;
#717 = ORIENTED_EDGE ( 'NONE', *, *, #1773, .F. ) ;
#718 = AXIS2_PLACEMENT_3D ( 'NONE', #140, #590, #2345 ) ;
#719 = CALENDAR_DATE ( 2023, 10, 7 ) ;
#720 = ORIENTED_EDGE ( 'NONE', *, *, #832, .T. ) ;
#721 = VECTOR ( 'NONE', #2146, 1000.000000000000227 ) ;
#722 = DIRECTION ( 'NONE',  ( 1.559971496624811041E-28, 6.123234644776854578E-17, 1.000000000000000000 ) ) ;
#723 = DIRECTION ( 'NONE',  ( 0.000000000000000000, 0.000000000000000000, -1.000000000000000000 ) ) ;
#724 = CARTESIAN_POINT ( 'NONE',  ( 238.4176487316981081, 160.1870652311781953, 0.000000000000000000 ) ) ;
#725 = AXIS2_PLACEMENT_3D ( 'NONE', #1416, #2395, #3176 ) ;
#726 = LINE ( 'NONE', #2428, #1401 ) ;
#727 = LINE ( 'NONE', #483, #3031 ) ;
#728 = EDGE_CURVE ( 'NONE', #2272, #3057, #389, .T. ) ;
#729 = EDGE_CURVE ( 'NONE', #596, #2993, #2369, .T. ) ;
#730 = VERTEX_POINT ( 'NONE', #2076 ) ;
#731 = CARTESIAN_POINT ( 'NONE',  ( 239.9726487316978876, 161.2170652311782248, -0.4600000000000363798 ) ) ;
#732 = APPROVAL ( #3196, 'UNSPECIFIED' ) ;
#733 = DIRECTION ( 'NONE',  ( 0.4999999999988967159, -0.8660254037850756426, 0.000000000000000000 ) ) ;
#734 = ORIENTED_EDGE ( 'NONE', *, *, #2520, .F. ) ;
#735 = CALENDAR_DATE ( 2023, 10, 7 ) ;
#736 = ORIENTED_EDGE ( 'NONE', *, *, #1525, .F. ) ;
#737 =( BOUNDED_SURFACE ( )  B_SPLINE_SURFACE ( 3, 3, ( 
 ( #2527, #70, #2751, #82 ),
 ( #553, #321, #824, #3016 ),
 ( #1039, #851, #2509, #115 ),
 ( #2539, #1534, #3048, #353 ) ),
 .UNSPECIFIED., .F., .F., .T. ) 
 B_SPLINE_SURFACE_WITH_KNOTS ( ( 4, 4 ),
 ( 4, 4 ),
 ( 0.000000000000000000, 1.000000000000000000 ),
 ( 0.000000000000000000, 1.000000000000000000 ),
 .UNSPECIFIED. ) 
 GEOMETRIC_REPRESENTATION_ITEM ( )  RATIONAL_B_SPLINE_SURFACE ( (
 ( 1.000000000000000000, 0.8184570295899122883, 0.8184570295899122883, 1.000000000000000000),
 ( 0.8302306558901501043, 0.6795081164943368446, 0.6795081164943368446, 0.8302306558901501043),
 ( 0.8302306558901501043, 0.6795081164943368446, 0.6795081164943368446, 0.8302306558901501043),
 ( 1.000000000000000000, 0.8184570295899122883, 0.8184570295899122883, 1.000000000000000000) ) ) 
 REPRESENTATION_ITEM ( '' )  SURFACE ( )  );
#738 = DIRECTION ( 'NONE',  ( 0.000000000000000000, 0.000000000000000000, -1.000000000000000000 ) ) ;
#739 = EDGE_CURVE ( 'NONE', #2437, #2939, #651, .T. ) ;
#740 = CARTESIAN_POINT ( 'NONE',  ( 239.5476487315760323, 159.5160927195109934, -1.720104102592679019E-06 ) ) ;
#741 = EDGE_CURVE ( 'NONE', #1938, #2386, #2589, .T. ) ;
#742 = CARTESIAN_POINT ( 'NONE',  ( 239.4438367532331711, 160.9970652311783965, -3.733809166717244212E-57 ) ) ;
#743 = DIRECTION ( 'NONE',  ( -1.000000000000000000, 0.000000000000000000, 0.000000000000000000 ) ) ;
#744 = ORIENTED_EDGE ( 'NONE', *, *, #2771, .T. ) ;
#745 = VERTEX_POINT ( 'NONE', #1576 ) ;
#746 = ADVANCED_FACE ( 'NONE', ( #1873 ), #2815, .T. ) ;
#747 = DIRECTION ( 'NONE',  ( 0.000000000000000000, 0.000000000000000000, -1.000000000000000000 ) ) ;
#748 = EDGE_CURVE ( 'NONE', #604, #64, #2606, .T. ) ;
#749 = FACE_OUTER_BOUND ( 'NONE', #2925, .T. ) ;
#750 = EDGE_LOOP ( 'NONE', ( #3022, #2109, #1705, #233 ) ) ;
#751 = APPROVAL_DATE_TIME ( #1968, #732 ) ;
#752 = ORIENTED_EDGE ( 'NONE', *, *, #1601, .T. ) ;
#753 = EDGE_CURVE ( 'NONE', #2794, #3139, #333, .T. ) ;
#754 = LINE ( 'NONE', #943, #1069 ) ;
#755 = DIRECTION ( 'NONE',  ( 1.000000000000000000, -9.552071512997443458E-45, -1.559971496624811041E-28 ) ) ;
#756 = CARTESIAN_POINT ( 'NONE',  ( 239.4073188080789123, 161.2767353075592212, -0.2800000000000049116 ) ) ;
#757 = AXIS2_PLACEMENT_3D ( 'NONE', #2372, #2408, #1636 ) ;
#758 = DIRECTION ( 'NONE',  ( 1.000000000000000000, -9.552071512997443458E-45, -1.559971496624811041E-28 ) ) ;
#759 = CARTESIAN_POINT ( 'NONE',  ( 238.4382035973967220, 161.2765103654793393, -0.2816007114299292069 ) ) ;
#760 = LINE ( 'NONE', #2499, #2989 ) ;
#761 = DIRECTION ( 'NONE',  ( 2.242077542919707313E-44, 0.000000000000000000, -1.000000000000000000 ) ) ;
#762 = ORIENTED_EDGE ( 'NONE', *, *, #47, .F. ) ;
#763 = ORIENTED_EDGE ( 'NONE', *, *, #19, .T. ) ;
#764 = ORIENTED_EDGE ( 'NONE', *, *, #1211, .F. ) ;
#765 = CARTESIAN_POINT ( 'NONE',  ( 239.4486692408199815, 159.5160447220560798, 0.4992688937462406162 ) ) ;
#766 = EDGE_CURVE ( 'NONE', #896, #2977, #1132, .T. ) ;
#767 = CARTESIAN_POINT ( 'NONE',  ( 239.6125880768368290, 159.6170652311782874, -0.1470848566293763426 ) ) ;
#768 = CYLINDRICAL_SURFACE ( 'NONE', #1886, 0.09999999999999999167 ) ;
#769 = CC_DESIGN_SECURITY_CLASSIFICATION ( #2813, ( #91 ) ) ;
#770 = CARTESIAN_POINT ( 'NONE',  ( 239.2676487316981877, 160.7970652311783510, -1.648686556149234030E-64 ) ) ;
#771 = CARTESIAN_POINT ( 'NONE',  ( 238.3384374124528620, 159.4170655102390697, -3.969622415983870026E-06 ) ) ;
#772 = AXIS2_PLACEMENT_3D ( 'NONE', #1116, #1630, #2604 ) ;
#773 = DIRECTION ( 'NONE',  ( 0.000000000000000000, -1.000000000000000000, 6.123233995736766036E-17 ) ) ;
#774 = VECTOR ( 'NONE', #2713, 1000.000000000000000 ) ;
#775 = DIRECTION ( 'NONE',  ( -0.2583028674139442593, 0.000000000000000000, 0.9660639878836878580 ) ) ;
#776 = ORIENTED_EDGE ( 'NONE', *, *, #2356, .T. ) ;
#777 = ORIENTED_EDGE ( 'NONE', *, *, #366, .T. ) ;
#778 = PERSON_AND_ORGANIZATION ( #2358, #662 ) ;
#779 = ORIENTED_EDGE ( 'NONE', *, *, #1551, .T. ) ;
#780 = CIRCLE ( 'NONE', #1857, 0.1600000000000250111 ) ;
#781 = CARTESIAN_POINT ( 'NONE',  ( 238.3769767264389827, 161.2654484784532087, -0.3774039476411424343 ) ) ;
#782 = DIRECTION ( 'NONE',  ( -0.2583028674141292225, 0.000000000000000000, 0.9660639878836384531 ) ) ;
#783 = DIRECTION ( 'NONE',  ( -1.000000000000000000, -1.162056176164870995E-38, -5.961815595024305499E-64 ) ) ;
#784 = DIRECTION ( 'NONE',  ( -0.9660639878836384531, -1.581648898946482707E-17, -0.2583028674141292225 ) ) ;
#785 = CARTESIAN_POINT ( 'NONE',  ( 238.4976487316981206, 159.8670652311782874, -0.1099999999999852207 ) ) ;
#786 = DIRECTION ( 'NONE',  ( 3.875687649600065923E-13, -1.000000000000000000, 0.000000000000000000 ) ) ;
#787 = VECTOR ( 'NONE', #3172, 1000.000000000000114 ) ;
#788 = DIRECTION ( 'NONE',  ( 0.000000000000000000, 0.000000000000000000, -1.000000000000000000 ) ) ;
#789 = ORIENTED_EDGE ( 'NONE', *, *, #1153, .T. ) ;
#790 = VERTEX_POINT ( 'NONE', #3032 ) ;
#791 = EDGE_CURVE ( 'NONE', #1340, #1591, #1088, .T. ) ;
#792 = ORIENTED_EDGE ( 'NONE', *, *, #1771, .T. ) ;
#793 = CYLINDRICAL_SURFACE ( 'NONE', #254, 0.07999999999991347366 ) ;
#794 = LINE ( 'NONE', #2298, #2036 ) ;
#795 = EDGE_LOOP ( 'NONE', ( #1117, #2964, #2328, #2591, #2602, #1628, #654, #1273, #700, #2603, #66, #3017 ) ) ;
#796 = DIRECTION ( 'NONE',  ( -0.000000000000000000, -1.000000000000000000, -0.000000000000000000 ) ) ;
#797 = LINE ( 'NONE', #2945, #3007 ) ;
#798 = AXIS2_PLACEMENT_3D ( 'NONE', #3084, #3064, #1581 ) ;
#799 = CARTESIAN_POINT ( 'NONE',  ( 238.5776487316981331, 159.5670652311783329, 0.000000000000000000 ) ) ;
#800 = VECTOR ( 'NONE', #308, 1000.000000000000000 ) ;
#801 = CARTESIAN_POINT ( 'NONE',  ( 239.9726487316978876, 159.6170652311782874, -0.4600000000000174505 ) ) ;
#802 = ORIENTED_EDGE ( 'NONE', *, *, #2540, .T. ) ;
#803 = ORIENTED_EDGE ( 'NONE', *, *, #405, .F. ) ;
#804 = ORIENTED_EDGE ( 'NONE', *, *, #1303, .T. ) ;
#805 = EDGE_LOOP ( 'NONE', ( #2443, #77, #2050, #3010, #2533, #1995, #2166, #1244, #1820, #869, #231, #1200, #1950, #2777, #126 ) ) ;
#806 = VECTOR ( 'NONE', #1902, 1000.000000000000000 ) ;
#807 = CARTESIAN_POINT ( 'NONE',  ( 238.3966762200307414, 161.4170652310563412, -1.720104227228105163E-06 ) ) ;
#808 = DIRECTION ( 'NONE',  ( 0.9902893779918608974, 0.000000000000000000, 0.1390213934489698266 ) ) ;
#809 = PLANE ( 'NONE',  #232 ) ;
#810 = ORIENTED_EDGE ( 'NONE', *, *, #123, .T. ) ;
#811 = FACE_OUTER_BOUND ( 'NONE', #953, .T. ) ;
#812 = PLANE ( 'NONE',  #1420 ) ;
#813 = VECTOR ( 'NONE', #1818, 1000.000000000000000 ) ;
#814 = ORIENTED_EDGE ( 'NONE', *, *, #2571, .T. ) ;
#815 = DIRECTION ( 'NONE',  ( -0.000000000000000000, -1.232595164407830946E-32, 1.000000000000000000 ) ) ;
#816 = ADVANCED_FACE ( 'NONE', ( #2059 ), #1102, .T. ) ;
#817 = ADVANCED_FACE ( 'NONE', ( #1632 ), #836, .T. ) ;
#818 = AXIS2_PLACEMENT_3D ( 'NONE', #2331, #1853, #406 ) ;
#819 = VECTOR ( 'NONE', #1210, 1000.000000000000000 ) ;
#820 = CARTESIAN_POINT ( 'NONE',  ( 239.0258158683615761, 159.7870652311783033, 0.000000000000000000 ) ) ;
#821 = ORIENTED_EDGE ( 'NONE', *, *, #1658, .F. ) ;
#822 = ORIENTED_EDGE ( 'NONE', *, *, #1289, .F. ) ;
#823 = CARTESIAN_POINT ( 'NONE',  ( 238.4477909256238206, 159.4681784873048684, 0.3640944272041551910 ) ) ;
#824 = CARTESIAN_POINT ( 'NONE',  ( 239.5052315064808965, 159.5207787550798741, -0.3490257472917878689 ) ) ;
#825 = VERTEX_POINT ( 'NONE', #1809 ) ;
#826 = CYLINDRICAL_SURFACE ( 'NONE', #532, 0.05000000000007578244 ) ;
#827 = FACE_OUTER_BOUND ( 'NONE', #1294, .T. ) ;
#828 = DIRECTION ( 'NONE',  ( -1.000000000000000000, 0.000000000000000000, 0.000000000000000000 ) ) ;
#829 = ADVANCED_FACE ( 'NONE', ( #3095 ), #2785, .F. ) ;
#830 = CARTESIAN_POINT ( 'NONE',  ( 239.9726487316978876, 161.2170652311782248, -0.3500000000000227374 ) ) ;
#831 = AXIS2_PLACEMENT_3D ( 'NONE', #3086, #2913, #138 ) ;
#832 = EDGE_CURVE ( 'NONE', #1547, #849, #488, .T. ) ;
#833 = EDGE_LOOP ( 'NONE', ( #2381, #344, #802, #2157 ) ) ;
#834 = DIRECTION ( 'NONE',  ( 1.000000000000000000, 0.000000000000000000, 0.000000000000000000 ) ) ;
#835 = ORIENTED_EDGE ( 'NONE', *, *, #1726, .F. ) ;
#836 = PLANE ( 'NONE',  #1283 ) ;
#837 = LINE ( 'NONE', #1563, #2190 ) ;
#838 = ADVANCED_FACE ( 'NONE', ( #578 ), #1653, .T. ) ;
#839 = ORIENTED_EDGE ( 'NONE', *, *, #144, .F. ) ;
#840 = DIRECTION ( 'NONE',  ( -1.000000000000000000, 0.000000000000000000, 0.000000000000000000 ) ) ;
#841 = CARTESIAN_POINT ( 'NONE',  ( 238.0262029620303110, 160.5670652311781623, -0.4600000000000079026 ) ) ;
#842 = CARTESIAN_POINT ( 'NONE',  ( 239.2676487316981024, 160.1170652311782874, 0.000000000000000000 ) ) ;
#843 = DIRECTION ( 'NONE',  ( 0.000000000000000000, 0.000000000000000000, -1.000000000000000000 ) ) ;
#844 = VECTOR ( 'NONE', #1150, 1000.000000000000000 ) ;
#845 = EDGE_LOOP ( 'NONE', ( #2482, #2054, #1552, #1462 ) ) ;
#846 = CARTESIAN_POINT ( 'NONE',  ( 238.5776487316981331, 161.2670652311782362, -1.421238552386312108E-14 ) ) ;
#847 = ORIENTED_EDGE ( 'NONE', *, *, #1287, .T. ) ;
#848 = VERTEX_POINT ( 'NONE', #426 ) ;
#849 = VERTEX_POINT ( 'NONE', #1927 ) ;
#850 = DIRECTION ( 'NONE',  ( 0.000000000000000000, 0.000000000000000000, -1.000000000000000000 ) ) ;
#851 = CARTESIAN_POINT ( 'NONE',  ( 239.4592545637442811, 159.4562708740590153, -0.3426032352158229766 ) ) ;
#852 = VECTOR ( 'NONE', #479, 1000.000000000000000 ) ;
#853 = ORIENTED_EDGE ( 'NONE', *, *, #380, .F. ) ;
#854 = EDGE_CURVE ( 'NONE', #1666, #2450, #2403, .T. ) ;
#855 = LINE ( 'NONE', #1295, #1668 ) ;
#856 = CARTESIAN_POINT ( 'NONE',  ( 238.4976487316980638, 160.6470652311783454, 0.000000000000000000 ) ) ;
#857 = CC_DESIGN_PERSON_AND_ORGANIZATION_ASSIGNMENT ( #224, #2193, ( #2813 ) ) ;
#858 = CARTESIAN_POINT ( 'NONE',  ( 239.1741398381034571, 159.7670652311780657, -0.1099999999999852207 ) ) ;
#859 = EDGE_LOOP ( 'NONE', ( #2018, #2873, #436, #225, #1134, #116, #3012, #883, #1366, #2861, #2792, #212 ) ) ;
#860 = AXIS2_PLACEMENT_3D ( 'NONE', #661, #1397, #2189 ) ;
#861 = EDGE_CURVE ( 'NONE', #1369, #641, #611, .T. ) ;
#862 = ORIENTED_EDGE ( 'NONE', *, *, #2759, .T. ) ;
#863 = CARTESIAN_POINT ( 'NONE',  ( 239.2676487316981877, 160.0370652311781328, 0.000000000000000000 ) ) ;
#864 = VECTOR ( 'NONE', #2812, 1000.000000000000000 ) ;
#865 = EDGE_LOOP ( 'NONE', ( #933, #3008, #2660, #989 ) ) ;
#866 = ADVANCED_FACE ( 'NONE', ( #2384 ), #2164, .T. ) ;
#867 = DIRECTION ( 'NONE',  ( 0.000000000000000000, 0.000000000000000000, 1.000000000000000000 ) ) ;
#868 = VECTOR ( 'NONE', #2246, 1000.000000000000000 ) ;
#869 = ORIENTED_EDGE ( 'NONE', *, *, #3, .T. ) ;
#870 = CARTESIAN_POINT ( 'NONE',  ( 239.5642848774430718, 159.8670652311782874, -2.841864781308162440E-14 ) ) ;
#871 = CARTESIAN_POINT ( 'NONE',  ( 239.5642848774427023, 161.2170652311782248, -0.1100000000000141559 ) ) ;
#872 = EDGE_CURVE ( 'NONE', #1609, #1086, #667, .T. ) ;
#873 = ORIENTED_EDGE ( 'NONE', *, *, #3070, .T. ) ;
#874 = LINE ( 'NONE', #1373, #23 ) ;
#875 = DIRECTION ( 'NONE',  ( 0.2583028674139267178, 0.000000000000000000, 0.9660639878836925210 ) ) ;
#876 = CARTESIAN_POINT ( 'NONE',  ( 239.4073188080789407, 159.5573951547971205, -0.2800000000000000266 ) ) ;
#877 = VECTOR ( 'NONE', #2321, 1000.000000000000000 ) ;
#878 = ORIENTED_EDGE ( 'NONE', *, *, #621, .F. ) ;
#879 = PLANE ( 'NONE',  #2198 ) ;
#880 = EDGE_CURVE ( 'NONE', #1032, #141, #2643, .T. ) ;
#881 = DIRECTION ( 'NONE',  ( -1.850923245088087029E-13, -6.123233995736766036E-17, -1.000000000000000000 ) ) ;
#882 = EDGE_LOOP ( 'NONE', ( #12, #1499, #814, #2275, #2192, #1059 ) ) ;
#883 = ORIENTED_EDGE ( 'NONE', *, *, #3004, .T. ) ;
#884 = CARTESIAN_POINT ( 'NONE',  ( 238.2327093865588949, 160.5670652311782476, -0.1470848566293825044 ) ) ;
#885 = ORIENTED_EDGE ( 'NONE', *, *, #3002, .F. ) ;
#886 = DIRECTION ( 'NONE',  ( -1.618842307186691498E-14, 1.000000000000000000, -1.407258381148595727E-14 ) ) ;
#887 = ORIENTED_EDGE ( 'NONE', *, *, #1646, .F. ) ;
#888 = DIRECTION ( 'NONE',  ( 1.000000000000000000, 0.000000000000000000, 0.000000000000000000 ) ) ;
#889 = CARTESIAN_POINT ( 'NONE',  ( 237.8726487316978648, 160.2670652311781794, -0.4600000000000363798 ) ) ;
#890 = DIRECTION ( 'NONE',  ( -0.1378308382112983788, 0.1378308382112944375, -0.9808186988816756102 ) ) ;
#891 = DIRECTION ( 'NONE',  ( 0.000000000000000000, -5.130402227799399417E-26, 1.000000000000000000 ) ) ;
#892 = FACE_OUTER_BOUND ( 'NONE', #2028, .T. ) ;
#893 = ADVANCED_FACE ( 'NONE', ( #444 ), #703, .T. ) ;
#894 = PLANE ( 'NONE',  #1019 ) ;
#895 = ORIENTED_EDGE ( 'NONE', *, *, #1199, .F. ) ;
#896 = VERTEX_POINT ( 'NONE', #1423 ) ;
#897 = CIRCLE ( 'NONE', #1008, 0.1600000000000250111 ) ;
#898 = CARTESIAN_POINT ( 'NONE',  ( 239.7707913019712294, 161.2170652311782248, -0.3129151433707306751 ) ) ;
#899 = ORIENTED_EDGE ( 'NONE', *, *, #854, .F. ) ;
#900 = DIRECTION ( 'NONE',  ( 0.000000000000000000, 1.232595164407830946E-32, -1.000000000000000000 ) ) ;
#901 = DIRECTION ( 'NONE',  ( -0.000000000000000000, -0.000000000000000000, 1.000000000000000000 ) ) ;
#902 = AXIS2_PLACEMENT_3D ( 'NONE', #2407, #2097, #135 ) ;
#903 = CARTESIAN_POINT ( 'NONE',  ( 239.8190945013654982, 161.2170652311782248, -0.2999999999999829470 ) ) ;
#904 = DIRECTION ( 'NONE',  ( 1.894780628693169672E-13, -1.000000000000000000, 0.000000000000000000 ) ) ;
#905 = VECTOR ( 'NONE', #2749, 1000.000000000000000 ) ;
#906 = DIRECTION ( 'NONE',  ( -1.000000000000000000, 0.000000000000000000, 0.000000000000000000 ) ) ;
#907 = CYLINDRICAL_SURFACE ( 'NONE', #2418, 0.1599999999999965616 ) ;
#908 = DIRECTION ( 'NONE',  ( 0.000000000000000000, 0.000000000000000000, -1.000000000000000000 ) ) ;
#909 = EDGE_CURVE ( 'NONE', #790, #3112, #3130, .T. ) ;
#910 = CARTESIAN_POINT ( 'NONE',  ( 238.9226487316978762, 159.5573951547971205, -0.3800000000000000044 ) ) ;
#911 = DIRECTION ( 'NONE',  ( 1.000000000000000000, 0.000000000000000000, 0.000000000000000000 ) ) ;
#912 = AXIS2_PLACEMENT_3D ( 'NONE', #1856, #132, #3096 ) ;
#913 = ORIENTED_EDGE ( 'NONE', *, *, #144, .T. ) ;
#914 = ORIENTED_EDGE ( 'NONE', *, *, #1099, .F. ) ;
#915 = CARTESIAN_POINT ( 'NONE',  ( 238.4976487316980638, 160.6470652311783454, -0.1100000000000000006 ) ) ;
#916 = VECTOR ( 'NONE', #194, 1000.000000000000000 ) ;
#917 = VERTEX_POINT ( 'NONE', #1909 ) ;
#918 = CARTESIAN_POINT ( 'NONE',  ( 239.7469678947185798, 161.2170652311782248, -0.1099999999999852207 ) ) ;
#919 = DIRECTION ( 'NONE',  ( -1.000000000000000000, 0.000000000000000000, 0.000000000000000000 ) ) ;
#920 = ORIENTED_EDGE ( 'NONE', *, *, #1306, .T. ) ;
#921 = PLANE ( 'NONE',  #2244 ) ;
#922 = CIRCLE ( 'NONE', #1329, 0.05000000000007575468 ) ;
#923 = LINE ( 'NONE', #1876, #449 ) ;
#924 = CARTESIAN_POINT ( 'NONE',  ( 238.4575908544435663, 159.4779784161246425, 0.4339021393448879715 ) ) ;
#925 = EDGE_CURVE ( 'NONE', #63, #1477, #3035, .T. ) ;
#926 = DIRECTION ( 'NONE',  ( 0.000000000000000000, 0.000000000000000000, -1.000000000000000000 ) ) ;
#927 = DIRECTION ( 'NONE',  ( 0.000000000000000000, 0.000000000000000000, -1.000000000000000000 ) ) ;
#928 = ORIENTED_EDGE ( 'NONE', *, *, #3070, .F. ) ;
#929 = DIRECTION ( 'NONE',  ( 0.000000000000000000, 0.000000000000000000, -1.000000000000000000 ) ) ;
#930 = VECTOR ( 'NONE', #1816, 1000.000000000000000 ) ;
#931 = AXIS2_PLACEMENT_3D ( 'NONE', #315, #815, #1359 ) ;
#932 = DIRECTION ( 'NONE',  ( 0.000000000000000000, 0.9902700501491700225, -0.1391590017841477234 ) ) ;
#933 = ORIENTED_EDGE ( 'NONE', *, *, #42, .T. ) ;
#934 = ADVANCED_FACE ( 'NONE', ( #1480 ), #2677, .T. ) ;
#935 = ORIENTED_EDGE ( 'NONE', *, *, #1079, .T. ) ;
#936 = VERTEX_POINT ( 'NONE', #503 ) ;
#937 = EDGE_CURVE ( 'NONE', #388, #2226, #8, .T. ) ;
#938 = CARTESIAN_POINT ( 'NONE',  ( 238.0262029620303110, 160.5670652311781623, -0.2999999999999829470 ) ) ;
#939 = ORIENTED_EDGE ( 'NONE', *, *, #2708, .F. ) ;
#940 = DIRECTION ( 'NONE',  ( -0.000000000000000000, -0.000000000000000000, -1.000000000000000000 ) ) ;
#941 = CARTESIAN_POINT ( 'NONE',  ( 239.4626374277732168, 161.2469273525773872, -0.3740175343805836050 ) ) ;
#942 = EDGE_LOOP ( 'NONE', ( #548, #1943, #614, #1941, #1967, #192 ) ) ;
#943 = CARTESIAN_POINT ( 'NONE',  ( 238.4976487316980922, 159.6470652311782885, -0.1099999999999852207 ) ) ;
#944 = CARTESIAN_POINT ( 'NONE',  ( 238.3585619166443905, 161.2571231084325518, 0.4339021393448875275 ) ) ;
#945 = CARTESIAN_POINT ( 'NONE',  ( 239.3745547209305187, 160.9570652311782055, 0.000000000000000000 ) ) ;
#946 = AXIS2_PLACEMENT_3D ( 'NONE', #185, #948, #1934 ) ;
#947 = EDGE_CURVE ( 'NONE', #626, #322, #952, .T. ) ;
#948 = DIRECTION ( 'NONE',  ( 0.000000000000000000, 0.000000000000000000, -1.000000000000000000 ) ) ;
#949 = CARTESIAN_POINT ( 'NONE',  ( 239.5642848774426170, 159.6170652311782874, -0.1600000000001102485 ) ) ;
#950 = CARTESIAN_POINT ( 'NONE',  ( 239.4106558672419283, 161.2800723667222371, -0.2562531370423862809 ) ) ;
#951 = CARTESIAN_POINT ( 'NONE',  ( 239.5642848774426739, 159.6170652311782874, -0.1600000000000534051 ) ) ;
#952 = LINE ( 'NONE', #1452, #2822 ) ;
#953 = EDGE_LOOP ( 'NONE', ( #3188, #2089, #33, #443 ) ) ;
#954 = APPLICATION_PROTOCOL_DEFINITION ( 'international standard', 'config_control_design', 1994, #696 ) ;
#955 = AXIS2_PLACEMENT_3D ( 'NONE', #312, #1600, #875 ) ;
#956 = ORIENTED_EDGE ( 'NONE', *, *, #2696, .T. ) ;
#957 = ADVANCED_FACE ( 'NONE', ( #1198 ), #2420, .T. ) ;
#958 = FACE_OUTER_BOUND ( 'NONE', #2550, .T. ) ;
#959 = CARTESIAN_POINT ( 'NONE',  ( 239.4438367532333416, 160.9170652311782419, -0.2665375653817250168 ) ) ;
#960 = CIRCLE ( 'NONE', #2747, 0.09999999999999034661 ) ;
#961 = CARTESIAN_POINT ( 'NONE',  ( 239.4070938659990588, 159.5576200968770308, -0.2816007114299305392 ) ) ;
#962 = EDGE_CURVE ( 'NONE', #1483, #2046, #2921, .T. ) ;
#963 = ADVANCED_FACE ( 'NONE', ( #2434 ), #2178, .F. ) ;
#964 = CARTESIAN_POINT ( 'NONE',  ( 239.3476487316982002, 160.4170652311782135, 0.000000000000000000 ) ) ;
#965 = CARTESIAN_POINT ( 'NONE',  ( 239.4486692408199815, 161.3180857403002904, 0.4992688937462427812 ) ) ;
#966 = ADVANCED_FACE ( 'NONE', ( #255 ), #1952, .T. ) ;
#967 = AXIS2_PLACEMENT_3D ( 'NONE', #3155, #2907, #1732 ) ;
#968 = ORIENTED_EDGE ( 'NONE', *, *, #1053, .F. ) ;
#969 = DIRECTION ( 'NONE',  ( -1.000000000000000000, -0.000000000000000000, -0.000000000000000000 ) ) ;
#970 = EDGE_CURVE ( 'NONE', #2663, #534, #2235, .T. ) ;
#971 = CARTESIAN_POINT ( 'NONE',  ( 238.0262029620303110, 160.2670652311781794, -0.2999999999999829470 ) ) ;
#972 = ORIENTED_EDGE ( 'NONE', *, *, #148, .T. ) ;
#973 = CLOSED_SHELL ( 'NONE', ( #1385, #2936, #2685, #3161, #746, #3101, #1974, #433, #629, #1161, #817, #2998, #1878, #893, #1410, #343, #1498, #1434, #2920, #2310, #3023, #1545, #2732, #507, #600, #263, #2409, #2414, #1786 ) ) ;
#974 = COORDINATED_UNIVERSAL_TIME_OFFSET ( 8, 0, .AHEAD. ) ;
#975 = ADVANCED_FACE ( 'NONE', ( #701 ), #1227, .F. ) ;
#976 = ORIENTED_EDGE ( 'NONE', *, *, #1891, .T. ) ;
#977 = DIRECTION ( 'NONE',  ( 1.000000000000000000, 0.000000000000000000, -0.000000000000000000 ) ) ;
#978 = FACE_OUTER_BOUND ( 'NONE', #130, .T. ) ;
#979 = EDGE_CURVE ( 'NONE', #3082, #1055, #1715, .T. ) ;
#980 = VECTOR ( 'NONE', #419, 1000.000000000000000 ) ;
#981 = DIRECTION ( 'NONE',  ( -0.1378308382113567487, -0.1378308382112641561, 0.9808186988816715024 ) ) ;
#982 = DIRECTION ( 'NONE',  ( 0.000000000000000000, 0.000000000000000000, -1.000000000000000000 ) ) ;
#983 = EDGE_CURVE ( 'NONE', #1033, #1929, #2692, .T. ) ;
#984 = VECTOR ( 'NONE', #3059, 1000.000000000000000 ) ;
#985 = ORIENTED_EDGE ( 'NONE', *, *, #2696, .F. ) ;
#986 = DIRECTION ( 'NONE',  ( 0.000000000000000000, 0.000000000000000000, -1.000000000000000000 ) ) ;
#987 = ADVANCED_FACE ( 'NONE', ( #2950 ), #2448, .F. ) ;
#988 = DIRECTION ( 'NONE',  ( -1.000000000000000000, 0.000000000000000000, 0.000000000000000000 ) ) ;
#989 = ORIENTED_EDGE ( 'NONE', *, *, #1939, .T. ) ;
#990 = CALENDAR_DATE ( 2023, 10, 7 ) ;
#991 = ORIENTED_EDGE ( 'NONE', *, *, #3100, .T. ) ;
#992 = CARTESIAN_POINT ( 'NONE',  ( 239.2351487316978762, 161.3561520462316992, 0.4339021393448840302 ) ) ;
#993 = CARTESIAN_POINT ( 'NONE',  ( 239.4073188080789123, 159.4583681497822170, -0.2939159001784220071 ) ) ;
#994 = DIRECTION ( 'NONE',  ( -2.547626519586653133E-12, -6.123233995736766036E-17, -1.000000000000000000 ) ) ;
#995 = AXIS2_PLACEMENT_3D ( 'NONE', #1505, #784, #513 ) ;
#996 = LINE ( 'NONE', #1446, #690 ) ;
#997 = CARTESIAN_POINT ( 'NONE',  ( 239.4486692408199815, 161.3180857403002904, 0.4992688937462427812 ) ) ;
#998 = PLANE ( 'NONE',  #1339 ) ;
#999 = EDGE_CURVE ( 'NONE', #508, #2638, #1445, .T. ) ;
#1000 = CARTESIAN_POINT ( 'NONE',  ( 239.5642848774426739, 161.2170652311782248, -0.1600000000000534328 ) ) ;
#1001 = ORIENTED_EDGE ( 'NONE', *, *, #741, .F. ) ;
#1002 = ORIENTED_EDGE ( 'NONE', *, *, #1169, .T. ) ;
#1003 = ORIENTED_EDGE ( 'NONE', *, *, #1175, .F. ) ;
#1004 = CARTESIAN_POINT ( 'NONE',  ( 239.3877066089521861, 159.4779784161246710, 0.4339021393448911912 ) ) ;
#1005 = DIRECTION ( 'NONE',  ( 0.000000000000000000, 1.000000000000000000, -6.123233995736766036E-17 ) ) ;
#1006 = ORIENTED_EDGE ( 'NONE', *, *, #470, .T. ) ;
#1007 = DIRECTION ( 'NONE',  ( 1.894780628693169672E-13, -1.000000000000000000, 0.000000000000000000 ) ) ;
#1008 = AXIS2_PLACEMENT_3D ( 'NONE', #1409, #1945, #2388 ) ;
#1009 = CARTESIAN_POINT ( 'NONE',  ( 238.4131160418631623, 161.3391142103369873, 0.4830967129953643857 ) ) ;
#1010 = CARTESIAN_POINT ( 'NONE',  ( 238.4131160418631907, 159.4950162520194112, 0.4830967129953490091 ) ) ;
#1011 = AXIS2_PLACEMENT_3D ( 'NONE', #3115, #2337, #2576 ) ;
#1012 = LINE ( 'NONE', #1991, #1242 ) ;
#1013 = VECTOR ( 'NONE', #2707, 1000.000000000000000 ) ;
#1014 = CARTESIAN_POINT ( 'NONE',  ( 239.3745547209304334, 160.9570652311783761, -1.420289451016377690E-14 ) ) ;
#1015 = EDGE_LOOP ( 'NONE', ( #873, #684, #1003, #330 ) ) ;
#1016 = APPROVAL_STATUS ( 'not_yet_approved' ) ;
#1017 = ORIENTED_EDGE ( 'NONE', *, *, #576, .F. ) ;
#1018 = CARTESIAN_POINT ( 'NONE',  ( 238.3664033620099474, 161.4285239110363079, -0.2887802698517323297 ) ) ;
#1019 = AXIS2_PLACEMENT_3D ( 'NONE', #863, #1379, #1084 ) ;
#1020 = DIRECTION ( 'NONE',  ( 0.000000000000000000, 0.000000000000000000, -1.000000000000000000 ) ) ;
#1021 = FACE_OUTER_BOUND ( 'NONE', #865, .T. ) ;
#1022 = CIRCLE ( 'NONE', #1125, 0.07999999999999674039 ) ;
#1023 = ADVANCED_FACE ( 'NONE', ( #749 ), #2477, .T. ) ;
#1024 = CARTESIAN_POINT ( 'NONE',  ( 238.3389516503019365, 159.5573951547971205, -0.2939159001784154568 ) ) ;
#1025 = CARTESIAN_POINT ( 'NONE',  ( 238.4575908544435663, 159.4779784161246425, 0.4339021393448879715 ) ) ;
#1026 = CIRCLE ( 'NONE', #38, 0.09999999999999999167 ) ;
#1027 = CARTESIAN_POINT ( 'NONE',  ( 239.1741398381035140, 159.8470652311780213, 0.000000000000000000 ) ) ;
#1028 = VECTOR ( 'NONE', #1949, 1000.000000000000000 ) ;
#1029 = ADVANCED_FACE ( 'NONE', ( #24 ), #1925, .T. ) ;
#1030 = VECTOR ( 'NONE', #1980, 1000.000000000000000 ) ;
#1031 = CARTESIAN_POINT ( 'NONE',  ( 239.3745547209306039, 159.8770652311781646, -1.420963006827302621E-14 ) ) ;
#1032 = VERTEX_POINT ( 'NONE', #2489 ) ;
#1033 = VERTEX_POINT ( 'NONE', #1031 ) ;
#1034 = EDGE_CURVE ( 'NONE', #2025, #896, #518, .T. ) ;
#1035 = ORIENTED_EDGE ( 'NONE', *, *, #2023, .T. ) ;
#1036 = VECTOR ( 'NONE', #3003, 1000.000000000000000 ) ;
#1037 = CARTESIAN_POINT ( 'NONE',  ( 238.4638519613446022, 161.3955381734345735, -0.3710778083945184824 ) ) ;
#1038 = CARTESIAN_POINT ( 'NONE',  ( 238.2976487316979046, 159.9170652311781851, 3.632077277826439854E-15 ) ) ;
#1039 = CARTESIAN_POINT ( 'NONE',  ( 239.4389218152547585, 159.4485125442803906, -0.2834157778008927209 ) ) ;
#1040 = UNCERTAINTY_MEASURE_WITH_UNIT (LENGTH_MEASURE( 1.000000000000000082E-05 ), #1672, 'distance_accuracy_value', 'NONE');
#1041 = ORIENTED_EDGE ( 'NONE', *, *, #1484, .F. ) ;
#1042 = DIRECTION ( 'NONE',  ( 0.9660639878836926320, 1.581648898945243333E-17, 0.2583028674139267733 ) ) ;
#1043 = CARTESIAN_POINT ( 'NONE',  ( 239.4438367532334269, 159.8370652311782010, -0.1099999999999852207 ) ) ;
#1044 = DIRECTION ( 'NONE',  ( 0.000000000000000000, 0.000000000000000000, -1.000000000000000000 ) ) ;
#1045 = VECTOR ( 'NONE', #542, 1000.000000000000000 ) ;
#1046 = CARTESIAN_POINT ( 'NONE',  ( 238.4976487316980638, 160.7970652311783510, -0.1100000000000000006 ) ) ;
#1047 = ORIENTED_EDGE ( 'NONE', *, *, #1543, .F. ) ;
#1048 = VERTEX_POINT ( 'NONE', #1526 ) ;
#1049 = ORIENTED_EDGE ( 'NONE', *, *, #1807, .F. ) ;
#1050 = CARTESIAN_POINT ( 'NONE',  ( 238.3338042295311823, 161.3683333620432165, -0.3065029785076149316 ) ) ;
#1051 = CARTESIAN_POINT ( 'NONE',  ( 238.4353372001048967, 161.2793767627712214, 0.5200000000000000178 ) ) ;
#1052 = FACE_OUTER_BOUND ( 'NONE', #882, .T. ) ;
#1053 = EDGE_CURVE ( 'NONE', #1546, #1888, #1570, .T. ) ;
#1054 = EDGE_CURVE ( 'NONE', #1546, #2965, #2049, .T. ) ;
#1055 = VERTEX_POINT ( 'NONE', #1511 ) ;
#1056 = CARTESIAN_POINT ( 'NONE',  ( 239.0258158683616330, 160.9670652311783385, -0.1099999999999852207 ) ) ;
#1057 = CARTESIAN_POINT ( 'NONE',  ( 238.4976487316980638, 160.7970652311783510, -0.1100000000000000006 ) ) ;
#1058 = EDGE_CURVE ( 'NONE', #1131, #322, #523, .T. ) ;
#1059 = ORIENTED_EDGE ( 'NONE', *, *, #1216, .F. ) ;
#1060 = AXIS2_PLACEMENT_3D ( 'NONE', #265, #2728, #2440 ) ;
#1061 = DIRECTION ( 'NONE',  ( 1.000000000000000000, -9.552071512997443458E-45, -1.559971496624811041E-28 ) ) ;
#1062 = CC_DESIGN_DATE_AND_TIME_ASSIGNMENT ( #1439, #27, ( #250 ) ) ;
#1063 = CIRCLE ( 'NONE', #653, 0.07999999999983020693 ) ;
#1064 = FACE_OUTER_BOUND ( 'NONE', #2277, .T. ) ;
#1065 = ORIENTED_EDGE ( 'NONE', *, *, #2432, .F. ) ;
#1066 = EDGE_CURVE ( 'NONE', #1805, #2236, #1585, .T. ) ;
#1067 = ORIENTED_EDGE ( 'NONE', *, *, #2399, .F. ) ;
#1068 = ORIENTED_EDGE ( 'NONE', *, *, #1328, .T. ) ;
#1069 = VECTOR ( 'NONE', #1930, 1000.000000000000000 ) ;
#1070 = EDGE_CURVE ( 'NONE', #1690, #2236, #2306, .T. ) ;
#1071 = CARTESIAN_POINT ( 'NONE',  ( 238.4976487316980638, 161.1870652311781953, -0.1099999999999852207 ) ) ;
#1072 = CARTESIAN_POINT ( 'NONE',  ( 238.4575908544435663, 159.5770073539238751, 0.5200000000000000178 ) ) ;
#1073 = ORIENTED_EDGE ( 'NONE', *, *, #2090, .F. ) ;
#1074 = CYLINDRICAL_SURFACE ( 'NONE', #2320, 0.07999999999991347366 ) ;
#1075 = CARTESIAN_POINT ( 'NONE',  ( 239.1741398381033719, 161.0670652311783329, -1.420626228921839288E-14 ) ) ;
#1076 = LOCAL_TIME ( 14, 8, 29.00000000000000000, #2480 ) ;
#1077 = ADVANCED_FACE ( 'NONE', ( #39 ), #3006, .T. ) ;
#1078 = ORIENTED_EDGE ( 'NONE', *, *, #3028, .T. ) ;
#1079 = EDGE_CURVE ( 'NONE', #1854, #2142, #2309, .T. ) ;
#1080 = LINE ( 'NONE', #1802, #877 ) ;
#1081 = CIRCLE ( 'NONE', #1235, 0.07999999999983020693 ) ;
#1082 = CARTESIAN_POINT ( 'NONE',  ( 239.3341402020872692, 159.8070652311781430, 0.000000000000000000 ) ) ;
#1083 = ORIENTED_EDGE ( 'NONE', *, *, #540, .T. ) ;
#1084 = DIRECTION ( 'NONE',  ( 0.000000000000000000, -0.000000000000000000, -1.000000000000000000 ) ) ;
#1085 = EDGE_CURVE ( 'NONE', #2442, #3009, #1803, .T. ) ;
#1086 = VERTEX_POINT ( 'NONE', #1046 ) ;
#1087 = VERTEX_POINT ( 'NONE', #2743 ) ;
#1088 = LINE ( 'NONE', #823, #154 ) ;
#1089 = DIRECTION ( 'NONE',  ( 0.000000000000000000, -1.000000000000000000, 6.123234644776854578E-17 ) ) ;
#1090 = VECTOR ( 'NONE', #2488, 1000.000000000000114 ) ;
#1091 = VERTEX_POINT ( 'NONE', #801 ) ;
#1092 = LINE ( 'NONE', #3050, #1045 ) ;
#1093 = DIRECTION ( 'NONE',  ( 0.000000000000000000, 1.000000000000000000, -6.123233995736766036E-17 ) ) ;
#1094 = PLANE ( 'NONE',  #3039 ) ;
#1095 = CARTESIAN_POINT ( 'NONE',  ( 239.3877066089522145, 160.4170652311782135, 0.5200000000000000178 ) ) ;
#1096 = VECTOR ( 'NONE', #1721, 1000.000000000000000 ) ;
#1097 = VERTEX_POINT ( 'NONE', #2053 ) ;
#1098 = LINE ( 'NONE', #2808, #813 ) ;
#1099 = EDGE_CURVE ( 'NONE', #730, #1997, #3026, .T. ) ;
#1100 = EDGE_LOOP ( 'NONE', ( #193, #176, #1684, #624 ) ) ;
#1101 = ORIENTED_EDGE ( 'NONE', *, *, #1257, .T. ) ;
#1102 = CYLINDRICAL_SURFACE ( 'NONE', #3085, 0.07999999999983020693 ) ;
#1103 = DIRECTION ( 'NONE',  ( -1.000000000000000000, 0.000000000000000000, 0.000000000000000000 ) ) ;
#1104 = ORIENTED_EDGE ( 'NONE', *, *, #293, .T. ) ;
#1105 = DIRECTION ( 'NONE',  ( 0.000000000000000000, -1.000000000000000000, 0.000000000000000000 ) ) ;
#1106 = DIRECTION ( 'NONE',  ( 6.162975822039156098E-33, 0.000000000000000000, -1.000000000000000000 ) ) ;
#1107 = CARTESIAN_POINT ( 'NONE',  ( 239.4438367532332563, 160.9170652311782419, -0.1099999999999852207 ) ) ;
#1108 = ORIENTED_EDGE ( 'NONE', *, *, #1999, .T. ) ;
#1109 = VECTOR ( 'NONE', #2530, 1000.000000000000114 ) ;
#1110 = DIRECTION ( 'NONE',  ( -1.000000000000000000, -0.000000000000000000, 0.000000000000000000 ) ) ;
#1111 = AXIS2_PLACEMENT_3D ( 'NONE', #903, #1616, #183 ) ;
#1112 = ORIENTED_EDGE ( 'NONE', *, *, #3128, .F. ) ;
#1113 = CARTESIAN_POINT ( 'NONE',  ( 239.7469678947185798, 161.2170652311782248, -0.2665375653817250168 ) ) ;
#1114 = ORIENTED_EDGE ( 'NONE', *, *, #1175, .T. ) ;
#1115 = ORIENTED_EDGE ( 'NONE', *, *, #357, .F. ) ;
#1116 = CARTESIAN_POINT ( 'NONE',  ( 239.5209487316978425, 160.9170652311781851, -0.1900000000000000022 ) ) ;
#1117 = ORIENTED_EDGE ( 'NONE', *, *, #2008, .T. ) ;
#1118 = CARTESIAN_POINT ( 'NONE',  ( 239.2648581697844747, 159.8470652311780213, -0.1099999999999852207 ) ) ;
#1119 = CARTESIAN_POINT ( 'NONE',  ( 239.4958400127341918, 161.3322949501720132, -0.2864536898637414231 ) ) ;
#1120 = VECTOR ( 'NONE', #14, 1000.000000000000000 ) ;
#1121 = VERTEX_POINT ( 'NONE', #559 ) ;
#1122 = DIRECTION ( 'NONE',  ( 1.000000000000000000, 0.000000000000000000, 0.000000000000000000 ) ) ;
#1123 = DIRECTION ( 'NONE',  ( 0.000000000000000000, 0.000000000000000000, 1.000000000000000000 ) ) ;
#1124 = DIRECTION ( 'NONE',  ( -0.1378308382113328789, -0.1378308382113328789, 0.9808186988816651741 ) ) ;
#1125 = AXIS2_PLACEMENT_3D ( 'NONE', #1405, #409, #3114 ) ;
#1126 = CARTESIAN_POINT ( 'NONE',  ( 239.3757434818910212, 159.5920652311781964, -0.1099999999999852207 ) ) ;
#1127 = CIRCLE ( 'NONE', #558, 0.07999999999991347366 ) ;
#1128 = ORIENTED_EDGE ( 'NONE', *, *, #3189, .T. ) ;
#1129 = ORIENTED_EDGE ( 'NONE', *, *, #1443, .F. ) ;
#1130 = CARTESIAN_POINT ( 'NONE',  ( 237.8726487316978364, 160.5670652311781623, -0.3500000000000227374 ) ) ;
#1131 = VERTEX_POINT ( 'NONE', #2546 ) ;
#1132 = LINE ( 'NONE', #870, #3142 ) ;
#1133 = LINE ( 'NONE', #2886, #298 ) ;
#1134 = ORIENTED_EDGE ( 'NONE', *, *, #105, .T. ) ;
#1135 = DIRECTION ( 'NONE',  ( -1.000000000000000000, 0.000000000000000000, 0.000000000000000000 ) ) ;
#1136 = CARTESIAN_POINT ( 'NONE',  ( 238.4379786553168401, 161.3757623125741532, -0.2939159001784204528 ) ) ;
#1137 = FACE_OUTER_BOUND ( 'NONE', #1315, .T. ) ;
#1138 = AXIS2_PLACEMENT_3D ( 'NONE', #544, #234, #485 ) ;
#1139 = VERTEX_POINT ( 'NONE', #1014 ) ;
#1140 = DIRECTION ( 'NONE',  ( -1.000000000000000000, 0.000000000000000000, 0.000000000000000000 ) ) ;
#1141 = LINE ( 'NONE', #2840, #2252 ) ;
#1142 = LINE ( 'NONE', #2127, #341 ) ;
#1143 = VERTEX_POINT ( 'NONE', #1314 ) ;
#1144 = EDGE_LOOP ( 'NONE', ( #2605, #1559, #1129, #2637 ) ) ;
#1145 = AXIS2_PLACEMENT_3D ( 'NONE', #2739, #1711, #2439 ) ;
#1146 = LINE ( 'NONE', #915, #864 ) ;
#1147 = ORIENTED_EDGE ( 'NONE', *, *, #1172, .F. ) ;
#1148 = CARTESIAN_POINT ( 'NONE',  ( 239.2648581697844747, 159.8470652311780213, 0.000000000000000000 ) ) ;
#1149 = CYLINDRICAL_SURFACE ( 'NONE', #912, 0.09999999999999999167 ) ;
#1150 = DIRECTION ( 'NONE',  ( -1.000000000000000000, -0.000000000000000000, -0.000000000000000000 ) ) ;
#1151 = DIRECTION ( 'NONE',  ( -1.000000000000000000, 0.000000000000000000, 3.361026734705434195E-14 ) ) ;
#1152 = PRODUCT_DEFINITION_SHAPE ( 'NONE', 'NONE',  #250 ) ;
#1153 = EDGE_CURVE ( 'NONE', #362, #163, #206, .T. ) ;
#1154 = DIRECTION ( 'NONE',  ( 1.000000000000000000, 1.162056176164870995E-38, 5.961815595024305499E-64 ) ) ;
#1155 = CARTESIAN_POINT ( 'NONE',  ( 238.4176487316980797, 160.6470652311783169, -0.1100000000000000006 ) ) ;
#1156 = CARTESIAN_POINT ( 'NONE',  ( 239.3745547209305755, 159.8770652311781646, -0.1099999999999852207 ) ) ;
#1157 = EDGE_LOOP ( 'NONE', ( #2946, #3133, #3077 ) ) ;
#1158 = EDGE_LOOP ( 'NONE', ( #1217, #2203, #1083, #1073 ) ) ;
#1159 = VERTEX_POINT ( 'NONE', #76 ) ;
#1160 = VECTOR ( 'NONE', #1106, 1000.000000000000000 ) ;
#1161 = ADVANCED_FACE ( 'NONE', ( #1064 ), #2040, .T. ) ;
#1162 = DIRECTION ( 'NONE',  ( 3.875687649600065923E-13, -1.000000000000000000, 0.000000000000000000 ) ) ;
#1163 = VERTEX_POINT ( 'NONE', #3040 ) ;
#1164 = CARTESIAN_POINT ( 'NONE',  ( 239.2351487316978762, 161.3805652311781955, 0.2600000000000000089 ) ) ;
#1165 = CARTESIAN_POINT ( 'NONE',  ( 239.4073188080789123, 161.2767353075592496, -0.3800000000000021694 ) ) ;
#1166 = ORIENTED_EDGE ( 'NONE', *, *, #1540, .T. ) ;
#1167 = DIRECTION ( 'NONE',  ( 0.1378308382112766184, -0.1378308382112766184, -0.9808186988816810503 ) ) ;
#1168 = LINE ( 'NONE', #2149, #2796 ) ;
#1169 = EDGE_CURVE ( 'NONE', #2128, #604, #328, .T. ) ;
#1170 = CARTESIAN_POINT ( 'NONE',  ( 238.4176487316980797, 160.5670652311783044, -0.1100000000000000006 ) ) ;
#1171 = LINE ( 'NONE', #2914, #1488 ) ;
#1172 = EDGE_CURVE ( 'NONE', #1163, #2884, #349, .T. ) ;
#1173 = VERTEX_POINT ( 'NONE', #2733 ) ;
#1174 = DIRECTION ( 'NONE',  ( -1.000000000000000000, 0.000000000000000000, 0.000000000000000000 ) ) ;
#1175 = EDGE_CURVE ( 'NONE', #745, #2467, #1081, .T. ) ;
#1176 = DIRECTION ( 'NONE',  ( 0.000000000000000000, 0.9902700501491624729, -0.1391590017842005145 ) ) ;
#1177 = EDGE_LOOP ( 'NONE', ( #3164, #2317, #2041, #1817 ) ) ;
#1178 = EDGE_LOOP ( 'NONE', ( #80, #2057, #2383, #3094 ) ) ;
#1179 = EDGE_LOOP ( 'NONE', ( #2979, #237, #1574, #2572 ) ) ;
#1180 = DIRECTION ( 'NONE',  ( -1.000000000000000000, 1.291895883200021974E-13, 0.000000000000000000 ) ) ;
#1181 = CIRCLE ( 'NONE', #1327, 0.05000000000007575468 ) ;
#1182 = ORIENTED_EDGE ( 'NONE', *, *, #1407, .T. ) ;
#1183 = CARTESIAN_POINT ( 'NONE',  ( 238.3770255215290490, 159.4964420210093294, -0.3592761974456857299 ) ) ;
#1184 = FACE_OUTER_BOUND ( 'NONE', #702, .T. ) ;
#1185 = ORIENTED_EDGE ( 'NONE', *, *, #2624, .T. ) ;
#1186 = DIRECTION ( 'NONE',  ( 0.000000000000000000, 0.000000000000000000, 1.000000000000000000 ) ) ;
#1187 = CIRCLE ( 'NONE', #609, 0.05000000000007578244 ) ;
#1188 = CARTESIAN_POINT ( 'NONE',  ( 239.5642848774427875, 159.9170652311782703, -0.1100000000000430911 ) ) ;
#1189 = DIRECTION ( 'NONE',  ( -5.551115123117372561E-13, 0.000000000000000000, -1.000000000000000000 ) ) ;
#1190 = AXIS2_PLACEMENT_3D ( 'NONE', #3151, #1688, #2626 ) ;
#1191 = CYLINDRICAL_SURFACE ( 'NONE', #946, 0.07999999999999674039 ) ;
#1192 = CARTESIAN_POINT ( 'NONE',  ( 239.4099602632908557, 161.2793767627711929, 0.5200000000000017941 ) ) ;
#1193 = DIRECTION ( 'NONE',  ( 0.000000000000000000, -6.123233995736766036E-17, -1.000000000000000000 ) ) ;
#1194 = VECTOR ( 'NONE', #2731, 1000.000000000000000 ) ;
#1195 = DIRECTION ( 'NONE',  ( 0.000000000000000000, 1.000000000000000000, 0.000000000000000000 ) ) ;
#1196 = DIRECTION ( 'NONE',  ( -1.000000000000000000, 9.552071512997443458E-45, 1.559971496624811041E-28 ) ) ;
#1197 = EDGE_CURVE ( 'NONE', #2725, #3009, #1696, .T. ) ;
#1198 = FACE_OUTER_BOUND ( 'NONE', #1869, .T. ) ;
#1199 = EDGE_CURVE ( 'NONE', #1592, #2348, #218, .T. ) ;
#1200 = ORIENTED_EDGE ( 'NONE', *, *, #2220, .T. ) ;
#1201 = CALENDAR_DATE ( 2023, 10, 7 ) ;
#1202 = EDGE_CURVE ( 'NONE', #3043, #825, #603, .T. ) ;
#1203 = VERTEX_POINT ( 'NONE', #1935 ) ;
#1204 = EDGE_CURVE ( 'NONE', #2725, #3166, #3053, .T. ) ;
#1205 = DIRECTION ( 'NONE',  ( 1.000000000000000000, 0.000000000000000000, -0.000000000000000000 ) ) ;
#1206 = CC_DESIGN_DATE_AND_TIME_ASSIGNMENT ( #238, #2210, ( #2813 ) ) ;
#1207 = FACE_OUTER_BOUND ( 'NONE', #1513, .T. ) ;
#1208 = CIRCLE ( 'NONE', #268, 0.09999999999998984701 ) ;
#1209 = CARTESIAN_POINT ( 'NONE',  ( 238.4575908544435663, 161.3561520462316992, 0.4339021393448843633 ) ) ;
#1210 = DIRECTION ( 'NONE',  ( -1.000000000000000000, 0.000000000000000000, 0.000000000000000000 ) ) ;
#1211 = EDGE_CURVE ( 'NONE', #492, #305, #3173, .T. ) ;
#1212 = CARTESIAN_POINT ( 'NONE',  ( 238.6101487316979046, 161.3903652311782082, -0.1900000000000000022 ) ) ;
#1213 = EDGE_CURVE ( 'NONE', #2144, #583, #1171, .T. ) ;
#1214 = ORIENTED_EDGE ( 'NONE', *, *, #3021, .F. ) ;
#1215 = CARTESIAN_POINT ( 'NONE',  ( 239.1741398381034003, 160.9870652311783772, 0.000000000000000000 ) ) ;
#1216 = EDGE_CURVE ( 'NONE', #580, #3166, #46, .T. ) ;
#1217 = ORIENTED_EDGE ( 'NONE', *, *, #2500, .F. ) ;
#1218 = VECTOR ( 'NONE', #2135, 1000.000000000000000 ) ;
#1219 = ORIENTED_EDGE ( 'NONE', *, *, #1358, .T. ) ;
#1220 = DIRECTION ( 'NONE',  ( -1.000000000000000000, 9.552071512997443458E-45, 1.559971496624811041E-28 ) ) ;
#1221 = DIRECTION ( 'NONE',  ( 0.000000000000000000, 0.000000000000000000, -1.000000000000000000 ) ) ;
#1222 = CARTESIAN_POINT ( 'NONE',  ( 238.4344956684713281, 161.3524640835664172, 0.4601725583309023704 ) ) ;
#1223 = PLANE ( 'NONE',  #228 ) ;
#1224 = EDGE_CURVE ( 'NONE', #505, #1670, #2069, .T. ) ;
#1225 = ORIENTED_EDGE ( 'NONE', *, *, #2117, .F. ) ;
#1226 = LINE ( 'NONE', #1965, #259 ) ;
#1227 = CYLINDRICAL_SURFACE ( 'NONE', #3087, 0.05000000000007575468 ) ;
#1228 = EDGE_LOOP ( 'NONE', ( #2195, #1655, #2225, #1875 ) ) ;
#1229 = VECTOR ( 'NONE', #2379, 1000.000000000000000 ) ;
#1230 = PERSON_AND_ORGANIZATION ( #2358, #662 ) ;
#1231 =( BOUNDED_SURFACE ( )  B_SPLINE_SURFACE ( 3, 3, ( 
 ( #165, #2165, #1119, #1389 ),
 ( #1654, #2627, #2644, #704 ),
 ( #941, #633, #2385, #2866 ),
 ( #1689, #427, #2607, #2093 ) ),
 .UNSPECIFIED., .F., .F., .T. ) 
 B_SPLINE_SURFACE_WITH_KNOTS ( ( 4, 4 ),
 ( 4, 4 ),
 ( 0.000000000000000000, 1.000000000000000000 ),
 ( 0.000000000000000000, 1.000000000000000000 ),
 .UNSPECIFIED. ) 
 GEOMETRIC_REPRESENTATION_ITEM ( )  RATIONAL_B_SPLINE_SURFACE ( (
 ( 1.000000000000000000, 0.7623307573965468764, 0.7623307573965468764, 1.000000000000000000),
 ( 0.8339038757155028403, 0.6357105731701151452, 0.6357105731701151452, 0.8339038757155028403),
 ( 0.8339038757155028403, 0.6357105731701151452, 0.6357105731701151452, 0.8339038757155028403),
 ( 1.000000000000000000, 0.7623307573965468764, 0.7623307573965468764, 1.000000000000000000) ) ) 
 REPRESENTATION_ITEM ( '' )  SURFACE ( )  );
#1232 = ORIENTED_EDGE ( 'NONE', *, *, #2282, .F. ) ;
#1233 = LINE ( 'NONE', #992, #1634 ) ;
#1234 = DIRECTION ( 'NONE',  ( 1.000000000000000000, -4.736951571734718997E-14, -0.000000000000000000 ) ) ;
#1235 = AXIS2_PLACEMENT_3D ( 'NONE', #1918, #2806, #1412 ) ;
#1236 = CARTESIAN_POINT ( 'NONE',  ( 239.4867355467513903, 159.5770073539238183, 0.4339021393448945774 ) ) ;
#1237 = CARTESIAN_POINT ( 'NONE',  ( 238.4976487316980638, 160.6470652311783454, -0.1100000000000000006 ) ) ;
#1238 = VECTOR ( 'NONE', #2885, 1000.000000000000000 ) ;
#1239 = EDGE_CURVE ( 'NONE', #2977, #1317, #1587, .T. ) ;
#1240 = ORIENTED_EDGE ( 'NONE', *, *, #1197, .T. ) ;
#1241 = CARTESIAN_POINT ( 'NONE',  ( 239.7707913019712294, 159.9170652311782703, -0.3129151433707306751 ) ) ;
#1242 = VECTOR ( 'NONE', #2973, 1000.000000000000000 ) ;
#1243 = CARTESIAN_POINT ( 'NONE',  ( 239.4338382320842982, 161.2970652311782942, 3.814574123250033334E-35 ) ) ;
#1244 = ORIENTED_EDGE ( 'NONE', *, *, #1289, .T. ) ;
#1245 = ORIENTED_EDGE ( 'NONE', *, *, #1312, .F. ) ;
#1246 = DIRECTION ( 'NONE',  ( 2.242077542919707313E-44, 0.000000000000000000, -1.000000000000000000 ) ) ;
#1247 = CARTESIAN_POINT ( 'NONE',  ( 239.9726487316978876, 159.9170652311782703, -0.2665375653817250168 ) ) ;
#1248 = CARTESIAN_POINT ( 'NONE',  ( 239.8190945013654698, 159.9170652311782703, -0.3500000000000365041 ) ) ;
#1249 = AXIS2_PLACEMENT_3D ( 'NONE', #569, #1783, #597 ) ;
#1250 = DIRECTION ( 'NONE',  ( 0.000000000000000000, 0.000000000000000000, 1.000000000000000000 ) ) ;
#1251 = ADVANCED_FACE ( 'NONE', ( #1345 ), #1712, .T. ) ;
#1252 = DIRECTION ( 'NONE',  ( -1.000000000000000000, 0.000000000000000000, 0.000000000000000000 ) ) ;
#1253 = DIRECTION ( 'NONE',  ( -1.000000000000000000, 0.000000000000000000, 0.000000000000000000 ) ) ;
#1254 = EDGE_LOOP ( 'NONE', ( #1852, #1325, #3049, #1104 ) ) ;
#1255 = ORIENTED_EDGE ( 'NONE', *, *, #1726, .T. ) ;
#1256 = PERSON_AND_ORGANIZATION ( #2358, #662 ) ;
#1257 = EDGE_CURVE ( 'NONE', #1386, #2209, #2687, .T. ) ;
#1258 = VERTEX_POINT ( 'NONE', #435 ) ;
#1259 = DIRECTION ( 'NONE',  ( 0.000000000000000000, -1.000000000000000000, 6.123233995736766036E-17 ) ) ;
#1260 = LINE ( 'NONE', #539, #415 ) ;
#1261 = CARTESIAN_POINT ( 'NONE',  ( 238.7663987316979046, 161.2767353075592496, -0.2800000000000000266 ) ) ;
#1262 = EDGE_CURVE ( 'NONE', #305, #2269, #3138, .T. ) ;
#1263 = DIRECTION ( 'NONE',  ( 1.000000000000000000, 0.000000000000000000, 0.000000000000000000 ) ) ;
#1264 = PLANE ( 'NONE',  #2851 ) ;
#1265 = VECTOR ( 'NONE', #2665, 1000.000000000000000 ) ;
#1266 = EDGE_CURVE ( 'NONE', #2963, #596, #1187, .T. ) ;
#1267 = LINE ( 'NONE', #2007, #1548 ) ;
#1268 = ADVANCED_FACE ( 'NONE', ( #3120 ), #907, .T. ) ;
#1269 = CIRCLE ( 'NONE', #86, 0.05000000000007578244 ) ;
#1270 = DIRECTION ( 'NONE',  ( 0.000000000000000000, -1.000000000000000000, 6.123234644776854578E-17 ) ) ;
#1271 = ORIENTED_EDGE ( 'NONE', *, *, #239, .F. ) ;
#1272 = ORIENTED_EDGE ( 'NONE', *, *, #1058, .T. ) ;
#1273 = ORIENTED_EDGE ( 'NONE', *, *, #2296, .T. ) ;
#1274 = CARTESIAN_POINT ( 'NONE',  ( 239.4321814215326185, 159.4950162520194112, 0.4830967129953660510 ) ) ;
#1275 = FACE_OUTER_BOUND ( 'NONE', #1394, .T. ) ;
#1276 = CARTESIAN_POINT ( 'NONE',  ( 239.6645242633040311, 159.6170652311782874, -0.3413284587862603914 ) ) ;
#1277 = CARTESIAN_POINT ( 'NONE',  ( 238.3755997525391308, 161.3015979210129558, 0.4830967129953635530 ) ) ;
#1278 = FACE_OUTER_BOUND ( 'NONE', #3195, .T. ) ;
#1279 = VECTOR ( 'NONE', #2378, 1000.000000000000000 ) ;
#1280 = ORIENTED_EDGE ( 'NONE', *, *, #2608, .T. ) ;
#1281 =( BOUNDED_CURVE ( )  B_SPLINE_CURVE ( 3, ( #3013, #1986, #537, #807 ),
 .UNSPECIFIED., .F., .T. ) 
 B_SPLINE_CURVE_WITH_KNOTS ( ( 4, 4 ),
 ( 5.507465577112585109, 7.058905037246587355 ),
 .UNSPECIFIED. ) 
 CURVE ( )  GEOMETRIC_REPRESENTATION_ITEM ( )  RATIONAL_B_SPLINE_CURVE ( ( 1.000000000000000000, 0.8092781615750122004, 0.8092781615750122004, 1.000000000000000000 ) ) 
 REPRESENTATION_ITEM ( '' )  );
#1282 = CARTESIAN_POINT ( 'NONE',  ( 239.7188551155040557, 161.2170652311782248, -0.1186715412137812065 ) ) ;
#1283 = AXIS2_PLACEMENT_3D ( 'NONE', #2114, #408, #3078 ) ;
#1284 = DIRECTION ( 'NONE',  ( -0.000000000000000000, 1.000000000000000000, -9.035018104046865399E-17 ) ) ;
#1285 = ORIENTED_EDGE ( 'NONE', *, *, #2177, .F. ) ;
#1286 = ORIENTED_EDGE ( 'NONE', *, *, #1054, .F. ) ;
#1287 = EDGE_CURVE ( 'NONE', #3043, #93, #727, .T. ) ;
#1288 = ORIENTED_EDGE ( 'NONE', *, *, #2125, .F. ) ;
#1289 = EDGE_CURVE ( 'NONE', #2999, #848, #1461, .T. ) ;
#1290 = CIRCLE ( 'NONE', #2516, 0.07999999999983020693 ) ;
#1291 = CARTESIAN_POINT ( 'NONE',  ( 239.9726487316978876, 159.9170652311782703, -0.3500000000000227374 ) ) ;
#1292 = DIRECTION ( 'NONE',  ( -1.000000000000000000, 0.000000000000000000, 0.000000000000000000 ) ) ;
#1293 = CYLINDRICAL_SURFACE ( 'NONE', #1625, 0.09999999999999999167 ) ;
#1294 = EDGE_LOOP ( 'NONE', ( #2422, #2249, #562, #2330 ) ) ;
#1295 = CARTESIAN_POINT ( 'NONE',  ( 238.3389516503019365, 160.1670652311781851, -0.2939159001784164005 ) ) ;
#1296 = CARTESIAN_POINT ( 'NONE',  ( 238.4477909256238206, 159.5672074251040726, 0.3501922878592714783 ) ) ;
#1297 = DIRECTION ( 'NONE',  ( -0.1378308382113077879, -0.1378308382113077879, -0.9808186988816722796 ) ) ;
#1298 = EDGE_CURVE ( 'NONE', #3092, #2860, #451, .T. ) ;
#1299 = EDGE_CURVE ( 'NONE', #392, #730, #922, .T. ) ;
#1300 = CARTESIAN_POINT ( 'NONE',  ( 238.0262029620303110, 160.5670652311781623, -0.3000000000000113687 ) ) ;
#1301 = VERTEX_POINT ( 'NONE', #1961 ) ;
#1302 = EDGE_LOOP ( 'NONE', ( #1982, #560, #2493, #862 ) ) ;
#1303 = EDGE_CURVE ( 'NONE', #2025, #917, #2988, .T. ) ;
#1304 = DIRECTION ( 'NONE',  ( -1.618646753981117841E-14, 1.000000000000000000, 1.407285847664996485E-14 ) ) ;
#1305 = DIRECTION ( 'NONE',  ( 0.000000000000000000, 0.000000000000000000, -1.000000000000000000 ) ) ;
#1306 = EDGE_CURVE ( 'NONE', #2228, #1592, #18, .T. ) ;
#1307 = ORIENTED_EDGE ( 'NONE', *, *, #2421, .T. ) ;
#1308 = CARTESIAN_POINT ( 'NONE',  ( 239.4338382320840708, 159.6170652311782590, 0.000000000000000000 ) ) ;
#1309 = CYLINDRICAL_SURFACE ( 'NONE', #3118, 0.1000000000000131201 ) ;
#1310 = VECTOR ( 'NONE', #1093, 1000.000000000000000 ) ;
#1311 = CYLINDRICAL_SURFACE ( 'NONE', #524, 0.07999999999983020693 ) ;
#1312 = EDGE_CURVE ( 'NONE', #141, #1929, #2980, .T. ) ;
#1313 = VECTOR ( 'NONE', #1007, 1000.000000000000000 ) ;
#1314 = CARTESIAN_POINT ( 'NONE',  ( 238.2810125859528512, 160.2670652311781794, 0.000000000000000000 ) ) ;
#1315 = EDGE_LOOP ( 'NONE', ( #1440, #182, #522, #9 ) ) ;
#1316 = CARTESIAN_POINT ( 'NONE',  ( 238.2810125859526806, 160.4170652311782135, 0.000000000000000000 ) ) ;
#1317 = VERTEX_POINT ( 'NONE', #785 ) ;
#1318 = AXIS2_PLACEMENT_3D ( 'NONE', #378, #2839, #2633 ) ;
#1319 = DIRECTION ( 'NONE',  ( 1.000000000000000000, 0.000000000000000000, 0.000000000000000000 ) ) ;
#1320 = CARTESIAN_POINT ( 'NONE',  ( 239.5642848774427023, 160.9170652311782419, -0.1100000000000141420 ) ) ;
#1321 = ORIENTED_EDGE ( 'NONE', *, *, #515, .F. ) ;
#1322 = PLANE ( 'NONE',  #219 ) ;
#1323 = LINE ( 'NONE', #570, #1160 ) ;
#1324 = CC_DESIGN_APPROVAL ( #2202, ( #91 ) ) ;
#1325 = ORIENTED_EDGE ( 'NONE', *, *, #3100, .F. ) ;
#1326 = DIRECTION ( 'NONE',  ( -0.000000000000000000, 1.000000000000000000, -9.035018104046029699E-17 ) ) ;
#1327 = AXIS2_PLACEMENT_3D ( 'NONE', #938, #1870, #867 ) ;
#1328 = EDGE_CURVE ( 'NONE', #1954, #2824, #2458, .T. ) ;
#1329 = AXIS2_PLACEMENT_3D ( 'NONE', #2411, #204, #1490 ) ;
#1330 = CARTESIAN_POINT ( 'NONE',  ( 239.2676487316981024, 160.1170652311782874, -0.1100000000000000006 ) ) ;
#1331 = ORIENTED_EDGE ( 'NONE', *, *, #1884, .F. ) ;
#1332 = DIRECTION ( 'NONE',  ( 0.000000000000000000, 0.000000000000000000, -1.000000000000000000 ) ) ;
#1333 = ORIENTED_EDGE ( 'NONE', *, *, #748, .T. ) ;
#1334 = ORIENTED_EDGE ( 'NONE', *, *, #2771, .F. ) ;
#1335 = ORIENTED_EDGE ( 'NONE', *, *, #2052, .F. ) ;
#1336 = DIRECTION ( 'NONE',  ( 0.000000000000000000, 0.000000000000000000, -1.000000000000000000 ) ) ;
#1337 = LINE ( 'NONE', #2553, #2394 ) ;
#1338 = AXIS2_PLACEMENT_3D ( 'NONE', #2703, #2224, #1253 ) ;
#1339 = AXIS2_PLACEMENT_3D ( 'NONE', #2990, #2959, #1738 ) ;
#1340 = VERTEX_POINT ( 'NONE', #2258 ) ;
#1341 = DIRECTION ( 'NONE',  ( -0.2583028674140147585, 0.000000000000000000, -0.9660639878836689842 ) ) ;
#1342 = DIRECTION ( 'NONE',  ( -0.000000000000000000, 1.000000000000000000, -6.123234644776854578E-17 ) ) ;
#1343 = CARTESIAN_POINT ( 'NONE',  ( 239.6125880768368290, 159.9170652311782703, -0.1470848566293763426 ) ) ;
#1344 = ORIENTED_EDGE ( 'NONE', *, *, #190, .F. ) ;
#1345 = FACE_OUTER_BOUND ( 'NONE', #3074, .T. ) ;
#1346 = AXIS2_PLACEMENT_3D ( 'NONE', #117, #1105, #324 ) ;
#1347 = ORIENTED_EDGE ( 'NONE', *, *, #623, .F. ) ;
#1348 = CARTESIAN_POINT ( 'NONE',  ( 238.4176487316980797, 160.2670652311781794, 0.000000000000000000 ) ) ;
#1349 = VERTEX_POINT ( 'NONE', #248 ) ;
#1350 = ORIENTED_EDGE ( 'NONE', *, *, #2290, .F. ) ;
#1351 = CARTESIAN_POINT ( 'NONE',  ( 239.2676487316981593, 160.0370652311781328, -0.1100000000000000006 ) ) ;
#1352 = ORIENTED_EDGE ( 'NONE', *, *, #1776, .T. ) ;
#1353 = DIRECTION ( 'NONE',  ( -1.000000000000000000, -0.000000000000000000, -0.000000000000000000 ) ) ;
#1354 = FACE_OUTER_BOUND ( 'NONE', #364, .T. ) ;
#1355 = VERTEX_POINT ( 'NONE', #1237 ) ;
#1356 = CARTESIAN_POINT ( 'NONE',  ( 238.3770255215290490, 159.4964420210093294, -0.3592761974456857299 ) ) ;
#1357 = CYLINDRICAL_SURFACE ( 'NONE', #2702, 0.1000000000000125788 ) ;
#1358 = EDGE_CURVE ( 'NONE', #1258, #580, #1473, .T. ) ;
#1359 = DIRECTION ( 'NONE',  ( 0.000000000000000000, 1.000000000000000000, 1.232595164408019793E-32 ) ) ;
#1360 = ORIENTED_EDGE ( 'NONE', *, *, #1863, .T. ) ;
#1361 = FACE_OUTER_BOUND ( 'NONE', #1514, .T. ) ;
#1362 = VECTOR ( 'NONE', #2355, 1000.000000000000000 ) ;
#1363 = CIRCLE ( 'NONE', #2447, 0.1599999999999965616 ) ;
#1364 = CARTESIAN_POINT ( 'NONE',  ( 238.4176487316980797, 160.2670652311781794, -0.3500000000000511591 ) ) ;
#1365 = ORIENTED_EDGE ( 'NONE', *, *, #2878, .T. ) ;
#1366 = ORIENTED_EDGE ( 'NONE', *, *, #1535, .T. ) ;
#1367 = DESIGN_CONTEXT ( 'detailed design', #423, 'design' ) ;
#1368 = CARTESIAN_POINT ( 'NONE',  ( 239.5476487316886391, 159.5160922362023257, -6.579108024450485960E-11 ) ) ;
#1369 = VERTEX_POINT ( 'NONE', #3001 ) ;
#1370 = PLANE ( 'NONE',  #2981 ) ;
#1371 = CARTESIAN_POINT ( 'NONE',  ( 238.3585619166443905, 161.2571231084325518, 0.4339021393448878605 ) ) ;
#1372 = ORIENTED_EDGE ( 'NONE', *, *, #239, .T. ) ;
#1373 = CARTESIAN_POINT ( 'NONE',  ( 239.7469678947185798, 159.6170652311782874, -0.4600000000000079581 ) ) ;
#1374 = CYLINDRICAL_SURFACE ( 'NONE', #2538, 0.1600000000000250389 ) ;
#1375 = DIRECTION ( 'NONE',  ( -0.000000000000000000, -0.000000000000000000, -1.000000000000000000 ) ) ;
#1376 = EDGE_LOOP ( 'NONE', ( #367, #2992, #835, #666 ) ) ;
#1377 = CYLINDRICAL_SURFACE ( 'NONE', #396, 0.09999999999999999167 ) ;
#1378 = DIRECTION ( 'NONE',  ( 0.000000000000000000, 0.000000000000000000, -1.000000000000000000 ) ) ;
#1379 = DIRECTION ( 'NONE',  ( 0.000000000000000000, -1.000000000000000000, 0.000000000000000000 ) ) ;
#1380 = AXIS2_PLACEMENT_3D ( 'NONE', #678, #643, #189 ) ;
#1381 = ORIENTED_EDGE ( 'NONE', *, *, #486, .F. ) ;
#1382 = ORIENTED_EDGE ( 'NONE', *, *, #1529, .F. ) ;
#1383 = EDGE_CURVE ( 'NONE', #3057, #3112, #797, .T. ) ;
#1384 = CARTESIAN_POINT ( 'NONE',  ( 239.7707913019712294, 159.6170652311782874, -0.3129151433707306751 ) ) ;
#1385 = ADVANCED_FACE ( 'NONE', ( #1278 ), #1223, .T. ) ;
#1386 = VERTEX_POINT ( 'NONE', #1784 ) ;
#1387 = AXIS2_PLACEMENT_3D ( 'NONE', #1118, #850, #1855 ) ;
#1388 = CARTESIAN_POINT ( 'NONE',  ( 239.7707913019712294, 159.9170652311782703, -0.3129151433707306751 ) ) ;
#1389 = CARTESIAN_POINT ( 'NONE',  ( 239.4847065362962724, 161.3360132149466892, -0.2577004659887194293 ) ) ;
#1390 = CARTESIAN_POINT ( 'NONE',  ( 239.9726487316978876, 161.2170652311782248, -0.4600000000000174505 ) ) ;
#1391 = DIRECTION ( 'NONE',  ( -0.000000000000000000, 1.000000000000000000, -0.000000000000000000 ) ) ;
#1392 = APPROVAL ( #1467, 'UNSPECIFIED' ) ;
#1393 = DIRECTION ( 'NONE',  ( -2.242077542919707313E-44, -0.000000000000000000, 1.000000000000000000 ) ) ;
#1394 = EDGE_LOOP ( 'NONE', ( #2402, #610, #1847, #2147 ) ) ;
#1395 = CARTESIAN_POINT ( 'NONE',  ( 238.4976487316981775, 160.9670652311781964, -0.1099999999999852207 ) ) ;
#1396 = CARTESIAN_POINT ( 'NONE',  ( 239.8190945013654130, 159.9170652311782703, -0.3500000000000501599 ) ) ;
#1397 = DIRECTION ( 'NONE',  ( -0.000000000000000000, 1.232595164407830946E-32, 1.000000000000000000 ) ) ;
#1398 = ORIENTED_EDGE ( 'NONE', *, *, #2199, .T. ) ;
#1399 = EDGE_CURVE ( 'NONE', #10, #3092, #1621, .T. ) ;
#1400 = EDGE_LOOP ( 'NONE', ( #2479, #3041, #2581, #274 ) ) ;
#1401 = VECTOR ( 'NONE', #1263, 1000.000000000000000 ) ;
#1402 = CARTESIAN_POINT ( 'NONE',  ( 239.1741398381034003, 159.7670652311780941, 0.000000000000000000 ) ) ;
#1403 = ORIENTED_EDGE ( 'NONE', *, *, #3121, .F. ) ;
#1404 = DIRECTION ( 'NONE',  ( -0.1378308382113566932, 0.1378308382113566932, 0.9808186988816585128 ) ) ;
#1405 = CARTESIAN_POINT ( 'NONE',  ( 238.5776487316981047, 159.6470652311783169, 0.000000000000000000 ) ) ;
#1406 = EDGE_LOOP ( 'NONE', ( #41, #1594, #2953, #2074 ) ) ;
#1407 = EDGE_CURVE ( 'NONE', #1591, #2442, #1508, .T. ) ;
#1408 = CARTESIAN_POINT ( 'NONE',  ( 238.4157292179707781, 159.5351457174510301, -0.3800000000000000044 ) ) ;
#1409 = CARTESIAN_POINT ( 'NONE',  ( 238.2810125859530217, 160.5670652311781623, -0.1600000000000534328 ) ) ;
#1410 = ADVANCED_FACE ( 'NONE', ( #2958 ), #2497, .T. ) ;
#1411 = CYLINDRICAL_SURFACE ( 'NONE', #2433, 0.09999999999998898659 ) ;
#1412 = DIRECTION ( 'NONE',  ( -1.000000000000000000, 0.000000000000000000, -6.162975822039944329E-33 ) ) ;
#1413 = ORIENTED_EDGE ( 'NONE', *, *, #1298, .F. ) ;
#1414 = DIRECTION ( 'NONE',  ( -1.000000000000000000, 0.000000000000000000, 0.000000000000000000 ) ) ;
#1415 = EDGE_CURVE ( 'NONE', #145, #2880, #1737, .T. ) ;
#1416 = CARTESIAN_POINT ( 'NONE',  ( 239.4338382320842982, 161.2970652311782942, -0.1099999999999852207 ) ) ;
#1417 = LINE ( 'NONE', #209, #1698 ) ;
#1418 = ORIENTED_EDGE ( 'NONE', *, *, #1257, .F. ) ;
#1419 = ORIENTED_EDGE ( 'NONE', *, *, #1306, .F. ) ;
#1420 = AXIS2_PLACEMENT_3D ( 'NONE', #945, #3169, #3135 ) ;
#1421 = CARTESIAN_POINT ( 'NONE',  ( 238.3559956600623764, 159.5129274746804242, -0.3431069562255188998 ) ) ;
#1422 = ORIENTED_EDGE ( 'NONE', *, *, #584, .F. ) ;
#1423 = CARTESIAN_POINT ( 'NONE',  ( 239.0258158683616045, 159.8670652311782874, -1.420932390654076802E-14 ) ) ;
#1424 = ORIENTED_EDGE ( 'NONE', *, *, #2540, .F. ) ;
#1425 = DIRECTION ( 'NONE',  ( 0.000000000000000000, 0.000000000000000000, -1.000000000000000000 ) ) ;
#1426 = CARTESIAN_POINT ( 'NONE',  ( 239.3877066089521861, 159.5770073539238751, 0.5200000000000000178 ) ) ;
#1427 = LINE ( 'NONE', #2426, #1362 ) ;
#1428 = AXIS2_PLACEMENT_3D ( 'NONE', #1291, #2995, #31 ) ;
#1429 = CARTESIAN_POINT ( 'NONE',  ( 239.0258158683616330, 159.8670652311782874, 0.000000000000000000 ) ) ;
#1430 = CARTESIAN_POINT ( 'NONE',  ( 239.2648581697845032, 161.0670652311784181, -0.1099999999999852207 ) ) ;
#1431 = DIRECTION ( 'NONE',  ( -0.000000000000000000, -0.000000000000000000, 1.000000000000000000 ) ) ;
#1432 = LINE ( 'NONE', #2617, #466 ) ;
#1433 = VECTOR ( 'NONE', #2055, 1000.000000000000000 ) ;
#1434 = ADVANCED_FACE ( 'NONE', ( #556 ), #2232, .T. ) ;
#1435 = CARTESIAN_POINT ( 'NONE',  ( 238.2327093865589234, 160.5670652311781623, -0.1470848566293625481 ) ) ;
#1436 = CARTESIAN_POINT ( 'NONE',  ( 238.4976487316980638, 160.7970652311783510, 0.000000000000000000 ) ) ;
#1437 = VECTOR ( 'NONE', #208, 1000.000000000000000 ) ;
#1438 = ORIENTED_EDGE ( 'NONE', *, *, #2646, .F. ) ;
#1439 = DATE_AND_TIME ( #735, #512 ) ;
#1440 = ORIENTED_EDGE ( 'NONE', *, *, #2475, .T. ) ;
#1441 = CARTESIAN_POINT ( 'NONE',  ( 239.2648581697844747, 159.7670652311780657, -0.1099999999999852207 ) ) ;
#1442 = AXIS2_PLACEMENT_3D ( 'NONE', #2517, #1284, #788 ) ;
#1443 = EDGE_CURVE ( 'NONE', #1609, #2250, #529, .T. ) ;
#1444 = LINE ( 'NONE', #168, #3171 ) ;
#1445 = CIRCLE ( 'NONE', #111, 0.08000000000010776269 ) ;
#1446 = CARTESIAN_POINT ( 'NONE',  ( 238.8404969156283641, 160.7970652311782374, 0.000000000000000000 ) ) ;
#1447 = DIRECTION ( 'NONE',  ( -0.000000000000000000, 1.000000000000000000, -9.035018104046865399E-17 ) ) ;
#1448 = AXIS2_PLACEMENT_3D ( 'NONE', #2804, #1326, #103 ) ;
#1449 = EDGE_CURVE ( 'NONE', #1340, #2547, #1835, .T. ) ;
#1450 = CARTESIAN_POINT ( 'NONE',  ( 239.4338382320840708, 159.5370652311782180, 0.000000000000000000 ) ) ;
#1451 = PLANE ( 'NONE',  #3073 ) ;
#1452 = CARTESIAN_POINT ( 'NONE',  ( 238.2810125859530217, 160.4170652311782135, -0.1100000000000000006 ) ) ;
#1453 = ORIENTED_EDGE ( 'NONE', *, *, #50, .F. ) ;
#1454 = PERSON_AND_ORGANIZATION_ROLE ( 'design_supplier' ) ;
#1455 = EDGE_LOOP ( 'NONE', ( #607, #2314, #1970, #2213 ) ) ;
#1456 = ADVANCED_FACE ( 'NONE', ( #2201 ), #1264, .T. ) ;
#1457 = CARTESIAN_POINT ( 'NONE',  ( 238.2921687382429639, 160.5670652311783044, -0.1100000000000000006 ) ) ;
#1458 = FACE_OUTER_BOUND ( 'NONE', #1178, .T. ) ;
#1459 = CARTESIAN_POINT ( 'NONE',  ( 239.8190945013654982, 159.9170652311782703, -0.2999999999999829470 ) ) ;
#1460 = CARTESIAN_POINT ( 'NONE',  ( 238.5776487316981047, 159.6470652311783169, -0.1099999999999852207 ) ) ;
#1461 = LINE ( 'NONE', #1661, #2875 ) ;
#1462 = ORIENTED_EDGE ( 'NONE', *, *, #2194, .F. ) ;
#1463 = EDGE_LOOP ( 'NONE', ( #96, #1335, #1926, #645 ) ) ;
#1464 = CARTESIAN_POINT ( 'NONE',  ( 239.3745547209304334, 160.9570652311783761, -0.1099999999999852207 ) ) ;
#1465 = DIRECTION ( 'NONE',  ( -1.000000000000000000, 0.000000000000000000, -2.242077542919371271E-44 ) ) ;
#1466 = ORIENTED_EDGE ( 'NONE', *, *, #2781, .T. ) ;
#1467 = APPROVAL_STATUS ( 'not_yet_approved' ) ;
#1468 = VECTOR ( 'NONE', #118, 1000.000000000000000 ) ;
#1469 = EDGE_LOOP ( 'NONE', ( #422, #1245, #913, #1906, #2748, #1808, #928, #1001, #2262, #2621, #2722, #521, #1381, #2597, #1841 ) ) ;
#1470 = DIRECTION ( 'NONE',  ( 0.1390213934488735981, 0.000000000000000000, 0.9902893779918744421 ) ) ;
#1471 = EDGE_CURVE ( 'NONE', #591, #1483, #85, .T. ) ;
#1472 = VECTOR ( 'NONE', #1167, 1000.000000000000114 ) ;
#1473 =( BOUNDED_CURVE ( )  B_SPLINE_CURVE ( 3, ( #3187, #2, #2006, #997 ),
 .UNSPECIFIED., .F., .T. ) 
 B_SPLINE_CURVE_WITH_KNOTS ( ( 4, 4 ),
 ( 1.570796326794830611, 2.346530414572136625 ),
 .UNSPECIFIED. ) 
 CURVE ( )  GEOMETRIC_REPRESENTATION_ITEM ( )  RATIONAL_B_SPLINE_CURVE ( ( 1.000000000000000000, 0.9504785870060153963, 0.9504785870060153963, 1.000000000000000000 ) ) 
 REPRESENTATION_ITEM ( '' )  );
#1474 = DIRECTION ( 'NONE',  ( 0.2583028674139442593, 0.000000000000000000, 0.9660639878836878580 ) ) ;
#1475 = CARTESIAN_POINT ( 'NONE',  ( 239.9726487316978876, 159.9170652311782703, -0.3500000000000227374 ) ) ;
#1476 = DIRECTION ( 'NONE',  ( 0.000000000000000000, 1.000000000000000000, 0.000000000000000000 ) ) ;
#1477 = VERTEX_POINT ( 'NONE', #1075 ) ;
#1478 = LINE ( 'NONE', #1241, #1090 ) ;
#1479 = VECTOR ( 'NONE', #911, 1000.000000000000000 ) ;
#1480 = FACE_OUTER_BOUND ( 'NONE', #490, .T. ) ;
#1481 = APPROVAL_PERSON_ORGANIZATION ( #2923, #2202, #3181 ) ;
#1482 = EDGE_LOOP ( 'NONE', ( #1360, #1006, #2818, #1994 ) ) ;
#1483 = VERTEX_POINT ( 'NONE', #1538 ) ;
#1484 = EDGE_CURVE ( 'NONE', #2547, #145, #325, .T. ) ;
#1485 = CARTESIAN_POINT ( 'NONE',  ( 239.3757434818910497, 159.5920652311781964, 0.000000000000000000 ) ) ;
#1486 = FACE_OUTER_BOUND ( 'NONE', #1100, .T. ) ;
#1487 = LINE ( 'NONE', #1988, #391 ) ;
#1488 = VECTOR ( 'NONE', #186, 1000.000000000000000 ) ;
#1489 = CARTESIAN_POINT ( 'NONE',  ( 238.2976487318197769, 159.5160927195109934, -1.720104150797306472E-06 ) ) ;
#1490 = DIRECTION ( 'NONE',  ( -5.551115123117372561E-13, 0.000000000000000000, -1.000000000000000000 ) ) ;
#1491 = FACE_OUTER_BOUND ( 'NONE', #3126, .T. ) ;
#1492 = EDGE_CURVE ( 'NONE', #936, #1087, #2820, .T. ) ;
#1493 = AXIS2_PLACEMENT_3D ( 'NONE', #252, #2444, #1951 ) ;
#1494 = DIRECTION ( 'NONE',  ( -1.000000000000000000, -0.000000000000000000, -0.000000000000000000 ) ) ;
#1495 = EDGE_LOOP ( 'NONE', ( #2620, #1703, #2833, #1350, #1791 ) ) ;
#1496 = ORIENTED_EDGE ( 'NONE', *, *, #1303, .F. ) ;
#1497 = APPLICATION_PROTOCOL_DEFINITION ( 'international standard', 'config_control_design', 1994, #423 ) ;
#1498 = ADVANCED_FACE ( 'NONE', ( #2775 ), #1357, .T. ) ;
#1499 = ORIENTED_EDGE ( 'NONE', *, *, #293, .F. ) ;
#1500 = CARTESIAN_POINT ( 'NONE',  ( 238.4214703973723886, 161.4274043392794624, -0.2697512738808938715 ) ) ;
#1501 = CARTESIAN_POINT ( 'NONE',  ( 239.5531287251528170, 159.9170652311782703, -0.1100000000000136563 ) ) ;
#1502 = DIRECTION ( 'NONE',  ( -5.551115123117372561E-13, 0.000000000000000000, -1.000000000000000000 ) ) ;
#1503 = EDGE_CURVE ( 'NONE', #583, #3190, #2338, .T. ) ;
#1504 = VECTOR ( 'NONE', #1154, 1000.000000000000000 ) ;
#1505 = CARTESIAN_POINT ( 'NONE',  ( 239.6125880768368290, 159.9170652311782703, -0.1470848566293625481 ) ) ;
#1506 = DIRECTION ( 'NONE',  ( 0.000000000000000000, -1.000000000000000000, -0.000000000000000000 ) ) ;
#1507 = EDGE_CURVE ( 'NONE', #2368, #499, #338, .T. ) ;
#1508 =( BOUNDED_CURVE ( )  B_SPLINE_CURVE ( 3, ( #1025, #2219, #1010, #1722 ),
 .UNSPECIFIED., .F., .T. ) 
 B_SPLINE_CURVE_WITH_KNOTS ( ( 4, 4 ),
 ( 1.570796326794881681, 2.346530414571672551 ),
 .UNSPECIFIED. ) 
 CURVE ( )  GEOMETRIC_REPRESENTATION_ITEM ( )  RATIONAL_B_SPLINE_CURVE ( ( 1.000000000000000000, 0.9504785870060802333, 0.9504785870060802333, 1.000000000000000000 ) ) 
 REPRESENTATION_ITEM ( '' )  );
#1509 = CARTESIAN_POINT ( 'NONE',  ( 239.8190945013653845, 161.2170652311782248, -0.4600000000000079581 ) ) ;
#1510 = ADVANCED_FACE ( 'NONE', ( #827 ), #616, .T. ) ;
#1511 = CARTESIAN_POINT ( 'NONE',  ( 239.8190945013654698, 159.6170652311782874, -0.3500000000000365041 ) ) ;
#1512 = ORIENTED_EDGE ( 'NONE', *, *, #1792, .T. ) ;
#1513 = EDGE_LOOP ( 'NONE', ( #1775, #2528, #2110, #1418 ) ) ;
#1514 = EDGE_LOOP ( 'NONE', ( #1240, #2568, #72, #2831, #2027, #885 ) ) ;
#1515 = CARTESIAN_POINT ( 'NONE',  ( 238.4116453876781065, 161.3945069999557234, -0.3969456428504662959 ) ) ;
#1516 = CARTESIAN_POINT ( 'NONE',  ( 238.3966282225757993, 161.3180857403003188, 0.4992688937462449461 ) ) ;
#1517 = VECTOR ( 'NONE', #1342, 1000.000000000000000 ) ;
#1518 = DIRECTION ( 'NONE',  ( 0.000000000000000000, 0.000000000000000000, 1.000000000000000000 ) ) ;
#1519 = CARTESIAN_POINT ( 'NONE',  ( 239.1741398381034003, 160.9870652311783772, -0.1099999999999852207 ) ) ;
#1520 = AXIS2_PLACEMENT_3D ( 'NONE', #511, #1234, #1959 ) ;
#1521 = FACE_OUTER_BOUND ( 'NONE', #1619, .T. ) ;
#1522 = EDGE_CURVE ( 'NONE', #577, #2963, #3037, .T. ) ;
#1523 = VECTOR ( 'NONE', #2664, 1000.000000000000000 ) ;
#1524 = EDGE_CURVE ( 'NONE', #1845, #163, #1799, .T. ) ;
#1525 = EDGE_CURVE ( 'NONE', #501, #2706, #1825, .T. ) ;
#1526 = CARTESIAN_POINT ( 'NONE',  ( 239.4486212433650110, 161.4170652310563412, -1.720104175520126783E-06 ) ) ;
#1527 = ORIENTED_EDGE ( 'NONE', *, *, #387, .F. ) ;
#1528 = ORIENTED_EDGE ( 'NONE', *, *, #4, .F. ) ;
#1529 = EDGE_CURVE ( 'NONE', #745, #2386, #1323, .T. ) ;
#1530 = ORIENTED_EDGE ( 'NONE', *, *, #170, .T. ) ;
#1531 = CARTESIAN_POINT ( 'NONE',  ( 239.4338382320840992, 159.6170652311782874, -0.2665375653817250168 ) ) ;
#1532 = VECTOR ( 'NONE', #834, 1000.000000000000000 ) ;
#1533 = DIRECTION ( 'NONE',  ( 0.000000000000000000, 1.000000000000000000, 0.000000000000000000 ) ) ;
#1534 = CARTESIAN_POINT ( 'NONE',  ( 239.4058302544991648, 159.4672333449831569, -0.3473315307410661523 ) ) ;
#1535 = EDGE_CURVE ( 'NONE', #358, #1121, #102, .T. ) ;
#1536 = ORIENTED_EDGE ( 'NONE', *, *, #2121, .T. ) ;
#1537 = CARTESIAN_POINT ( 'NONE',  ( 239.3341402020871840, 159.8070652311780577, 0.000000000000000000 ) ) ;
#1538 = CARTESIAN_POINT ( 'NONE',  ( 239.3341402020872692, 161.0270652311783692, -0.1099999999999852207 ) ) ;
#1539 = VECTOR ( 'NONE', #648, 1000.000000000000000 ) ;
#1540 = EDGE_CURVE ( 'NONE', #564, #3139, #2744, .T. ) ;
#1541 = CARTESIAN_POINT ( 'NONE',  ( 239.3476487316981718, 160.1170652311782874, -0.1100000000000000006 ) ) ;
#1542 = AXIS2_PLACEMENT_3D ( 'NONE', #1164, #1893, #2145 ) ;
#1543 = EDGE_CURVE ( 'NONE', #2706, #370, #2557, .T. ) ;
#1544 = DIRECTION ( 'NONE',  ( -0.000000000000000000, -0.000000000000000000, 1.000000000000000000 ) ) ;
#1545 = ADVANCED_FACE ( 'NONE', ( #375 ), #1309, .T. ) ;
#1546 = VERTEX_POINT ( 'NONE', #1860 ) ;
#1547 = VERTEX_POINT ( 'NONE', #2835 ) ;
#1548 = VECTOR ( 'NONE', #1772, 1000.000000000000000 ) ;
#1549 = DIRECTION ( 'NONE',  ( 0.000000000000000000, 0.000000000000000000, -1.000000000000000000 ) ) ;
#1550 = CARTESIAN_POINT ( 'NONE',  ( 239.6125880768368290, 161.2170652311782248, -0.1470848566293625481 ) ) ;
#1551 = EDGE_CURVE ( 'NONE', #3069, #1086, #74, .T. ) ;
#1552 = ORIENTED_EDGE ( 'NONE', *, *, #1739, .F. ) ;
#1553 = DIRECTION ( 'NONE',  ( 1.000000000000000000, 2.690598056701187800E-13, 0.000000000000000000 ) ) ;
#1554 = CARTESIAN_POINT ( 'NONE',  ( 238.8404969156283641, 160.0370652311781328, 0.000000000000000000 ) ) ;
#1555 =( BOUNDED_CURVE ( )  B_SPLINE_CURVE ( 3, ( #2590, #2352, #3152, #2903 ),
 .UNSPECIFIED., .F., .F. ) 
 B_SPLINE_CURVE_WITH_KNOTS ( ( 4, 4 ),
 ( 2.365872923523198335, 3.917312383657161057 ),
 .UNSPECIFIED. ) 
 CURVE ( )  GEOMETRIC_REPRESENTATION_ITEM ( )  RATIONAL_B_SPLINE_CURVE ( ( 1.000000000000000000, 0.8092781615750214153, 0.8092781615750214153, 1.000000000000000000 ) ) 
 REPRESENTATION_ITEM ( '' )  );
#1556 = AXIS2_PLACEMENT_3D ( 'NONE', #742, #1824, #3000 ) ;
#1557 = CARTESIAN_POINT ( 'NONE',  ( 239.5642848774430718, 161.0670652311783329, -2.841252457843684571E-14 ) ) ;
#1558 = CARTESIAN_POINT ( 'NONE',  ( 238.4346415961538526, 159.5540580956341330, -0.2562531370423968835 ) ) ;
#1559 = ORIENTED_EDGE ( 'NONE', *, *, #2194, .T. ) ;
#1560 = DIRECTION ( 'NONE',  ( 0.2583028674141435999, 0.000000000000000000, -0.9660639878836345673 ) ) ;
#1561 = ORIENTED_EDGE ( 'NONE', *, *, #300, .T. ) ;
#1562 = CARTESIAN_POINT ( 'NONE',  ( 238.4379786553168401, 159.4583681497822170, -0.2939159001784210079 ) ) ;
#1563 = CARTESIAN_POINT ( 'NONE',  ( 238.4976487316980922, 160.4170652311782135, 0.000000000000000000 ) ) ;
#1564 = VERTEX_POINT ( 'NONE', #2285 ) ;
#1565 = ADVANCED_FACE ( 'NONE', ( #3019 ), #812, .T. ) ;
#1566 = FACE_OUTER_BOUND ( 'NONE', #40, .T. ) ;
#1567 = DIRECTION ( 'NONE',  ( -0.1376971287150893231, -0.1376971287150893231, -0.9808562593403992169 ) ) ;
#1568 = ORIENTED_EDGE ( 'NONE', *, *, #1773, .T. ) ;
#1569 = LINE ( 'NONE', #2051, #2827 ) ;
#1570 = LINE ( 'NONE', #284, #1916 ) ;
#1571 = EDGE_LOOP ( 'NONE', ( #1667, #2863, #2899, #634 ) ) ;
#1572 = DIRECTION ( 'NONE',  ( -1.000000000000000000, 0.000000000000000000, 1.850923245088087029E-13 ) ) ;
#1573 = ORIENTED_EDGE ( 'NONE', *, *, #2670, .F. ) ;
#1574 = ORIENTED_EDGE ( 'NONE', *, *, #241, .F. ) ;
#1575 = EDGE_LOOP ( 'NONE', ( #2700, #1067, #161, #1724 ) ) ;
#1576 = CARTESIAN_POINT ( 'NONE',  ( 239.3176487316981138, 159.5670652311783044, -3.580365408265269113E-34 ) ) ;
#1577 = DIRECTION ( 'NONE',  ( -6.162975822039156098E-33, -0.000000000000000000, 1.000000000000000000 ) ) ;
#1578 = VERTEX_POINT ( 'NONE', #465 ) ;
#1579 = CLOSED_SHELL ( 'NONE', ( #335, #1643, #530, #649, #816, #62, #2412, #1770, #2100, #1023, #2111, #2389, #829, #1077, #16, #3044, #709, #283, #395, #2223, #153, #866, #2523, #1766, #618 ) ) ;
#1580 = DIRECTION ( 'NONE',  ( 0.2583028674139267178, 0.000000000000000000, -0.9660639878836925210 ) ) ;
#1581 = DIRECTION ( 'NONE',  ( -1.000000000000000000, 0.000000000000000000, 0.000000000000000000 ) ) ;
#1582 = LOCAL_TIME ( 14, 8, 29.00000000000000000, #974 ) ;
#1583 = CARTESIAN_POINT ( 'NONE',  ( 239.4486692408199815, 159.5160447220560798, 0.4992688937462406162 ) ) ;
#1584 = VERTEX_POINT ( 'NONE', #448 ) ;
#1585 = CIRCLE ( 'NONE', #411, 0.08000000000013551826 ) ;
#1586 = VECTOR ( 'NONE', #755, 1000.000000000000000 ) ;
#1587 = LINE ( 'NONE', #2085, #2211 ) ;
#1588 = EDGE_CURVE ( 'NONE', #1578, #362, #1444, .T. ) ;
#1589 = ORIENTED_EDGE ( 'NONE', *, *, #1677, .F. ) ;
#1590 = CARTESIAN_POINT ( 'NONE',  ( 239.4438367532334269, 159.9170652311782419, -0.1099999999999852207 ) ) ;
#1591 = VERTEX_POINT ( 'NONE', #924 ) ;
#1592 = VERTEX_POINT ( 'NONE', #889 ) ;
#1593 = CARTESIAN_POINT ( 'NONE',  ( 238.3426431675841286, 159.5343037160290578, -0.3201851242838422706 ) ) ;
#1594 = ORIENTED_EDGE ( 'NONE', *, *, #983, .F. ) ;
#1595 = CARTESIAN_POINT ( 'NONE',  ( 239.3176487316980570, 159.6470652311780896, 0.000000000000000000 ) ) ;
#1596 = CARTESIAN_POINT ( 'NONE',  ( 239.2676487316981593, 160.7970652311783510, -0.1100000000000000006 ) ) ;
#1597 = VECTOR ( 'NONE', #2515, 1000.000000000000000 ) ;
#1598 = VERTEX_POINT ( 'NONE', #1896 ) ;
#1599 = CYLINDRICAL_SURFACE ( 'NONE', #1011, 0.09999999999999999167 ) ;
#1600 = DIRECTION ( 'NONE',  ( -0.9660639878836926320, 1.581648898945243333E-17, 0.2583028674139267733 ) ) ;
#1601 = EDGE_CURVE ( 'NONE', #1163, #3029, #1427, .T. ) ;
#1602 = CARTESIAN_POINT ( 'NONE',  ( 239.4486217266737356, 161.4170652311689764, -6.566191275599042587E-11 ) ) ;
#1603 = ORIENTED_EDGE ( 'NONE', *, *, #2675, .T. ) ;
#1604 = FACE_OUTER_BOUND ( 'NONE', #3034, .T. ) ;
#1605 = CIRCLE ( 'NONE', #1556, 0.08000000000002449596 ) ;
#1606 = EDGE_LOOP ( 'NONE', ( #693, #1115, #1858, #1790 ) ) ;
#1607 = CARTESIAN_POINT ( 'NONE',  ( 239.7707913019712294, 159.6170652311782874, -0.3129151433707153540 ) ) ;
#1608 = EDGE_LOOP ( 'NONE', ( #914, #3129, #441, #58 ) ) ;
#1609 = VERTEX_POINT ( 'NONE', #2169 ) ;
#1610 = DIRECTION ( 'NONE',  ( -2.787131655345659924E-14, 1.000000000000000000, 3.916653431460200888E-15 ) ) ;
#1611 =( BOUNDED_CURVE ( )  B_SPLINE_CURVE ( 3, ( #2034, #2788, #2318, #2542 ),
 .UNSPECIFIED., .F., .F. ) 
 B_SPLINE_CURVE_WITH_KNOTS ( ( 4, 4 ),
 ( 2.365872923522728932, 3.917312383656415875 ),
 .UNSPECIFIED. ) 
 CURVE ( )  GEOMETRIC_REPRESENTATION_ITEM ( )  RATIONAL_B_SPLINE_CURVE ( ( 1.000000000000000000, 0.8092781615750856972, 0.8092781615750856972, 1.000000000000000000 ) ) 
 REPRESENTATION_ITEM ( '' )  );
#1612 = ORIENTED_EDGE ( 'NONE', *, *, #2758, .T. ) ;
#1613 = DIRECTION ( 'NONE',  ( 0.000000000000000000, 0.000000000000000000, -1.000000000000000000 ) ) ;
#1614 = DIRECTION ( 'NONE',  ( 0.000000000000000000, -1.000000000000000000, 6.123233999162682944E-17 ) ) ;
#1615 = ORIENTED_EDGE ( 'NONE', *, *, #383, .F. ) ;
#1616 = DIRECTION ( 'NONE',  ( 0.000000000000000000, -1.000000000000000000, 0.000000000000000000 ) ) ;
#1617 = DIRECTION ( 'NONE',  ( 0.000000000000000000, 0.000000000000000000, 1.000000000000000000 ) ) ;
#1618 = FACE_OUTER_BOUND ( 'NONE', #2645, .T. ) ;
#1619 = EDGE_LOOP ( 'NONE', ( #1078, #1964, #1793, #1723 ) ) ;
#1620 = CARTESIAN_POINT ( 'NONE',  ( 238.3423627622999277, 161.2813411890516022, -0.3127586014456193442 ) ) ;
#1621 = CIRCLE ( 'NONE', #329, 0.07999999999996898481 ) ;
#1622 = ADVANCED_FACE ( 'NONE', ( #1657 ), #2630, .T. ) ;
#1623 = ADVANCED_FACE ( 'NONE', ( #2593 ), #216, .T. ) ;
#1624 = CARTESIAN_POINT ( 'NONE',  ( 238.0262029620303110, 160.2670652311781794, -0.4600000000000221134 ) ) ;
#1625 = AXIS2_PLACEMENT_3D ( 'NONE', #1822, #2268, #1305 ) ;
#1626 = ADVANCED_FACE ( 'NONE', ( #2850 ), #656, .T. ) ;
#1627 = DIRECTION ( 'NONE',  ( -1.000000000000000000, -0.000000000000000000, -0.000000000000000000 ) ) ;
#1628 = ORIENTED_EDGE ( 'NONE', *, *, #1658, .T. ) ;
#1629 = ORIENTED_EDGE ( 'NONE', *, *, #1383, .F. ) ;
#1630 = DIRECTION ( 'NONE',  ( 0.9902700501491700225, 2.814516762297131815E-14, -0.1391590017841477234 ) ) ;
#1631 = ORIENTED_EDGE ( 'NONE', *, *, #2449, .T. ) ;
#1632 = FACE_OUTER_BOUND ( 'NONE', #1455, .T. ) ;
#1633 = DIRECTION ( 'NONE',  ( -0.000000000000000000, 0.000000000000000000, -1.000000000000000000 ) ) ;
#1634 = VECTOR ( 'NONE', #977, 1000.000000000000000 ) ;
#1635 = LINE ( 'NONE', #2610, #844 ) ;
#1636 = DIRECTION ( 'NONE',  ( -1.000000000000000000, -3.469446951953755553E-13, 0.000000000000000000 ) ) ;
#1637 = EDGE_CURVE ( 'NONE', #917, #1832, #2188, .T. ) ;
#1638 = AXIS2_PLACEMENT_3D ( 'NONE', #2107, #881, #1572 ) ;
#1639 = CARTESIAN_POINT ( 'NONE',  ( 239.3975065377719602, 161.2669230372522975, 0.3501922878592664268 ) ) ;
#1640 = AXIS2_PLACEMENT_3D ( 'NONE', #2133, #1928, #1614 ) ;
#1641 = VERTEX_POINT ( 'NONE', #2909 ) ;
#1642 = CARTESIAN_POINT ( 'NONE',  ( 239.4486692408199815, 159.5160447220560798, 0.4992688937462406162 ) ) ;
#1643 = ADVANCED_FACE ( 'NONE', ( #1207 ), #1374, .T. ) ;
#1644 = DIRECTION ( 'NONE',  ( 0.000000000000000000, 0.000000000000000000, -1.000000000000000000 ) ) ;
#1645 = DIRECTION ( 'NONE',  ( 0.000000000000000000, 1.000000000000000000, 1.232595164408019793E-32 ) ) ;
#1646 = EDGE_CURVE ( 'NONE', #3190, #501, #1983, .T. ) ;
#1647 = ORIENTED_EDGE ( 'NONE', *, *, #872, .F. ) ;
#1648 = EDGE_LOOP ( 'NONE', ( #2736, #1823, #2291, #2588, #1422, #45, #347, #839, #403, #177, #1923, #65 ) ) ;
#1649 = EDGE_CURVE ( 'NONE', #1055, #198, #2594, .T. ) ;
#1650 = CARTESIAN_POINT ( 'NONE',  ( 238.4976487316981490, 160.9670652311781964, 0.000000000000000000 ) ) ;
#1651 = ORIENTED_EDGE ( 'NONE', *, *, #2329, .T. ) ;
#1652 = AXIS2_PLACEMENT_3D ( 'NONE', #1436, #2191, #1740 ) ;
#1653 = PLANE ( 'NONE',  #1190 ) ;
#1654 = CARTESIAN_POINT ( 'NONE',  ( 239.5013389767516401, 161.2600224615079583, -0.3405710268668950547 ) ) ;
#1655 = ORIENTED_EDGE ( 'NONE', *, *, #2779, .T. ) ;
#1656 = CARTESIAN_POINT ( 'NONE',  ( 239.5642848774430718, 160.9670652311781964, -2.840640134379206386E-14 ) ) ;
#1657 = FACE_OUTER_BOUND ( 'NONE', #2366, .T. ) ;
#1658 = EDGE_CURVE ( 'NONE', #2951, #2272, #431, .T. ) ;
#1659 = VECTOR ( 'NONE', #2101, 1000.000000000000000 ) ;
#1660 = DIRECTION ( 'NONE',  ( -0.000000000000000000, 1.000000000000000000, -6.123233995736766036E-17 ) ) ;
#1661 = CARTESIAN_POINT ( 'NONE',  ( 238.4976487316980638, 161.2170652311782248, -2.842170943040384020E-14 ) ) ;
#1662 = VERTEX_POINT ( 'NONE', #3157 ) ;
#1663 = CARTESIAN_POINT ( 'NONE',  ( 239.3341402020872692, 161.0270652311783692, -1.420503764228945165E-14 ) ) ;
#1664 = CARTESIAN_POINT ( 'NONE',  ( 239.7188551155040557, 160.9170652311782419, -0.1186715412137997194 ) ) ;
#1665 = CARTESIAN_POINT ( 'NONE',  ( 238.0262029620303110, 160.2670652311781794, -0.3000000000000113687 ) ) ;
#1666 = VERTEX_POINT ( 'NONE', #1136 ) ;
#1667 = ORIENTED_EDGE ( 'NONE', *, *, #1197, .F. ) ;
#1668 = VECTOR ( 'NONE', #2556, 1000.000000000000000 ) ;
#1669 = FACE_OUTER_BOUND ( 'NONE', #1463, .T. ) ;
#1670 = VERTEX_POINT ( 'NONE', #3116 ) ;
#1671 = DIRECTION ( 'NONE',  ( 0.000000000000000000, -1.000000000000000000, 6.123233995736766036E-17 ) ) ;
#1672 =( LENGTH_UNIT ( ) NAMED_UNIT ( * ) SI_UNIT ( .MILLI., .METRE. ) );
#1673 = ORIENTED_EDGE ( 'NONE', *, *, #753, .T. ) ;
#1674 = DIRECTION ( 'NONE',  ( 0.000000000000000000, 0.000000000000000000, -1.000000000000000000 ) ) ;
#1675 = CARTESIAN_POINT ( 'NONE',  ( 239.0258158683616045, 160.9670652311783101, -0.1099999999999852207 ) ) ;
#1676 = CARTESIAN_POINT ( 'NONE',  ( 238.4976487316981206, 160.0370652311781328, -0.1100000000000000006 ) ) ;
#1677 = EDGE_CURVE ( 'NONE', #1349, #388, #897, .T. ) ;
#1678 = FACE_OUTER_BOUND ( 'NONE', #1782, .T. ) ;
#1679 = CARTESIAN_POINT ( 'NONE',  ( 239.4310290152075709, 161.3004455146879366, 0.5128353071178518574 ) ) ;
#1680 = DIRECTION ( 'NONE',  ( 0.000000000000000000, 0.000000000000000000, 1.000000000000000000 ) ) ;
#1681 = MANIFOLD_SOLID_BREP ( '輸入3', #1579 ) ;
#1682 = DIRECTION ( 'NONE',  ( -1.000000000000000000, 0.000000000000000000, 0.000000000000000000 ) ) ;
#1683 = LINE ( 'NONE', #473, #459 ) ;
#1684 = ORIENTED_EDGE ( 'NONE', *, *, #2140, .T. ) ;
#1685 = VECTOR ( 'NONE', #1931, 1000.000000000000114 ) ;
#1686 = CARTESIAN_POINT ( 'NONE',  ( 239.5642848774430718, 161.2170652311782248, -2.842170943040400743E-14 ) ) ;
#1687 = ORIENTED_EDGE ( 'NONE', *, *, #2856, .T. ) ;
#1688 = DIRECTION ( 'NONE',  ( 1.850923245088087029E-13, -6.123233995736766036E-17, -1.000000000000000000 ) ) ;
#1689 = CARTESIAN_POINT ( 'NONE',  ( 239.4098968230948117, 161.2444718260285583, -0.3746172373201059891 ) ) ;
#1690 = VERTEX_POINT ( 'NONE', #184 ) ;
#1691 = DIRECTION ( 'NONE',  ( -1.000000000000000000, 0.000000000000000000, 0.000000000000000000 ) ) ;
#1692 = LINE ( 'NONE', #464, #1685 ) ;
#1693 = DIRECTION ( 'NONE',  ( 0.000000000000000000, -1.000000000000000000, 6.123233995736766036E-17 ) ) ;
#1694 = VECTOR ( 'NONE', #2653, 1000.000000000000000 ) ;
#1695 = CARTESIAN_POINT ( 'NONE',  ( 239.5642848774426739, 160.9170652311782419, -0.1600000000000534051 ) ) ;
#1696 = LINE ( 'NONE', #2391, #819 ) ;
#1697 = DIRECTION ( 'NONE',  ( 1.000000000000000000, 0.000000000000000000, -0.000000000000000000 ) ) ;
#1698 = VECTOR ( 'NONE', #1196, 1000.000000000000000 ) ;
#1699 = CARTESIAN_POINT ( 'NONE',  ( 239.4438367532334269, 159.8370652311782010, 0.000000000000000000 ) ) ;
#1700 = CC_DESIGN_APPROVAL ( #732, ( #2813 ) ) ;
#1701 = CARTESIAN_POINT ( 'NONE',  ( 239.4438367532331711, 160.9970652311783965, 0.000000000000000000 ) ) ;
#1702 = VECTOR ( 'NONE', #2882, 1000.000000000000114 ) ;
#1703 = ORIENTED_EDGE ( 'NONE', *, *, #2646, .T. ) ;
#1704 = PERSON_AND_ORGANIZATION_ROLE ( 'creator' ) ;
#1705 = ORIENTED_EDGE ( 'NONE', *, *, #2068, .T. ) ;
#1706 = PLANE ( 'NONE',  #453 ) ;
#1707 = DIRECTION ( 'NONE',  ( -1.000000000000000000, 0.000000000000000000, 0.000000000000000000 ) ) ;
#1708 = AXIS2_PLACEMENT_3D ( 'NONE', #526, #2044, #2495 ) ;
#1709 = CARTESIAN_POINT ( 'NONE',  ( 239.4696977108565932, 161.3015979210128990, 0.4830967129953570027 ) ) ;
#1710 = VECTOR ( 'NONE', #1494, 1000.000000000000000 ) ;
#1711 = DIRECTION ( 'NONE',  ( 0.000000000000000000, 0.000000000000000000, -1.000000000000000000 ) ) ;
#1712 = PLANE ( 'NONE',  #43 ) ;
#1713 = VERTEX_POINT ( 'NONE', #1676 ) ;
#1714 = LINE ( 'NONE', #2701, #2056 ) ;
#1715 = LINE ( 'NONE', #474, #1710 ) ;
#1716 = ORIENTED_EDGE ( 'NONE', *, *, #357, .T. ) ;
#1717 = APPROVAL_DATE_TIME ( #460, #2202 ) ;
#1718 = ORIENTED_EDGE ( 'NONE', *, *, #22, .T. ) ;
#1719 = DIRECTION ( 'NONE',  ( 0.000000000000000000, -1.000000000000000000, 6.123234644776854578E-17 ) ) ;
#1720 = CARTESIAN_POINT ( 'NONE',  ( 239.4438367532332563, 160.9170652311783272, -3.733809166717244212E-57 ) ) ;
#1721 = DIRECTION ( 'NONE',  ( -0.000000000000000000, 3.406112189855437908E-26, -1.000000000000000000 ) ) ;
#1722 = CARTESIAN_POINT ( 'NONE',  ( 238.3966282225757993, 159.5160447220560513, 0.4992688937462327892 ) ) ;
#1723 = ORIENTED_EDGE ( 'NONE', *, *, #2304, .T. ) ;
#1724 = ORIENTED_EDGE ( 'NONE', *, *, #2969, .T. ) ;
#1725 = LINE ( 'NONE', #731, #361 ) ;
#1726 = EDGE_CURVE ( 'NONE', #1033, #2663, #1168, .T. ) ;
#1727 = CARTESIAN_POINT ( 'NONE',  ( 238.1264423478916399, 160.5670652311781623, -0.1186715412137553383 ) ) ;
#1728 = ORIENTED_EDGE ( 'NONE', *, *, #2915, .F. ) ;
#1729 = SHAPE_DEFINITION_REPRESENTATION ( #1152, #249 ) ;
#1730 = VECTOR ( 'NONE', #2319, 1000.000000000000000 ) ;
#1731 = ORIENTED_EDGE ( 'NONE', *, *, #504, .F. ) ;
#1732 = DIRECTION ( 'NONE',  ( 0.000000000000000000, 0.000000000000000000, -1.000000000000000000 ) ) ;
#1733 = DIRECTION ( 'NONE',  ( -0.9660639878836384531, -1.581648898946482707E-17, -0.2583028674141292225 ) ) ;
#1734 = CYLINDRICAL_SURFACE ( 'NONE', #133, 0.09999999999998984701 ) ;
#1735 = EDGE_CURVE ( 'NONE', #3082, #2437, #689, .T. ) ;
#1736 = DIRECTION ( 'NONE',  ( 0.000000000000000000, -1.000000000000000000, 0.000000000000000000 ) ) ;
#1737 = LINE ( 'NONE', #2473, #1937 ) ;
#1738 = DIRECTION ( 'NONE',  ( 0.000000000000000000, -0.000000000000000000, 1.000000000000000000 ) ) ;
#1739 = EDGE_CURVE ( 'NONE', #2250, #1598, #2554, .T. ) ;
#1740 = DIRECTION ( 'NONE',  ( 0.000000000000000000, -3.406112189855437908E-26, 1.000000000000000000 ) ) ;
#1741 = ORIENTED_EDGE ( 'NONE', *, *, #979, .F. ) ;
#1742 = ADVANCED_FACE ( 'NONE', ( #1458 ), #2682, .F. ) ;
#1743 = VERTEX_POINT ( 'NONE', #884 ) ;
#1744 = EDGE_CURVE ( 'NONE', #2940, #223, #3075, .T. ) ;
#1745 = EDGE_LOOP ( 'NONE', ( #1041, #1760, #2504, #1182, #2983 ) ) ;
#1746 = CARTESIAN_POINT ( 'NONE',  ( 239.0258158683615477, 161.0470652311782089, -0.1099999999999852207 ) ) ;
#1747 = AXIS2_PLACEMENT_3D ( 'NONE', #682, #2112, #178 ) ;
#1748 = FACE_OUTER_BOUND ( 'NONE', #1158, .T. ) ;
#1749 = DIRECTION ( 'NONE',  ( -0.000000000000000000, 1.000000000000000000, -0.000000000000000000 ) ) ;
#1750 = VECTOR ( 'NONE', #982, 1000.000000000000000 ) ;
#1751 = AXIS2_PLACEMENT_3D ( 'NONE', #2030, #2737, #808 ) ;
#1752 = FACE_OUTER_BOUND ( 'NONE', #2307, .T. ) ;
#1753 = DIRECTION ( 'NONE',  ( -0.000000000000000000, 1.000000000000000000, -6.123233995736766036E-17 ) ) ;
#1754 = EDGE_CURVE ( 'NONE', #1086, #1355, #1146, .T. ) ;
#1755 = LINE ( 'NONE', #2259, #211 ) ;
#1756 = VECTOR ( 'NONE', #775, 1000.000000000000114 ) ;
#1757 = CIRCLE ( 'NONE', #2474, 0.07999999999999674039 ) ;
#1758 = DIRECTION ( 'NONE',  ( 0.000000000000000000, 0.000000000000000000, 1.000000000000000000 ) ) ;
#1759 = EDGE_LOOP ( 'NONE', ( #956, #968, #734, #156 ) ) ;
#1760 = ORIENTED_EDGE ( 'NONE', *, *, #1449, .F. ) ;
#1761 = PERSON_AND_ORGANIZATION_ROLE ( 'creator' ) ;
#1762 = EDGE_LOOP ( 'NONE', ( #1777, #2359, #286, #1629, #2313, #2380, #377, #536, #1413, #606, #3058, #26, #2734, #2075, #1288 ) ) ;
#1763 = DIRECTION ( 'NONE',  ( -0.000000000000000000, 1.232595164407830946E-32, 1.000000000000000000 ) ) ;
#1764 = CARTESIAN_POINT ( 'NONE',  ( 238.4575908544435663, 161.2571231084325234, 0.5200000000000000178 ) ) ;
#1765 = CARTESIAN_POINT ( 'NONE',  ( 238.4976487316981206, 159.8670652311782874, -2.841864781308145716E-14 ) ) ;
#1766 = ADVANCED_FACE ( 'NONE', ( #2143 ), #129, .F. ) ;
#1767 = AXIS2_PLACEMENT_3D ( 'NONE', #2754, #3063, #2063 ) ;
#1768 = DIRECTION ( 'NONE',  ( 1.000000000000000000, 0.000000000000000000, 0.000000000000000000 ) ) ;
#1769 = CARTESIAN_POINT ( 'NONE',  ( 237.8726487316978364, 160.2670652311781794, 0.000000000000000000 ) ) ;
#1770 = ADVANCED_FACE ( 'NONE', ( #1669 ), #2641, .T. ) ;
#1771 = EDGE_CURVE ( 'NONE', #849, #1159, #2172, .T. ) ;
#1772 = DIRECTION ( 'NONE',  ( -0.000000000000000000, 6.123233995736766036E-17, 1.000000000000000000 ) ) ;
#1773 = EDGE_CURVE ( 'NONE', #1091, #3082, #2400, .T. ) ;
#1774 = VERTEX_POINT ( 'NONE', #386 ) ;
#1775 = ORIENTED_EDGE ( 'NONE', *, *, #47, .T. ) ;
#1776 = EDGE_CURVE ( 'NONE', #1203, #3029, #1181, .T. ) ;
#1777 = ORIENTED_EDGE ( 'NONE', *, *, #2356, .F. ) ;
#1778 = CARTESIAN_POINT ( 'NONE',  ( 238.3505338900199604, 161.2618684787732661, -0.3261778131141593873 ) ) ;
#1779 = DIRECTION ( 'NONE',  ( -0.9902700501491700225, 0.000000000000000000, -0.1391590017841477234 ) ) ;
#1780 = EDGE_CURVE ( 'NONE', #2842, #2269, #608, .T. ) ;
#1781 = CARTESIAN_POINT ( 'NONE',  ( 238.3585619166443905, 159.5770073539238183, 0.4339021393448858066 ) ) ;
#1782 = EDGE_LOOP ( 'NONE', ( #2848, #1219, #1728, #1047, #2405 ) ) ;
#1783 = DIRECTION ( 'NONE',  ( 0.000000000000000000, 1.000000000000000000, 0.000000000000000000 ) ) ;
#1784 = CARTESIAN_POINT ( 'NONE',  ( 239.5642848774428444, 159.6170652311782590, -2.840471832279494376E-14 ) ) ;
#1785 = VECTOR ( 'NONE', #3156, 1000.000000000000000 ) ;
#1786 = ADVANCED_FACE ( 'NONE', ( #1907 ), #628, .T. ) ;
#1787 = LINE ( 'NONE', #1557, #2427 ) ;
#1788 = VECTOR ( 'NONE', #3168, 1000.000000000000000 ) ;
#1789 = CARTESIAN_POINT ( 'NONE',  ( 239.7707913019712294, 160.9170652311782419, -0.3129151433707306751 ) ) ;
#1790 = ORIENTED_EDGE ( 'NONE', *, *, #1471, .T. ) ;
#1791 = ORIENTED_EDGE ( 'NONE', *, *, #366, .F. ) ;
#1792 = EDGE_CURVE ( 'NONE', #223, #501, #2349, .T. ) ;
#1793 = ORIENTED_EDGE ( 'NONE', *, *, #766, .F. ) ;
#1794 = ORIENTED_EDGE ( 'NONE', *, *, #2449, .F. ) ;
#1795 = DIRECTION ( 'NONE',  ( 0.2583028674141435999, 0.000000000000000000, -0.9660639878836345673 ) ) ;
#1796 = CYLINDRICAL_SURFACE ( 'NONE', #2456, 0.07999999999999674039 ) ;
#1797 = ORIENTED_EDGE ( 'NONE', *, *, #1880, .F. ) ;
#1798 = FACE_OUTER_BOUND ( 'NONE', #1608, .T. ) ;
#1799 = LINE ( 'NONE', #841, #1310 ) ;
#1800 = VECTOR ( 'NONE', #969, 1000.000000000000000 ) ;
#1801 = ORIENTED_EDGE ( 'NONE', *, *, #741, .T. ) ;
#1802 = CARTESIAN_POINT ( 'NONE',  ( 239.4338382320840992, 161.2170652311781680, -1.012301328622536149E-33 ) ) ;
#1803 =( BOUNDED_CURVE ( )  B_SPLINE_CURVE ( 3, ( #61, #2976, #1804, #533 ),
 .UNSPECIFIED., .F., .F. ) 
 B_SPLINE_CURVE_WITH_KNOTS ( ( 4, 4 ),
 ( 4.056799884746890683, 4.712388980384689674 ),
 .UNSPECIFIED. ) 
 CURVE ( )  GEOMETRIC_REPRESENTATION_ITEM ( )  RATIONAL_B_SPLINE_CURVE ( ( 1.000000000000000000, 0.9645031357130595673, 0.9645031357130595673, 1.000000000000000000 ) ) 
 REPRESENTATION_ITEM ( '' )  );
#1804 = CARTESIAN_POINT ( 'NONE',  ( 238.4353372001048967, 159.5547536995852056, 0.5199999999999999067 ) ) ;
#1805 = VERTEX_POINT ( 'NONE', #1351 ) ;
#1806 = ORIENTED_EDGE ( 'NONE', *, *, #1199, .T. ) ;
#1807 = EDGE_CURVE ( 'NONE', #1641, #1666, #2975, .T. ) ;
#1808 = ORIENTED_EDGE ( 'NONE', *, *, #2689, .F. ) ;
#1809 = CARTESIAN_POINT ( 'NONE',  ( 239.6645242633040311, 160.9170652311782419, -0.3413284587862603914 ) ) ;
#1810 = CARTESIAN_POINT ( 'NONE',  ( 239.4073188080789123, 161.3757623125741532, -0.2939159001784189540 ) ) ;
#1811 = ORIENTED_EDGE ( 'NONE', *, *, #2140, .F. ) ;
#1812 = CARTESIAN_POINT ( 'NONE',  ( 239.5642848774430718, 161.2170652311782248, -2.842170943040400743E-14 ) ) ;
#1813 = VECTOR ( 'NONE', #3178, 1000.000000000000000 ) ;
#1814 = AXIS2_PLACEMENT_3D ( 'NONE', #264, #1250, #217 ) ;
#1815 = DIRECTION ( 'NONE',  ( 0.000000000000000000, 0.000000000000000000, -1.000000000000000000 ) ) ;
#1816 = DIRECTION ( 'NONE',  ( -0.000000000000000000, 1.000000000000000000, -6.123233999162682944E-17 ) ) ;
#1817 = ORIENTED_EDGE ( 'NONE', *, *, #1792, .F. ) ;
#1818 = DIRECTION ( 'NONE',  ( 0.000000000000000000, -0.000000000000000000, -1.000000000000000000 ) ) ;
#1819 = EDGE_CURVE ( 'NONE', #198, #2368, #2830, .T. ) ;
#1820 = ORIENTED_EDGE ( 'NONE', *, *, #2870, .T. ) ;
#1821 = CARTESIAN_POINT ( 'NONE',  ( 238.4976487316980922, 160.1870652311781669, 0.000000000000000000 ) ) ;
#1822 = CARTESIAN_POINT ( 'NONE',  ( 239.0788987316979046, 161.2571231084325234, 0.4200000000000000955 ) ) ;
#1823 = ORIENTED_EDGE ( 'NONE', *, *, #739, .F. ) ;
#1824 = DIRECTION ( 'NONE',  ( -2.242077542919707313E-44, -0.000000000000000000, 1.000000000000000000 ) ) ;
#1825 = LINE ( 'NONE', #2513, #2446 ) ;
#1826 = ADVANCED_FACE ( 'NONE', ( #2382 ), #143, .T. ) ;
#1827 = AXIS2_PLACEMENT_3D ( 'NONE', #2889, #2354, #2592 ) ;
#1828 = DIRECTION ( 'NONE',  ( 0.000000000000000000, 0.000000000000000000, -1.000000000000000000 ) ) ;
#1829 = EDGE_CURVE ( 'NONE', #825, #2294, #2360, .T. ) ;
#1830 = DIRECTION ( 'NONE',  ( 0.1378308382112641561, -0.1378308382113567487, 0.9808186988816715024 ) ) ;
#1831 = VECTOR ( 'NONE', #1220, 1000.000000000000000 ) ;
#1832 = VERTEX_POINT ( 'NONE', #2130 ) ;
#1833 = CARTESIAN_POINT ( 'NONE',  ( 238.3585619166443905, 159.5770073539238183, 0.4339021393448858066 ) ) ;
#1834 = ORIENTED_EDGE ( 'NONE', *, *, #766, .T. ) ;
#1835 =( BOUNDED_CURVE ( )  B_SPLINE_CURVE ( 3, ( #2971, #771, #2487, #279 ),
 .UNSPECIFIED., .F., .T. ) 
 B_SPLINE_CURVE_WITH_KNOTS ( ( 4, 4 ),
 ( 2.365872923523088645, 3.917312383656497587 ),
 .UNSPECIFIED. ) 
 CURVE ( )  GEOMETRIC_REPRESENTATION_ITEM ( )  RATIONAL_B_SPLINE_CURVE ( ( 1.000000000000000000, 0.8092781615751506452, 0.8092781615751506452, 1.000000000000000000 ) ) 
 REPRESENTATION_ITEM ( '' )  );
#1836 = EDGE_CURVE ( 'NONE', #730, #2905, #3111, .T. ) ;
#1837 = ORIENTED_EDGE ( 'NONE', *, *, #380, .T. ) ;
#1838 = DIRECTION ( 'NONE',  ( 0.9660639878836926320, 1.581648898945243333E-17, 0.2583028674139267733 ) ) ;
#1839 = DIRECTION ( 'NONE',  ( -1.000000000000000000, -0.000000000000000000, 0.000000000000000000 ) ) ;
#1840 = ADVANCED_FACE ( 'NONE', ( #1890 ), #2862, .T. ) ;
#1841 = ORIENTED_EDGE ( 'NONE', *, *, #699, .F. ) ;
#1842 = CIRCLE ( 'NONE', #1992, 0.07999999999999674039 ) ;
#1843 = FACE_OUTER_BOUND ( 'NONE', #350, .T. ) ;
#1844 = CARTESIAN_POINT ( 'NONE',  ( 238.2976487316979046, 159.5160941689773324, 2.439454888092384977E-15 ) ) ;
#1845 = VERTEX_POINT ( 'NONE', #1624 ) ;
#1846 = CARTESIAN_POINT ( 'NONE',  ( 238.8404969156283641, 160.5670652311783044, 0.000000000000000000 ) ) ;
#1847 = ORIENTED_EDGE ( 'NONE', *, *, #1977, .F. ) ;
#1848 = VECTOR ( 'NONE', #2564, 1000.000000000000000 ) ;
#1849 = AXIS2_PLACEMENT_3D ( 'NONE', #1501, #3015, #2016 ) ;
#1850 = ORIENTED_EDGE ( 'NONE', *, *, #1979, .T. ) ;
#1851 = CARTESIAN_POINT ( 'NONE',  ( 239.0999778532324740, 161.0170652311783499, -9.244463733014568058E-35 ) ) ;
#1852 = ORIENTED_EDGE ( 'NONE', *, *, #2536, .T. ) ;
#1853 = DIRECTION ( 'NONE',  ( 0.1378308382113133945, -0.1378308382113133945, -0.9808186988816708363 ) ) ;
#1854 = VERTEX_POINT ( 'NONE', #2416 ) ;
#1855 = DIRECTION ( 'NONE',  ( -1.000000000000000000, 0.000000000000000000, 0.000000000000000000 ) ) ;
#1856 = CARTESIAN_POINT ( 'NONE',  ( 239.0788987316979046, 159.5573951547971205, -0.2800000000000000266 ) ) ;
#1857 = AXIS2_PLACEMENT_3D ( 'NONE', #1695, #1660, #416 ) ;
#1858 = ORIENTED_EDGE ( 'NONE', *, *, #3080, .F. ) ;
#1859 = CARTESIAN_POINT ( 'NONE',  ( 238.4379786553168401, 159.5573951547971205, -0.3800000000000000044 ) ) ;
#1860 = CARTESIAN_POINT ( 'NONE',  ( 239.3476487316982286, 160.7170652311781680, 0.000000000000000000 ) ) ;
#1861 = EDGE_CURVE ( 'NONE', #1143, #142, #1141, .T. ) ;
#1862 = CYLINDRICAL_SURFACE ( 'NONE', #57, 0.1000000000000132588 ) ;
#1863 = EDGE_CURVE ( 'NONE', #1670, #2221, #2876, .T. ) ;
#1864 = VERTEX_POINT ( 'NONE', #1885 ) ;
#1865 = FACE_OUTER_BOUND ( 'NONE', #1400, .T. ) ;
#1866 = LINE ( 'NONE', #714, #1279 ) ;
#1867 = DIRECTION ( 'NONE',  ( 0.000000000000000000, -1.000000000000000000, -0.000000000000000000 ) ) ;
#1868 = ORIENTED_EDGE ( 'NONE', *, *, #2011, .F. ) ;
#1869 = EDGE_LOOP ( 'NONE', ( #1651, #3154, #2397, #2014 ) ) ;
#1870 = DIRECTION ( 'NONE',  ( -0.000000000000000000, -1.000000000000000000, -0.000000000000000000 ) ) ;
#1871 = ADVANCED_FACE ( 'NONE', ( #3163 ), #1936, .T. ) ;
#1872 = ORIENTED_EDGE ( 'NONE', *, *, #3014, .F. ) ;
#1873 = FACE_OUTER_BOUND ( 'NONE', #1177, .T. ) ;
#1874 = DIRECTION ( 'NONE',  ( -5.551115123117372561E-13, 0.000000000000000000, -1.000000000000000000 ) ) ;
#1875 = ORIENTED_EDGE ( 'NONE', *, *, #2121, .F. ) ;
#1876 = CARTESIAN_POINT ( 'NONE',  ( 238.0262029620303110, 160.5670652311781623, -0.3500000000000227374 ) ) ;
#1877 = DIRECTION ( 'NONE',  ( -1.000000000000000000, -1.894780628693169672E-13, 0.000000000000000000 ) ) ;
#1878 = ADVANCED_FACE ( 'NONE', ( #2897 ), #400, .T. ) ;
#1879 = CARTESIAN_POINT ( 'NONE',  ( 239.4073188080789407, 159.5573951547971490, -0.2800000000000089639 ) ) ;
#1880 = EDGE_CURVE ( 'NONE', #1055, #2939, #3106, .T. ) ;
#1881 = ORIENTED_EDGE ( 'NONE', *, *, #42, .F. ) ;
#1882 = CARTESIAN_POINT ( 'NONE',  ( 239.4338382320840708, 159.6170652311782874, -0.1099999999999852207 ) ) ;
#1883 = AXIS2_PLACEMENT_3D ( 'NONE', #394, #672, #152 ) ;
#1884 = EDGE_CURVE ( 'NONE', #223, #124, #2415, .T. ) ;
#1885 = CARTESIAN_POINT ( 'NONE',  ( 239.4867355467513619, 159.5770073539238183, 0.4339021393448929120 ) ) ;
#1886 = AXIS2_PLACEMENT_3D ( 'NONE', #1261, #2683, #2242 ) ;
#1887 = CARTESIAN_POINT ( 'NONE',  ( 239.2648581697844747, 160.9870652311784909, 6.605457577783214150E-35 ) ) ;
#1888 = VERTEX_POINT ( 'NONE', #660 ) ;
#1889 = ORIENTED_EDGE ( 'NONE', *, *, #1979, .F. ) ;
#1890 = FACE_OUTER_BOUND ( 'NONE', #112, .T. ) ;
#1891 = EDGE_CURVE ( 'NONE', #1641, #583, #1026, .T. ) ;
#1892 = EDGE_LOOP ( 'NONE', ( #2805, #1872, #675, #2764 ) ) ;
#1893 = DIRECTION ( 'NONE',  ( 0.000000000000000000, 0.9902893779918744421, 0.1390213934488735981 ) ) ;
#1894 = DIRECTION ( 'NONE',  ( -0.000000000000000000, 1.000000000000000000, -0.000000000000000000 ) ) ;
#1895 = CARTESIAN_POINT ( 'NONE',  ( 239.3176487316981138, 161.2670652311782362, -1.421238552386317788E-14 ) ) ;
#1896 = CARTESIAN_POINT ( 'NONE',  ( 238.4176487316980797, 160.5670652311783044, 0.000000000000000000 ) ) ;
#1897 = CIRCLE ( 'NONE', #860, 0.07999999999991347366 ) ;
#1898 = DIRECTION ( 'NONE',  ( 0.000000000000000000, -0.000000000000000000, 1.000000000000000000 ) ) ;
#1899 = DIRECTION ( 'NONE',  ( 0.000000000000000000, -1.000000000000000000, 6.123233995736766036E-17 ) ) ;
#1900 = LOCAL_TIME ( 14, 8, 29.00000000000000000, #257 ) ;
#1901 = EDGE_LOOP ( 'NONE', ( #1801, #1382, #1225, #1398 ) ) ;
#1902 = DIRECTION ( 'NONE',  ( 1.000000000000000000, 0.000000000000000000, 0.000000000000000000 ) ) ;
#1903 = DIRECTION ( 'NONE',  ( -1.000000000000000000, 0.000000000000000000, 0.000000000000000000 ) ) ;
#1904 = DIRECTION ( 'NONE',  ( 0.000000000000000000, 1.232595164407830946E-32, -1.000000000000000000 ) ) ;
#1905 = ORIENTED_EDGE ( 'NONE', *, *, #244, .F. ) ;
#1906 = ORIENTED_EDGE ( 'NONE', *, *, #2878, .F. ) ;
#1907 = FACE_OUTER_BOUND ( 'NONE', #2375, .T. ) ;
#1908 = ORIENTED_EDGE ( 'NONE', *, *, #1266, .F. ) ;
#1909 = CARTESIAN_POINT ( 'NONE',  ( 239.0999778532325593, 159.8170652311781339, -0.1099999999999852207 ) ) ;
#1910 = CARTESIAN_POINT ( 'NONE',  ( 238.6101487316979046, 161.4170652311782135, -1.626303258728256651E-16 ) ) ;
#1911 = ADVANCED_FACE ( 'NONE', ( #697 ), #159, .F. ) ;
#1912 = ORIENTED_EDGE ( 'NONE', *, *, #2670, .T. ) ;
#1913 = DIRECTION ( 'NONE',  ( -0.000000000000000000, 1.000000000000000000, -9.035018104046029699E-17 ) ) ;
#1914 = CARTESIAN_POINT ( 'NONE',  ( 239.7188551155040557, 161.2170652311782248, -0.1186715412137997333 ) ) ;
#1915 = DIRECTION ( 'NONE',  ( -0.5000000000008876233, -0.8660254037839261176, 5.302876755710055860E-17 ) ) ;
#1916 = VECTOR ( 'NONE', #2502, 1000.000000000000000 ) ;
#1917 = CARTESIAN_POINT ( 'NONE',  ( 237.8726487316978648, 160.5670652311782760, -0.4600000000000174505 ) ) ;
#1918 = CARTESIAN_POINT ( 'NONE',  ( 239.3176487316980570, 159.6470652311780896, -3.580365408268690251E-34 ) ) ;
#1919 = ORIENTED_EDGE ( 'NONE', *, *, #1588, .F. ) ;
#1920 = CARTESIAN_POINT ( 'NONE',  ( 239.5063458130938159, 161.2767353075592496, -0.2939159001784147351 ) ) ;
#1921 = CARTESIAN_POINT ( 'NONE',  ( 238.4575908544435663, 160.6670652311781851, 0.5200000000000000178 ) ) ;
#1922 = EDGE_LOOP ( 'NONE', ( #776, #1112, #3104, #1718 ) ) ;
#1923 = ORIENTED_EDGE ( 'NONE', *, *, #2078, .F. ) ;
#1924 = VECTOR ( 'NONE', #555, 1000.000000000000000 ) ;
#1925 = PLANE ( 'NONE',  #253 ) ;
#1926 = ORIENTED_EDGE ( 'NONE', *, *, #3066, .F. ) ;
#1927 = CARTESIAN_POINT ( 'NONE',  ( 238.3770255215290490, 159.4964420210093294, -0.3592761974456857299 ) ) ;
#1928 = DIRECTION ( 'NONE',  ( -1.133363614416599496E-29, 6.123233999162682944E-17, 1.000000000000000000 ) ) ;
#1929 = VERTEX_POINT ( 'NONE', #1156 ) ;
#1930 = DIRECTION ( 'NONE',  ( -1.291895883200021974E-13, -1.000000000000000000, 0.000000000000000000 ) ) ;
#1931 = DIRECTION ( 'NONE',  ( -0.2583028674139442593, 0.000000000000000000, 0.9660639878836878580 ) ) ;
#1932 = DIRECTION ( 'NONE',  ( 1.527974042748005081E-17, 1.000000000000000000, -4.085444458402767893E-18 ) ) ;
#1933 =( BOUNDED_CURVE ( )  B_SPLINE_CURVE ( 3, ( #1004, #2723, #1274, #765 ),
 .UNSPECIFIED., .F., .F. ) 
 B_SPLINE_CURVE_WITH_KNOTS ( ( 4, 4 ),
 ( 1.570796326794899223, 2.346530414571894596 ),
 .UNSPECIFIED. ) 
 CURVE ( )  GEOMETRIC_REPRESENTATION_ITEM ( )  RATIONAL_B_SPLINE_CURVE ( ( 1.000000000000000000, 0.9504785870060544761, 0.9504785870060544761, 1.000000000000000000 ) ) 
 REPRESENTATION_ITEM ( '' )  );
#1934 = DIRECTION ( 'NONE',  ( -1.000000000000000000, 0.000000000000000000, 0.000000000000000000 ) ) ;
#1935 = CARTESIAN_POINT ( 'NONE',  ( 238.0262029620303110, 160.5670652311782476, -0.3500000000000227374 ) ) ;
#1936 = CYLINDRICAL_SURFACE ( 'NONE', #2103, 0.08000000000002449596 ) ;
#1937 = VECTOR ( 'NONE', #2755, 1000.000000000000000 ) ;
#1938 = VERTEX_POINT ( 'NONE', #2655 ) ;
#1939 = EDGE_CURVE ( 'NONE', #1666, #3030, #1432, .T. ) ;
#1940 = CARTESIAN_POINT ( 'NONE',  ( 239.3745547209305187, 160.9570652311782055, -0.1099999999999852207 ) ) ;
#1941 = ORIENTED_EDGE ( 'NONE', *, *, #669, .T. ) ;
#1942 = COORDINATED_UNIVERSAL_TIME_OFFSET ( 8, 0, .AHEAD. ) ;
#1943 = ORIENTED_EDGE ( 'NONE', *, *, #3002, .T. ) ;
#1944 = FACE_OUTER_BOUND ( 'NONE', #1571, .T. ) ;
#1945 = DIRECTION ( 'NONE',  ( -0.000000000000000000, -1.000000000000000000, 6.123233995736766036E-17 ) ) ;
#1946 = LINE ( 'NONE', #2942, #79 ) ;
#1947 = VECTOR ( 'NONE', #2506, 1000.000000000000227 ) ;
#1948 = PLANE ( 'NONE',  #995 ) ;
#1949 = DIRECTION ( 'NONE',  ( -0.000000000000000000, 1.000000000000000000, 0.000000000000000000 ) ) ;
#1950 = ORIENTED_EDGE ( 'NONE', *, *, #241, .T. ) ;
#1951 = DIRECTION ( 'NONE',  ( -1.000000000000000000, 0.000000000000000000, 0.000000000000000000 ) ) ;
#1952 = CYLINDRICAL_SURFACE ( 'NONE', #5, 0.08000000000002449596 ) ;
#1953 = CIRCLE ( 'NONE', #725, 0.08000000000010776269 ) ;
#1954 = VERTEX_POINT ( 'NONE', #471 ) ;
#1955 = CALENDAR_DATE ( 2023, 10, 7 ) ;
#1956 = ORIENTED_EDGE ( 'NONE', *, *, #640, .F. ) ;
#1957 = LINE ( 'NONE', #687, #1831 ) ;
#1958 = AXIS2_PLACEMENT_3D ( 'NONE', #2661, #1671, #180 ) ;
#1959 = DIRECTION ( 'NONE',  ( 4.736951571734718997E-14, 1.000000000000000000, 0.000000000000000000 ) ) ;
#1960 = DIRECTION ( 'NONE',  ( 0.000000000000000000, -0.000000000000000000, -1.000000000000000000 ) ) ;
#1961 = CARTESIAN_POINT ( 'NONE',  ( 238.4575908544435663, 161.3561520462316992, 0.4339021393448843633 ) ) ;
#1962 = EDGE_CURVE ( 'NONE', #790, #287, #1953, .T. ) ;
#1963 = EDGE_CURVE ( 'NONE', #2782, #172, #1866, .T. ) ;
#1964 = ORIENTED_EDGE ( 'NONE', *, *, #1239, .F. ) ;
#1965 = CARTESIAN_POINT ( 'NONE',  ( 238.4976487316981490, 160.9670652311781964, -0.1099999999999852207 ) ) ;
#1966 = DIRECTION ( 'NONE',  ( 0.000000000000000000, 0.000000000000000000, -1.000000000000000000 ) ) ;
#1967 = ORIENTED_EDGE ( 'NONE', *, *, #2915, .T. ) ;
#1968 = DATE_AND_TIME ( #990, #1900 ) ;
#1969 = AXIS2_PLACEMENT_3D ( 'NONE', #876, #2596, #2122 ) ;
#1970 = ORIENTED_EDGE ( 'NONE', *, *, #456, .F. ) ;
#1971 = CARTESIAN_POINT ( 'NONE',  ( 238.2810125859530785, 160.2670652311781794, -0.1100000000000210393 ) ) ;
#1972 = CARTESIAN_POINT ( 'NONE',  ( 238.4176487316980797, 160.2670652311781794, -0.1100000000000210393 ) ) ;
#1973 = CARTESIAN_POINT ( 'NONE',  ( 239.2676487316981593, 160.7970652311782942, 0.000000000000000000 ) ) ;
#1974 = ADVANCED_FACE ( 'NONE', ( #892 ), #2672, .T. ) ;
#1975 = CARTESIAN_POINT ( 'NONE',  ( 238.3966282225757993, 159.5160447220560513, 0.4992688937462327892 ) ) ;
#1976 = DIRECTION ( 'NONE',  ( 0.000000000000000000, 0.000000000000000000, -1.000000000000000000 ) ) ;
#1977 = EDGE_CURVE ( 'NONE', #2467, #2678, #1127, .T. ) ;
#1978 = CARTESIAN_POINT ( 'NONE',  ( 239.7469678947185798, 160.9170652311782419, -0.3500000000000227374 ) ) ;
#1979 = EDGE_CURVE ( 'NONE', #124, #2144, #2139, .T. ) ;
#1980 = DIRECTION ( 'NONE',  ( -0.000000000000000000, -1.000000000000000000, 6.123233995736766036E-17 ) ) ;
#1981 = EDGE_LOOP ( 'NONE', ( #717, #2062, #478, #3167 ) ) ;
#1982 = ORIENTED_EDGE ( 'NONE', *, *, #2681, .T. ) ;
#1983 = CIRCLE ( 'NONE', #2279, 0.09999999999998898659 ) ;
#1984 = ORIENTED_EDGE ( 'NONE', *, *, #3, .F. ) ;
#1985 = EDGE_CURVE ( 'NONE', #2663, #492, #2767, .T. ) ;
#1986 = CARTESIAN_POINT ( 'NONE',  ( 238.2976490107587324, 161.3762765504232277, -3.969622321412051931E-06 ) ) ;
#1987 = FACE_OUTER_BOUND ( 'NONE', #285, .T. ) ;
#1988 = CARTESIAN_POINT ( 'NONE',  ( 238.2921687382429639, 160.5670652311783044, -0.4600000000000079581 ) ) ;
#1989 = CARTESIAN_POINT ( 'NONE',  ( 238.1264423478917251, 160.2670652311781794, -0.1186715412137857584 ) ) ;
#1990 = DIRECTION ( 'NONE',  ( 0.000000000000000000, 0.000000000000000000, -1.000000000000000000 ) ) ;
#1991 = CARTESIAN_POINT ( 'NONE',  ( 237.8726487316978364, 160.5670652311781623, -0.3500000000000227374 ) ) ;
#1992 = AXIS2_PLACEMENT_3D ( 'NONE', #1887, #1674, #2468 ) ;
#1993 = DIRECTION ( 'NONE',  ( 0.000000000000000000, 0.000000000000000000, 1.000000000000000000 ) ) ;
#1994 = ORIENTED_EDGE ( 'NONE', *, *, #2904, .F. ) ;
#1995 = ORIENTED_EDGE ( 'NONE', *, *, #1963, .T. ) ;
#1996 = DATE_AND_TIME ( #1201, #1076 ) ;
#1997 = VERTEX_POINT ( 'NONE', #1664 ) ;
#1998 = CARTESIAN_POINT ( 'NONE',  ( 238.3568408931941178, 161.3299570142619928, -0.2173879376834441657 ) ) ;
#1999 = EDGE_CURVE ( 'NONE', #3009, #2492, #2636, .T. ) ;
#2000 = FACE_OUTER_BOUND ( 'NONE', #384, .T. ) ;
#2001 = EDGE_LOOP ( 'NONE', ( #1334, #2575, #2102, #319 ) ) ;
#2002 = CARTESIAN_POINT ( 'NONE',  ( 238.4976487316981206, 160.0370652311781328, -0.1100000000000000006 ) ) ;
#2003 = PRODUCT_RELATED_PRODUCT_CATEGORY ( 'detail', '', ( #602 ) ) ;
#2004 = AXIS2_PLACEMENT_3D ( 'NONE', #1043, #56, #1476 ) ;
#2005 = CARTESIAN_POINT ( 'NONE',  ( 238.4176487316980797, 160.2670652311781794, 0.000000000000000000 ) ) ;
#2006 = CARTESIAN_POINT ( 'NONE',  ( 239.4321814215326185, 161.3391142103369589, 0.4830967129953737671 ) ) ;
#2007 = CARTESIAN_POINT ( 'NONE',  ( 239.9726487316978876, 161.2170652311782248, -0.2665375653817250168 ) ) ;
#2008 = EDGE_CURVE ( 'NONE', #2128, #392, #2245, .T. ) ;
#2009 = CIRCLE ( 'NONE', #1493, 0.07999999999983020693 ) ;
#2010 = DIRECTION ( 'NONE',  ( -1.000000000000000000, -3.469446951953755553E-13, 0.000000000000000000 ) ) ;
#2011 = EDGE_CURVE ( 'NONE', #2294, #2565, #2204, .T. ) ;
#2012 = VERTEX_POINT ( 'NONE', #502 ) ;
#2013 = ORIENTED_EDGE ( 'NONE', *, *, #1985, .T. ) ;
#2014 = ORIENTED_EDGE ( 'NONE', *, *, #1492, .F. ) ;
#2015 = LINE ( 'NONE', #2266, #1947 ) ;
#2016 = DIRECTION ( 'NONE',  ( -1.000000000000000000, 0.000000000000000000, 2.547626519586653133E-12 ) ) ;
#2017 = CARTESIAN_POINT ( 'NONE',  ( 238.0745061614245515, 160.5670652311782476, -0.3129151433707141328 ) ) ;
#2018 = ORIENTED_EDGE ( 'NONE', *, *, #2441, .T. ) ;
#2019 = AXIS2_PLACEMENT_3D ( 'NONE', #1460, #2184, #2200 ) ;
#2020 = CARTESIAN_POINT ( 'NONE',  ( 238.3622498793097009, 161.2802182944047900, 0.4601725583309009826 ) ) ;
#2021 = CARTESIAN_POINT ( 'NONE',  ( 238.9226487316978762, 160.4170652311782135, -0.3800000000000000044 ) ) ;
#2022 = CARTESIAN_POINT ( 'NONE',  ( 238.4176487316980797, 160.2670652311781794, -0.1100000000000420641 ) ) ;
#2023 = EDGE_CURVE ( 'NONE', #2993, #3108, #2208, .T. ) ;
#2024 = DIRECTION ( 'NONE',  ( -1.000000000000000000, 0.000000000000000000, 0.000000000000000000 ) ) ;
#2025 = VERTEX_POINT ( 'NONE', #2742 ) ;
#2026 = ORIENTED_EDGE ( 'NONE', *, *, #2096, .F. ) ;
#2027 = ORIENTED_EDGE ( 'NONE', *, *, #405, .T. ) ;
#2028 = EDGE_LOOP ( 'NONE', ( #650, #3182, #2854, #991 ) ) ;
#2029 = LINE ( 'NONE', #1531, #2086 ) ;
#2030 = CARTESIAN_POINT ( 'NONE',  ( 239.4010616313825324, 159.5636523314935005, 0.3248683333730265632 ) ) ;
#2031 = VECTOR ( 'NONE', #1506, 1000.000000000000000 ) ;
#2032 = LINE ( 'NONE', #2770, #3011 ) ;
#2033 = ORIENTED_EDGE ( 'NONE', *, *, #387, .T. ) ;
#2034 = CARTESIAN_POINT ( 'NONE',  ( 239.4486212433650110, 161.4170652310563412, -1.720104175520126783E-06 ) ) ;
#2035 = DIRECTION ( 'NONE',  ( -1.000000000000000000, 6.286203308273787599E-39, 2.141151371622092822E-64 ) ) ;
#2036 = VECTOR ( 'NONE', #1089, 1000.000000000000000 ) ;
#2037 = CARTESIAN_POINT ( 'NONE',  ( 239.3176487316980570, 161.1870652311783942, 0.000000000000000000 ) ) ;
#2038 = EDGE_CURVE ( 'NONE', #641, #575, #1226, .T. ) ;
#2039 = AXIS2_PLACEMENT_3D ( 'NONE', #676, #2137, #929 ) ;
#2040 = CYLINDRICAL_SURFACE ( 'NONE', #2466, 0.09999999999999034661 ) ;
#2041 = ORIENTED_EDGE ( 'NONE', *, *, #1646, .T. ) ;
#2042 = EDGE_LOOP ( 'NONE', ( #1438, #109, #2058, #214, #1108, #620 ) ) ;
#2043 =( GEOMETRIC_REPRESENTATION_CONTEXT ( 3 ) GLOBAL_UNCERTAINTY_ASSIGNED_CONTEXT ( ( #1040 ) ) GLOBAL_UNIT_ASSIGNED_CONTEXT ( ( #1672, #2238, #2423 ) ) REPRESENTATION_CONTEXT ( 'NONE', 'WORKASPACE' ) );
#2044 = DIRECTION ( 'NONE',  ( -1.850923245088087029E-13, -6.123233995736766036E-17, -1.000000000000000000 ) ) ;
#2045 = CARTESIAN_POINT ( 'NONE',  ( 239.4486692408199815, 159.5160447220560798, 0.4992688937462406162 ) ) ;
#2046 = VERTEX_POINT ( 'NONE', #1464 ) ;
#2047 = CARTESIAN_POINT ( 'NONE',  ( 239.0258158683615477, 161.0470652311782089, 0.000000000000000000 ) ) ;
#2048 = CARTESIAN_POINT ( 'NONE',  ( 239.7188551155040557, 159.9170652311782703, -0.1186715412137812065 ) ) ;
#2049 = CIRCLE ( 'NONE', #2721, 0.08000000000008000711 ) ;
#2050 = ORIENTED_EDGE ( 'NONE', *, *, #640, .T. ) ;
#2051 = CARTESIAN_POINT ( 'NONE',  ( 238.4176487316980797, 160.2670652311782078, 0.000000000000000000 ) ) ;
#2052 = EDGE_CURVE ( 'NONE', #1662, #3109, #3192, .T. ) ;
#2053 = CARTESIAN_POINT ( 'NONE',  ( 238.2976487318197769, 161.3180377428453482, -1.720104105753117341E-06 ) ) ;
#2054 = ORIENTED_EDGE ( 'NONE', *, *, #266, .F. ) ;
#2055 = DIRECTION ( 'NONE',  ( -0.000000000000000000, 1.000000000000000000, -6.123233995736766036E-17 ) ) ;
#2056 = VECTOR ( 'NONE', #2462, 1000.000000000000000 ) ;
#2057 = ORIENTED_EDGE ( 'NONE', *, *, #22, .F. ) ;
#2058 = ORIENTED_EDGE ( 'NONE', *, *, #2982, .F. ) ;
#2059 = FACE_OUTER_BOUND ( 'NONE', #1015, .T. ) ;
#2060 = EDGE_CURVE ( 'NONE', #2638, #2782, #2009, .T. ) ;
#2061 = CARTESIAN_POINT ( 'NONE',  ( 238.3622498793097009, 159.5539121679516086, 0.4601725583308975964 ) ) ;
#2062 = ORIENTED_EDGE ( 'NONE', *, *, #2096, .T. ) ;
#2063 = DIRECTION ( 'NONE',  ( -1.110223024623473906E-12, 0.000000000000000000, 1.000000000000000000 ) ) ;
#2064 = DIRECTION ( 'NONE',  ( -1.000000000000000000, 0.000000000000000000, 0.000000000000000000 ) ) ;
#2065 = AXIS2_PLACEMENT_3D ( 'NONE', #1000, #2463, #210 ) ;
#2066 = ORIENTED_EDGE ( 'NONE', *, *, #1262, .T. ) ;
#2067 = FACE_OUTER_BOUND ( 'NONE', #2460, .T. ) ;
#2068 = EDGE_CURVE ( 'NONE', #2799, #499, #1478, .T. ) ;
#2069 = LINE ( 'NONE', #2171, #2821 ) ;
#2070 = EDGE_CURVE ( 'NONE', #1997, #2807, #2947, .T. ) ;
#2071 = VERTEX_POINT ( 'NONE', #2222 ) ;
#2072 = CARTESIAN_POINT ( 'NONE',  ( 239.8190945013653845, 159.9170652311782703, -0.4600000000000079581 ) ) ;
#2073 = VERTEX_POINT ( 'NONE', #6 ) ;
#2074 = ORIENTED_EDGE ( 'NONE', *, *, #880, .T. ) ;
#2075 = ORIENTED_EDGE ( 'NONE', *, *, #861, .F. ) ;
#2076 = CARTESIAN_POINT ( 'NONE',  ( 239.7707913019712294, 160.9170652311782419, -0.3129151433707153540 ) ) ;
#2077 = LINE ( 'NONE', #613, #800 ) ;
#2078 = EDGE_CURVE ( 'NONE', #499, #2209, #2311, .T. ) ;
#2079 = ORIENTED_EDGE ( 'NONE', *, *, #1153, .F. ) ;
#2080 = CARTESIAN_POINT ( 'NONE',  ( 239.4073188080788839, 160.4170652311782135, -0.3800000000000000044 ) ) ;
#2081 = CARTESIAN_POINT ( 'NONE',  ( 239.5476487316979046, 161.3180362933790377, 6.769685415105958810E-15 ) ) ;
#2082 = VECTOR ( 'NONE', #374, 1000.000000000000000 ) ;
#2083 = CARTESIAN_POINT ( 'NONE',  ( 239.9726487316978876, 159.9170652311782703, -0.4600000000000363798 ) ) ;
#2084 = ORIENTED_EDGE ( 'NONE', *, *, #1524, .F. ) ;
#2085 = CARTESIAN_POINT ( 'NONE',  ( 238.4976487316981206, 159.8670652311782874, 0.000000000000000000 ) ) ;
#2086 = VECTOR ( 'NONE', #2984, 1000.000000000000000 ) ;
#2087 = ORIENTED_EDGE ( 'NONE', *, *, #576, .T. ) ;
#2088 = DIRECTION ( 'NONE',  ( 0.000000000000000000, -6.123233995736766036E-17, -1.000000000000000000 ) ) ;
#2089 = ORIENTED_EDGE ( 'NONE', *, *, #623, .T. ) ;
#2090 = EDGE_CURVE ( 'NONE', #1564, #2814, #1725, .T. ) ;
#2091 = ORIENTED_EDGE ( 'NONE', *, *, #1053, .T. ) ;
#2092 = DIRECTION ( 'NONE',  ( -1.000000000000000000, 0.000000000000000000, -6.162975822039944329E-33 ) ) ;
#2093 = CARTESIAN_POINT ( 'NONE',  ( 239.3654064507348096, 161.3632882660665473, -0.3074215184751816210 ) ) ;
#2094 = ORIENTED_EDGE ( 'NONE', *, *, #2117, .T. ) ;
#2095 = VECTOR ( 'NONE', #175, 1000.000000000000000 ) ;
#2096 = EDGE_CURVE ( 'NONE', #1091, #705, #1714, .T. ) ;
#2097 = DIRECTION ( 'NONE',  ( 0.000000000000000000, 1.000000000000000000, -6.123233995736766036E-17 ) ) ;
#2098 = CARTESIAN_POINT ( 'NONE',  ( 238.4442358320132485, 161.2704781308628696, 0.3248683333730025824 ) ) ;
#2099 = CIRCLE ( 'NONE', #2248, 0.08000000000008000711 ) ;
#2100 = ADVANCED_FACE ( 'NONE', ( #1521 ), #998, .T. ) ;
#2101 = DIRECTION ( 'NONE',  ( -0.000000000000000000, 0.000000000000000000, -1.000000000000000000 ) ) ;
#2102 = ORIENTED_EDGE ( 'NONE', *, *, #1677, .T. ) ;
#2103 = AXIS2_PLACEMENT_3D ( 'NONE', #3123, #438, #1682 ) ;
#2104 = CARTESIAN_POINT ( 'NONE',  ( 239.1741398381035140, 159.8470652311780213, -0.1099999999999852207 ) ) ;
#2105 = EDGE_CURVE ( 'NONE', #596, #2142, #760, .T. ) ;
#2106 = VECTOR ( 'NONE', #1404, 1000.000000000000227 ) ;
#2107 = CARTESIAN_POINT ( 'NONE',  ( 239.8190945013653845, 159.9170652311782703, -0.4600000000000079581 ) ) ;
#2108 = VECTOR ( 'NONE', #487, 1000.000000000000000 ) ;
#2109 = ORIENTED_EDGE ( 'NONE', *, *, #379, .T. ) ;
#2110 = ORIENTED_EDGE ( 'NONE', *, *, #2078, .T. ) ;
#2111 = ADVANCED_FACE ( 'NONE', ( #1491 ), #2476, .F. ) ;
#2112 = DIRECTION ( 'NONE',  ( 0.000000000000000000, -1.000000000000000000, 9.035018104046865399E-17 ) ) ;
#2113 = ORIENTED_EDGE ( 'NONE', *, *, #1522, .T. ) ;
#2114 = CARTESIAN_POINT ( 'NONE',  ( 239.2351487316979046, 159.4437652311781903, -0.1900000000000000022 ) ) ;
#2115 = CARTESIAN_POINT ( 'NONE',  ( 239.9726487316978876, 159.6170652311782874, -0.3500000000000227374 ) ) ;
#2116 = VECTOR ( 'NONE', #340, 1000.000000000000227 ) ;
#2117 = EDGE_CURVE ( 'NONE', #1774, #745, #2233, .T. ) ;
#2118 = ORIENTED_EDGE ( 'NONE', *, *, #1415, .T. ) ;
#2119 = FACE_OUTER_BOUND ( 'NONE', #2719, .T. ) ;
#2120 = CARTESIAN_POINT ( 'NONE',  ( 238.4176487316980797, 160.6470652311783169, 0.000000000000000000 ) ) ;
#2121 = EDGE_CURVE ( 'NONE', #2228, #2746, #1012, .T. ) ;
#2122 = DIRECTION ( 'NONE',  ( 0.000000000000000000, 0.000000000000000000, -1.000000000000000000 ) ) ;
#2123 = ORIENTED_EDGE ( 'NONE', *, *, #2961, .F. ) ;
#2124 = CARTESIAN_POINT ( 'NONE',  ( 239.4338382320841845, 161.2170652311781964, 3.814574123250033334E-35 ) ) ;
#2125 = EDGE_CURVE ( 'NONE', #2071, #1369, #1755, .T. ) ;
#2126 = DIRECTION ( 'NONE',  ( -0.1376971287151651513, 0.1376971287151023959, 0.9808562593403865604 ) ) ;
#2127 = CARTESIAN_POINT ( 'NONE',  ( 239.6125880768368290, 159.9170652311782703, -0.1470848566293625481 ) ) ;
#2128 = VERTEX_POINT ( 'NONE', #280 ) ;
#2129 = ORIENTED_EDGE ( 'NONE', *, *, #1535, .F. ) ;
#2130 = CARTESIAN_POINT ( 'NONE',  ( 239.0258158683616045, 159.8670652311782874, -0.1099999999999852207 ) ) ;
#2131 = ORIENTED_EDGE ( 'NONE', *, *, #2650, .T. ) ;
#2132 = CARTESIAN_POINT ( 'NONE',  ( 238.4976487316980638, 160.7970652311783510, 0.000000000000000000 ) ) ;
#2133 = CARTESIAN_POINT ( 'NONE',  ( 239.9726487316978876, 161.2170652311782248, -0.3500000000000227374 ) ) ;
#2134 = FACE_OUTER_BOUND ( 'NONE', #2042, .T. ) ;
#2135 = DIRECTION ( 'NONE',  ( 0.000000000000000000, -6.123233995736766036E-17, -1.000000000000000000 ) ) ;
#2136 = CARTESIAN_POINT ( 'NONE',  ( 239.3176487316981138, 159.5670652311782476, -0.1099999999999852207 ) ) ;
#2137 = DIRECTION ( 'NONE',  ( 0.000000000000000000, -1.000000000000000000, 6.123233995736766036E-17 ) ) ;
#2138 = VECTOR ( 'NONE', #2035, 1000.000000000000000 ) ;
#2139 = LINE ( 'NONE', #910, #980 ) ;
#2140 = EDGE_CURVE ( 'NONE', #2814, #604, #1267, .T. ) ;
#2141 = LINE ( 'NONE', #2898, #1479 ) ;
#2142 = VERTEX_POINT ( 'NONE', #1343 ) ;
#2143 = FACE_OUTER_BOUND ( 'NONE', #256, .T. ) ;
#2144 = VERTEX_POINT ( 'NONE', #327 ) ;
#2145 = DIRECTION ( 'NONE',  ( 0.000000000000000000, -0.1390213934488735981, 0.9902893779918744421 ) ) ;
#2146 = DIRECTION ( 'NONE',  ( -0.1376971287151047274, 0.1376971287151047274, -0.9808562593403946650 ) ) ;
#2147 = ORIENTED_EDGE ( 'NONE', *, *, #323, .T. ) ;
#2148 = CARTESIAN_POINT ( 'NONE',  ( 238.4976487316981490, 160.9670652311781964, 0.000000000000000000 ) ) ;
#2149 = CARTESIAN_POINT ( 'NONE',  ( 239.3745547209305471, 159.8770652311780793, -2.841926013654605241E-14 ) ) ;
#2150 = CIRCLE ( 'NONE', #2549, 0.07999999999994122923 ) ;
#2151 = CARTESIAN_POINT ( 'NONE',  ( 239.3176487316980570, 161.1870652311783942, -0.1099999999999852207 ) ) ;
#2152 = APPROVAL_PERSON_ORGANIZATION ( #778, #1392, #2465 ) ;
#2153 = EDGE_LOOP ( 'NONE', ( #382, #878, #2933, #2118 ) ) ;
#2154 = CARTESIAN_POINT ( 'NONE',  ( 238.3411575670293416, 161.2689184183090845, -0.3037607471524650382 ) ) ;
#2155 = AXIS2_PLACEMENT_3D ( 'NONE', #1650, #2622, #1162 ) ;
#2156 = CARTESIAN_POINT ( 'NONE',  ( 239.4073188080789407, 159.5573951547971205, -0.2799999999999844280 ) ) ;
#2157 = ORIENTED_EDGE ( 'NONE', *, *, #2881, .T. ) ;
#2158 = ORIENTED_EDGE ( 'NONE', *, *, #2281, .F. ) ;
#2159 = VECTOR ( 'NONE', #2429, 1000.000000000000000 ) ;
#2160 = VECTOR ( 'NONE', #2846, 1000.000000000000000 ) ;
#2161 = ORIENTED_EDGE ( 'NONE', *, *, #19, .F. ) ;
#2162 = CARTESIAN_POINT ( 'NONE',  ( 238.3770255215290490, 159.4964420210093294, -0.3592761974456857299 ) ) ;
#2163 = ORIENTED_EDGE ( 'NONE', *, *, #50, .T. ) ;
#2164 = CYLINDRICAL_SURFACE ( 'NONE', #1958, 0.1599999999999965616 ) ;
#2165 = CARTESIAN_POINT ( 'NONE',  ( 239.5054641824937676, 161.3065925447189670, -0.3009894865086191196 ) ) ;
#2166 = ORIENTED_EDGE ( 'NONE', *, *, #563, .T. ) ;
#2167 = LINE ( 'NONE', #3198, #2288 ) ;
#2168 = DIRECTION ( 'NONE',  ( 0.000000000000000000, -1.000000000000000000, 6.123233995736766036E-17 ) ) ;
#2169 = CARTESIAN_POINT ( 'NONE',  ( 238.4976487316980638, 160.7970652311782942, 0.000000000000000000 ) ) ;
#2170 = DIRECTION ( 'NONE',  ( 0.1376971287151374512, 0.1376971287150877687, -0.9808562593403925556 ) ) ;
#2171 = CARTESIAN_POINT ( 'NONE',  ( 239.4073188080789407, 159.4583681497822454, -0.2939159001784154568 ) ) ;
#2172 =( BOUNDED_CURVE ( )  B_SPLINE_CURVE ( 3, ( #2162, #1421, #1593, #2844 ),
 .UNSPECIFIED., .F., .F. ) 
 B_SPLINE_CURVE_WITH_KNOTS ( ( 4, 4 ),
 ( 0.7950813825710162375, 1.570796326794636100 ),
 .UNSPECIFIED. ) 
 CURVE ( )  GEOMETRIC_REPRESENTATION_ITEM ( )  RATIONAL_B_SPLINE_CURVE ( ( 1.000000000000000000, 0.9504810004359405262, 0.9504810004359405262, 1.000000000000000000 ) ) 
 REPRESENTATION_ITEM ( '' )  );
#2173 = CARTESIAN_POINT ( 'NONE',  ( 239.3341402020872124, 159.8070652311780577, -0.1099999999999852207 ) ) ;
#2174 = DIRECTION ( 'NONE',  ( 1.000000000000000000, -0.000000000000000000, -0.000000000000000000 ) ) ;
#2175 = CARTESIAN_POINT ( 'NONE',  ( 238.4379786553168401, 161.2767353075592496, -0.2800000000000000266 ) ) ;
#2176 = CIRCLE ( 'NONE', #632, 0.07999999999991347366 ) ;
#2177 = EDGE_CURVE ( 'NONE', #1048, #3030, #2757, .T. ) ;
#2178 = CYLINDRICAL_SURFACE ( 'NONE', #428, 0.07999999999999674039 ) ;
#2179 = ORIENTED_EDGE ( 'NONE', *, *, #123, .F. ) ;
#2180 = DIRECTION ( 'NONE',  ( 0.000000000000000000, 0.000000000000000000, 1.000000000000000000 ) ) ;
#2181 = ORIENTED_EDGE ( 'NONE', *, *, #402, .T. ) ;
#2182 = CARTESIAN_POINT ( 'NONE',  ( 239.3757434818910781, 161.2420652311782874, -0.1099999999999852207 ) ) ;
#2183 = DIRECTION ( 'NONE',  ( 0.000000000000000000, 0.000000000000000000, -1.000000000000000000 ) ) ;
#2184 = DIRECTION ( 'NONE',  ( -0.000000000000000000, -0.000000000000000000, 1.000000000000000000 ) ) ;
#2185 = CARTESIAN_POINT ( 'NONE',  ( 239.6125880768368290, 160.9170652311782419, -0.1470848566293625481 ) ) ;
#2186 = EDGE_LOOP ( 'NONE', ( #1307, #2551, #720, #939, #1889 ) ) ;
#2187 = DIRECTION ( 'NONE',  ( -1.618842307186691498E-14, 1.000000000000000000, -1.407258381148595727E-14 ) ) ;
#2188 = CIRCLE ( 'NONE', #757, 0.07999999999999674039 ) ;
#2189 = DIRECTION ( 'NONE',  ( 0.000000000000000000, 1.000000000000000000, -1.232595164407751986E-32 ) ) ;
#2190 = VECTOR ( 'NONE', #334, 1000.000000000000000 ) ;
#2191 = DIRECTION ( 'NONE',  ( 6.286203308273787599E-39, 1.000000000000000000, 3.406112189855437908E-26 ) ) ;
#2192 = ORIENTED_EDGE ( 'NONE', *, *, #11, .T. ) ;
#2193 = PERSON_AND_ORGANIZATION_ROLE ( 'classification_officer' ) ;
#2194 = EDGE_CURVE ( 'NONE', #1355, #2250, #59, .T. ) ;
#2195 = ORIENTED_EDGE ( 'NONE', *, *, #90, .F. ) ;
#2196 = ADVANCED_FACE ( 'NONE', ( #2580 ), #1311, .T. ) ;
#2197 = CARTESIAN_POINT ( 'NONE',  ( 239.7707913019712294, 161.2170652311782248, -0.3129151433707153540 ) ) ;
#2198 = AXIS2_PLACEMENT_3D ( 'NONE', #2343, #3140, #1193 ) ;
#2199 = EDGE_CURVE ( 'NONE', #1774, #1938, #2778, .T. ) ;
#2200 = DIRECTION ( 'NONE',  ( -1.000000000000000000, 0.000000000000000000, 0.000000000000000000 ) ) ;
#2201 = FACE_OUTER_BOUND ( 'NONE', #1144, .T. ) ;
#2202 = APPROVAL ( #1016, 'UNSPECIFIED' ) ;
#2203 = ORIENTED_EDGE ( 'NONE', *, *, #2011, .T. ) ;
#2204 = LINE ( 'NONE', #1509, #410 ) ;
#2205 = AXIS2_PLACEMENT_3D ( 'NONE', #2175, #2566, #3055 ) ;
#2206 = EDGE_CURVE ( 'NONE', #322, #564, #2305, .T. ) ;
#2207 = CARTESIAN_POINT ( 'NONE',  ( 239.3745547209305471, 159.8770652311780793, 0.000000000000000000 ) ) ;
#2208 = CIRCLE ( 'NONE', #1138, 0.1599999999999965616 ) ;
#2209 = VERTEX_POINT ( 'NONE', #75 ) ;
#2210 = DATE_TIME_ROLE ( 'classification_date' ) ;
#2211 = VECTOR ( 'NONE', #2931, 1000.000000000000000 ) ;
#2212 = EDGE_CURVE ( 'NONE', #1598, #1349, #120, .T. ) ;
#2213 = ORIENTED_EDGE ( 'NONE', *, *, #2800, .F. ) ;
#2214 = CYLINDRICAL_SURFACE ( 'NONE', #2858, 0.08000000000008000711 ) ;
#2215 = AXIS2_PLACEMENT_3D ( 'NONE', #1148, #1336, #2315 ) ;
#2216 = FACE_OUTER_BOUND ( 'NONE', #1762, .T. ) ;
#2217 = EDGE_CURVE ( 'NONE', #508, #790, #1080, .T. ) ;
#2218 = DIRECTION ( 'NONE',  ( -1.000000000000000000, -0.000000000000000000, 0.000000000000000000 ) ) ;
#2219 = CARTESIAN_POINT ( 'NONE',  ( 238.4344956684712997, 159.4816663787899529, 0.4601725583308916567 ) ) ;
#2220 = EDGE_CURVE ( 'NONE', #1477, #1173, #1787, .T. ) ;
#2221 = VERTEX_POINT ( 'NONE', #2531 ) ;
#2222 = CARTESIAN_POINT ( 'NONE',  ( 239.3176487316981138, 161.2670652311782362, -0.1099999999999852207 ) ) ;
#2223 = ADVANCED_FACE ( 'NONE', ( #599 ), #1094, .T. ) ;
#2224 = DIRECTION ( 'NONE',  ( 0.000000000000000000, 0.000000000000000000, -1.000000000000000000 ) ) ;
#2225 = ORIENTED_EDGE ( 'NONE', *, *, #2373, .F. ) ;
#2226 = VERTEX_POINT ( 'NONE', #3024 ) ;
#2227 = VECTOR ( 'NONE', #1375, 1000.000000000000000 ) ;
#2228 = VERTEX_POINT ( 'NONE', #3068 ) ;
#2229 = CARTESIAN_POINT ( 'NONE',  ( 238.1807732000917213, 160.5670652311782476, -0.3413284587862474573 ) ) ;
#2230 = PLANE ( 'NONE',  #1849 ) ;
#2231 = CARTESIAN_POINT ( 'NONE',  ( 239.5531287251528170, 161.2170652311782248, -0.1100000000000136563 ) ) ;
#2232 = PLANE ( 'NONE',  #1060 ) ;
#2233 = LINE ( 'NONE', #20, #1194 ) ;
#2234 = EDGE_CURVE ( 'NONE', #1032, #1033, #2623, .T. ) ;
#2235 = LINE ( 'NONE', #2717, #1813 ) ;
#2236 = VERTEX_POINT ( 'NONE', #1541 ) ;
#2237 = ORIENTED_EDGE ( 'NONE', *, *, #1551, .F. ) ;
#2238 =( NAMED_UNIT ( * ) PLANE_ANGLE_UNIT ( ) SI_UNIT ( $, .RADIAN. ) );
#2239 = ORIENTED_EDGE ( 'NONE', *, *, #1299, .F. ) ;
#2240 = FACE_OUTER_BOUND ( 'NONE', #2247, .T. ) ;
#2241 = PLANE ( 'NONE',  #207 ) ;
#2242 = DIRECTION ( 'NONE',  ( 0.000000000000000000, 0.000000000000000000, 1.000000000000000000 ) ) ;
#2243 = PLANE ( 'NONE',  #1814 ) ;
#2244 = AXIS2_PLACEMENT_3D ( 'NONE', #2954, #722, #1719 ) ;
#2245 = LINE ( 'NONE', #1978, #1800 ) ;
#2246 = DIRECTION ( 'NONE',  ( -0.000000000000000000, 0.000000000000000000, -1.000000000000000000 ) ) ;
#2247 = EDGE_LOOP ( 'NONE', ( #1741, #2336, #2879, #1797 ) ) ;
#2248 = AXIS2_PLACEMENT_3D ( 'NONE', #2847, #901, #919 ) ;
#2249 = ORIENTED_EDGE ( 'NONE', *, *, #937, .F. ) ;
#2250 = VERTEX_POINT ( 'NONE', #2823 ) ;
#2251 = CARTESIAN_POINT ( 'NONE',  ( 238.4125125229654998, 161.3350694099854366, -0.2028727765494287016 ) ) ;
#2252 = VECTOR ( 'NONE', #1697, 1000.000000000000000 ) ;
#2253 = DIRECTION ( 'NONE',  ( -1.000000000000000000, 0.000000000000000000, 0.000000000000000000 ) ) ;
#2254 = CARTESIAN_POINT ( 'NONE',  ( 239.4310290152075709, 159.5336849476684904, 0.5128353071178491929 ) ) ;
#2255 = AXIS2_PLACEMENT_3D ( 'NONE', #2791, #587, #1758 ) ;
#2256 = VECTOR ( 'NONE', #593, 1000.000000000000000 ) ;
#2257 = CARTESIAN_POINT ( 'NONE',  ( 239.8190945013654130, 161.2170652311782248, -0.3500000000000501599 ) ) ;
#2258 = CARTESIAN_POINT ( 'NONE',  ( 238.3966762200307414, 159.4170652313000573, -1.720104156346610215E-06 ) ) ;
#2259 = CARTESIAN_POINT ( 'NONE',  ( 238.5776487316981331, 161.2670652311782362, -0.1099999999999852207 ) ) ;
#2260 = VECTOR ( 'NONE', #2287, 1000.000000000000000 ) ;
#2261 = DIRECTION ( 'NONE',  ( -0.8660254037843080344, 0.5000000000002262635, 0.000000000000000000 ) ) ;
#2262 = ORIENTED_EDGE ( 'NONE', *, *, #2475, .F. ) ;
#2263 =( BOUNDED_CURVE ( )  B_SPLINE_CURVE ( 3, ( #1859, #1408, #2387, #1356 ),
 .UNSPECIFIED., .F., .T. ) 
 B_SPLINE_CURVE_WITH_KNOTS ( ( 4, 4 ),
 ( 4.712388980384689674, 5.367858260518517888 ),
 .UNSPECIFIED. ) 
 CURVE ( )  GEOMETRIC_REPRESENTATION_ITEM ( )  RATIONAL_B_SPLINE_CURVE ( ( 1.000000000000000000, 0.9645159930122164660, 0.9645159930122164660, 1.000000000000000000 ) ) 
 REPRESENTATION_ITEM ( '' )  );
#2264 = ORIENTED_EDGE ( 'NONE', *, *, #2445, .T. ) ;
#2265 = ORIENTED_EDGE ( 'NONE', *, *, #2978, .T. ) ;
#2266 = CARTESIAN_POINT ( 'NONE',  ( 238.1807732000917213, 160.2670652311781794, -0.3413284587862506214 ) ) ;
#2267 = LINE ( 'NONE', #69, #2511 ) ;
#2268 = DIRECTION ( 'NONE',  ( 1.000000000000000000, 0.000000000000000000, 0.000000000000000000 ) ) ;
#2269 = VERTEX_POINT ( 'NONE', #858 ) ;
#2270 = DIRECTION ( 'NONE',  ( 0.000000000000000000, 1.000000000000000000, -9.035018104046029699E-17 ) ) ;
#2271 = DIRECTION ( 'NONE',  ( 0.000000000000000000, -0.9902893779918742201, -0.1390213934488752634 ) ) ;
#2272 = VERTEX_POINT ( 'NONE', #1107 ) ;
#2273 = DIRECTION ( 'NONE',  ( 0.000000000000000000, 0.000000000000000000, 1.000000000000000000 ) ) ;
#2274 = DIRECTION ( 'NONE',  ( -0.000000000000000000, -0.000000000000000000, 1.000000000000000000 ) ) ;
#2275 = ORIENTED_EDGE ( 'NONE', *, *, #586, .T. ) ;
#2276 = ORIENTED_EDGE ( 'NONE', *, *, #2974, .T. ) ;
#2277 = EDGE_LOOP ( 'NONE', ( #3097, #3145, #589, #440, #3180 ) ) ;
#2278 = LINE ( 'NONE', #81, #1586 ) ;
#2279 = AXIS2_PLACEMENT_3D ( 'NONE', #413, #2666, #1151 ) ;
#2280 = CARTESIAN_POINT ( 'NONE',  ( 238.4976487316980638, 161.1870652311782237, -1.420993623000520393E-14 ) ) ;
#2281 = EDGE_CURVE ( 'NONE', #571, #1864, #2491, .T. ) ;
#2282 = EDGE_CURVE ( 'NONE', #142, #564, #1569, .T. ) ;
#2283 = EDGE_LOOP ( 'NONE', ( #458, #2640, #2398, #1271 ) ) ;
#2284 = CARTESIAN_POINT ( 'NONE',  ( 238.3966282225757993, 161.3180857403003188, 0.4992688937462449461 ) ) ;
#2285 = CARTESIAN_POINT ( 'NONE',  ( 239.9726487316978876, 160.9170652311782419, -0.4600000000000174505 ) ) ;
#2286 = VECTOR ( 'NONE', #652, 1000.000000000000000 ) ;
#2287 = DIRECTION ( 'NONE',  ( 1.000000000000000000, 0.000000000000000000, 0.000000000000000000 ) ) ;
#2288 = VECTOR ( 'NONE', #199, 1000.000000000000000 ) ;
#2289 = CARTESIAN_POINT ( 'NONE',  ( 239.2676487316981593, 160.7170652311781680, 0.000000000000000000 ) ) ;
#2290 = EDGE_CURVE ( 'NONE', #2450, #1301, #2790, .T. ) ;
#2291 = ORIENTED_EDGE ( 'NONE', *, *, #592, .F. ) ;
#2292 = LINE ( 'NONE', #3042, #1532 ) ;
#2293 = AXIS2_PLACEMENT_3D ( 'NONE', #951, #3177, #420 ) ;
#2294 = VERTEX_POINT ( 'NONE', #2561 ) ;
#2295 = ORIENTED_EDGE ( 'NONE', *, *, #2781, .F. ) ;
#2296 = EDGE_CURVE ( 'NONE', #3057, #3043, #2730, .T. ) ;
#2297 = CARTESIAN_POINT ( 'NONE',  ( 239.4073188080789123, 160.6670652311781851, -0.2800000000000000266 ) ) ;
#2298 = CARTESIAN_POINT ( 'NONE',  ( 238.4976487316981206, 159.9170652311782703, -2.842170943040384020E-14 ) ) ;
#2299 = ORIENTED_EDGE ( 'NONE', *, *, #1836, .F. ) ;
#2300 = CARTESIAN_POINT ( 'NONE',  ( 239.7707913019712294, 161.2170652311782248, -0.3129151433707306751 ) ) ;
#2301 = CARTESIAN_POINT ( 'NONE',  ( 238.9226487316978762, 161.2767353075592496, -0.3800000000000000044 ) ) ;
#2302 = ADVANCED_FACE ( 'NONE', ( #2067 ), #3052, .T. ) ;
#2303 = VECTOR ( 'NONE', #468, 1000.000000000000000 ) ;
#2304 = EDGE_CURVE ( 'NONE', #896, #1832, #2667, .T. ) ;
#2305 = LINE ( 'NONE', #2022, #2260 ) ;
#2306 = LINE ( 'NONE', #92, #868 ) ;
#2307 = EDGE_LOOP ( 'NONE', ( #2569, #110, #1530, #1528 ) ) ;
#2308 = DIRECTION ( 'NONE',  ( -1.000000000000000000, 0.000000000000000000, 0.000000000000000000 ) ) ;
#2309 = CIRCLE ( 'NONE', #1442, 0.05000000000007578244 ) ;
#2310 = ADVANCED_FACE ( 'NONE', ( #1678 ), #1862, .T. ) ;
#2311 = CIRCLE ( 'NONE', #2883, 0.1600000000000250389 ) ;
#2312 = ORIENTED_EDGE ( 'NONE', *, *, #979, .T. ) ;
#2313 = ORIENTED_EDGE ( 'NONE', *, *, #728, .F. ) ;
#2314 = ORIENTED_EDGE ( 'NONE', *, *, #2904, .T. ) ;
#2315 = DIRECTION ( 'NONE',  ( -1.000000000000000000, 0.000000000000000000, 0.000000000000000000 ) ) ;
#2316 = LINE ( 'NONE', #3060, #2852 ) ;
#2317 = ORIENTED_EDGE ( 'NONE', *, *, #2624, .F. ) ;
#2318 = CARTESIAN_POINT ( 'NONE',  ( 239.5476484526370484, 161.3762765504232561, -3.969622376637557394E-06 ) ) ;
#2319 = DIRECTION ( 'NONE',  ( -0.000000000000000000, 1.000000000000000000, -6.123233995736766036E-17 ) ) ;
#2320 = AXIS2_PLACEMENT_3D ( 'NONE', #2047, #3036, #101 ) ;
#2321 = DIRECTION ( 'NONE',  ( -1.232595164407830946E-32, 1.232595164407830946E-32, -1.000000000000000000 ) ) ;
#2322 = ORIENTED_EDGE ( 'NONE', *, *, #1070, .F. ) ;
#2323 = EDGE_CURVE ( 'NONE', #142, #2794, #1757, .T. ) ;
#2324 = DIRECTION ( 'NONE',  ( 1.133363613782278905E-29, 1.000000000000000000, -6.123233995736766036E-17 ) ) ;
#2325 = ORIENTED_EDGE ( 'NONE', *, *, #2758, .F. ) ;
#2326 = ADVANCED_FACE ( 'NONE', ( #397 ), #711, .T. ) ;
#2327 = FACE_OUTER_BOUND ( 'NONE', #2787, .T. ) ;
#2328 = ORIENTED_EDGE ( 'NONE', *, *, #1099, .T. ) ;
#2329 = EDGE_CURVE ( 'NONE', #936, #1997, #780, .T. ) ;
#2330 = ORIENTED_EDGE ( 'NONE', *, *, #1601, .F. ) ;
#2331 = CARTESIAN_POINT ( 'NONE',  ( 238.4379786553168401, 161.2767353075592212, -0.2800000000000033573 ) ) ;
#2332 = EDGE_CURVE ( 'NONE', #1564, #2128, #673, .T. ) ;
#2333 = ORIENTED_EDGE ( 'NONE', *, *, #1066, .F. ) ;
#2334 = FACE_OUTER_BOUND ( 'NONE', #750, .T. ) ;
#2335 = PLANE ( 'NONE',  #1640 ) ;
#2336 = ORIENTED_EDGE ( 'NONE', *, *, #1735, .T. ) ;
#2337 = DIRECTION ( 'NONE',  ( 0.000000000000000000, 1.000000000000000000, 0.000000000000000000 ) ) ;
#2338 = LINE ( 'NONE', #2301, #2339 ) ;
#2339 = VECTOR ( 'NONE', #3051, 1000.000000000000000 ) ;
#2340 = VECTOR ( 'NONE', #2956, 1000.000000000000000 ) ;
#2341 = LINE ( 'NONE', #2871, #2227 ) ;
#2342 = VERTEX_POINT ( 'NONE', #1170 ) ;
#2343 = CARTESIAN_POINT ( 'NONE',  ( 239.7469678947185798, 159.6170652311782874, -0.2665375653817250168 ) ) ;
#2344 = VECTOR ( 'NONE', #1246, 1000.000000000000000 ) ;
#2345 = DIRECTION ( 'NONE',  ( 1.000000000000000000, -1.152231463394654412E-13, 0.000000000000000000 ) ) ;
#2346 = EDGE_CURVE ( 'NONE', #2046, #2272, #475, .T. ) ;
#2347 = ORIENTED_EDGE ( 'NONE', *, *, #1744, .T. ) ;
#2348 = VERTEX_POINT ( 'NONE', #1917 ) ;
#2349 = LINE ( 'NONE', #369, #2614 ) ;
#2350 = ORIENTED_EDGE ( 'NONE', *, *, #947, .F. ) ;
#2351 = DIRECTION ( 'NONE',  ( -1.000000000000000000, 0.000000000000000000, 0.000000000000000000 ) ) ;
#2352 = CARTESIAN_POINT ( 'NONE',  ( 239.5476484526370768, 159.4578539119331140, -3.969622303768512340E-06 ) ) ;
#2353 = ORIENTED_EDGE ( 'NONE', *, *, #683, .F. ) ;
#2354 = DIRECTION ( 'NONE',  ( -0.000000000000000000, -1.000000000000000000, 6.123233995736766036E-17 ) ) ;
#2355 = DIRECTION ( 'NONE',  ( 0.000000000000000000, 1.000000000000000000, -6.123233995736766036E-17 ) ) ;
#2356 = EDGE_CURVE ( 'NONE', #287, #2071, #1290, .T. ) ;
#2357 = PLANE ( 'NONE',  #831 ) ;
#2358 = PERSON ( 'UNSPECIFIED', 'UNSPECIFIED', 'UNSPECIFIED', ('UNSPECIFIED'), ('UNSPECIFIED'), ('UNSPECIFIED') ) ;
#2359 = ORIENTED_EDGE ( 'NONE', *, *, #1962, .F. ) ;
#2360 = CIRCLE ( 'NONE', #3136, 0.1599999999999965616 ) ;
#2361 = LINE ( 'NONE', #3105, #2600 ) ;
#2362 = DIRECTION ( 'NONE',  ( 0.000000000000000000, -1.000000000000000000, 0.000000000000000000 ) ) ;
#2363 = AXIS2_PLACEMENT_3D ( 'NONE', #2297, #886, #2351 ) ;
#2364 = CARTESIAN_POINT ( 'NONE',  ( 239.8190945013654698, 161.2170652311782248, -0.3500000000000365041 ) ) ;
#2365 = ORIENTED_EDGE ( 'NONE', *, *, #1066, .T. ) ;
#2366 = EDGE_LOOP ( 'NONE', ( #417, #664, #2745, #1673 ) ) ;
#2367 = DIRECTION ( 'NONE',  ( 0.000000000000000000, -1.000000000000000000, 6.123233999162682944E-17 ) ) ;
#2368 = VERTEX_POINT ( 'NONE', #450 ) ;
#2369 = LINE ( 'NONE', #612, #561 ) ;
#2370 = CARTESIAN_POINT ( 'NONE',  ( 238.4976487316980922, 160.1870652311781953, -0.1100000000000000006 ) ) ;
#2371 = CARTESIAN_POINT ( 'NONE',  ( 239.1741398381034571, 159.7670652311780657, -1.420626228921838341E-14 ) ) ;
#2372 = CARTESIAN_POINT ( 'NONE',  ( 239.0258158683615761, 159.7870652311783033, -0.1099999999999852207 ) ) ;
#2373 = EDGE_CURVE ( 'NONE', #2746, #1203, #171, .T. ) ;
#2374 = DIRECTION ( 'NONE',  ( 1.000000000000000000, 0.000000000000000000, -0.000000000000000000 ) ) ;
#2375 = EDGE_LOOP ( 'NONE', ( #2843, #2825, #2347, #1512 ) ) ;
#2376 = CARTESIAN_POINT ( 'NONE',  ( 238.7663987316979046, 159.5770073539238751, 0.4200000000000000955 ) ) ;
#2377 = VECTOR ( 'NONE', #1768, 1000.000000000000000 ) ;
#2378 = DIRECTION ( 'NONE',  ( -1.000000000000000000, 9.552071512997443458E-45, 1.559971496624811041E-28 ) ) ;
#2379 = DIRECTION ( 'NONE',  ( 1.000000000000000000, 0.000000000000000000, 0.000000000000000000 ) ) ;
#2380 = ORIENTED_EDGE ( 'NONE', *, *, #2346, .F. ) ;
#2381 = ORIENTED_EDGE ( 'NONE', *, *, #1543, .T. ) ;
#2382 = FACE_OUTER_BOUND ( 'NONE', #1228, .T. ) ;
#2383 = ORIENTED_EDGE ( 'NONE', *, *, #999, .F. ) ;
#2384 = FACE_OUTER_BOUND ( 'NONE', #2283, .T. ) ;
#2385 = CARTESIAN_POINT ( 'NONE',  ( 239.4363542005477541, 161.3799825727621453, -0.3631677314201425255 ) ) ;
#2386 = VERTEX_POINT ( 'NONE', #2136 ) ;
#2387 = CARTESIAN_POINT ( 'NONE',  ( 238.3946640294100803, 159.5140805288903607, -0.3728379267582732082 ) ) ;
#2388 = DIRECTION ( 'NONE',  ( -1.040834085585921486E-12, 0.000000000000000000, 1.000000000000000000 ) ) ;
#2389 = ADVANCED_FACE ( 'NONE', ( #1618 ), #2853, .T. ) ;
#2390 = CARTESIAN_POINT ( 'NONE',  ( 239.3877066089521861, 160.1670652311781851, 0.4200000000000000955 ) ) ;
#2391 = CARTESIAN_POINT ( 'NONE',  ( 238.7663987316979046, 159.5770073539238751, 0.5200000000000000178 ) ) ;
#2392 = LINE ( 'NONE', #2413, #1694 ) ;
#2393 = AXIS2_PLACEMENT_3D ( 'NONE', #2890, #1877, #904 ) ;
#2394 = VECTOR ( 'NONE', #3033, 1000.000000000000000 ) ;
#2395 = DIRECTION ( 'NONE',  ( 0.000000000000000000, 0.000000000000000000, -1.000000000000000000 ) ) ;
#2396 = DIRECTION ( 'NONE',  ( 0.000000000000000000, 0.000000000000000000, 1.000000000000000000 ) ) ;
#2397 = ORIENTED_EDGE ( 'NONE', *, *, #383, .T. ) ;
#2398 = ORIENTED_EDGE ( 'NONE', *, *, #584, .T. ) ;
#2399 = EDGE_CURVE ( 'NONE', #2999, #641, #2341, .T. ) ;
#2400 = LINE ( 'NONE', #3147, #916 ) ;
#2401 = AXIS2_PLACEMENT_3D ( 'NONE', #1155, #908, #1414 ) ;
#2402 = ORIENTED_EDGE ( 'NONE', *, *, #2689, .T. ) ;
#2403 = LINE ( 'NONE', #685, #2106 ) ;
#2404 = CARTESIAN_POINT ( 'NONE',  ( 239.3877066089521861, 161.2571231084325518, 0.5200000000000000178 ) ) ;
#2405 = ORIENTED_EDGE ( 'NONE', *, *, #2675, .F. ) ;
#2406 = CYLINDRICAL_SURFACE ( 'NONE', #967, 0.05000000000007575468 ) ;
#2407 = CARTESIAN_POINT ( 'NONE',  ( 238.0262029620303110, 160.5670652311781623, -0.3000000000000113687 ) ) ;
#2408 = DIRECTION ( 'NONE',  ( -0.000000000000000000, -0.000000000000000000, 1.000000000000000000 ) ) ;
#2409 = ADVANCED_FACE ( 'NONE', ( #434 ), #1411, .T. ) ;
#2410 = CARTESIAN_POINT ( 'NONE',  ( 238.2921687382429639, 160.5670652311783044, -0.3500000000000227374 ) ) ;
#2411 = CARTESIAN_POINT ( 'NONE',  ( 239.8190945013654982, 160.9170652311782419, -0.2999999999999829470 ) ) ;
#2412 = ADVANCED_FACE ( 'NONE', ( #1137 ), #1191, .T. ) ;
#2413 = CARTESIAN_POINT ( 'NONE',  ( 239.0999778532325024, 161.0170652311783783, 0.000000000000000000 ) ) ;
#2414 = ADVANCED_FACE ( 'NONE', ( #3102 ), #2357, .T. ) ;
#2415 = CIRCLE ( 'NONE', #2934, 0.09999999999998898659 ) ;
#2416 = CARTESIAN_POINT ( 'NONE',  ( 239.5642848774427023, 159.9170652311782703, -0.1100000000000141559 ) ) ;
#2417 = DIRECTION ( 'NONE',  ( -1.000000000000000000, 0.000000000000000000, 0.000000000000000000 ) ) ;
#2418 = AXIS2_PLACEMENT_3D ( 'NONE', #2668, #1899, #927 ) ;
#2419 = AXIS2_PLACEMENT_3D ( 'NONE', #1215, #3165, #2938 ) ;
#2420 = CYLINDRICAL_SURFACE ( 'NONE', #2065, 0.1600000000000250389 ) ;
#2421 = EDGE_CURVE ( 'NONE', #124, #505, #169, .T. ) ;
#2422 = ORIENTED_EDGE ( 'NONE', *, *, #2445, .F. ) ;
#2423 =( NAMED_UNIT ( * ) SI_UNIT ( $, .STERADIAN. ) SOLID_ANGLE_UNIT ( ) );
#2424 = ORIENTED_EDGE ( 'NONE', *, *, #2669, .F. ) ;
#2425 = LINE ( 'NONE', #2647, #852 ) ;
#2426 = CARTESIAN_POINT ( 'NONE',  ( 238.0745061614245515, 160.5670652311781623, -0.3129151433707281216 ) ) ;
#2427 = VECTOR ( 'NONE', #1061, 1000.000000000000000 ) ;
#2428 = CARTESIAN_POINT ( 'NONE',  ( 239.7469678947185798, 160.9170652311782419, -0.4600000000000079581 ) ) ;
#2429 = DIRECTION ( 'NONE',  ( -0.000000000000000000, 0.000000000000000000, -1.000000000000000000 ) ) ;
#2430 = DIRECTION ( 'NONE',  ( -0.1378308382113287989, -0.1378308382113327124, -0.9808186988816659513 ) ) ;
#2431 = DIRECTION ( 'NONE',  ( 0.9660639878836384531, -1.581648898946482707E-17, -0.2583028674141292225 ) ) ;
#2432 = EDGE_CURVE ( 'NONE', #223, #505, #1208, .T. ) ;
#2433 = AXIS2_PLACEMENT_3D ( 'NONE', #2390, #3137, #203 ) ;
#2434 = FACE_OUTER_BOUND ( 'NONE', #1179, .T. ) ;
#2435 = ORIENTED_EDGE ( 'NONE', *, *, #1780, .T. ) ;
#2436 = COORDINATED_UNIVERSAL_TIME_OFFSET ( 8, 0, .AHEAD. ) ;
#2437 = VERTEX_POINT ( 'NONE', #1475 ) ;
#2438 = LINE ( 'NONE', #2888, #2344 ) ;
#2439 = DIRECTION ( 'NONE',  ( -1.000000000000000000, 0.000000000000000000, 0.000000000000000000 ) ) ;
#2440 = DIRECTION ( 'NONE',  ( 0.000000000000000000, -0.1390213934488735981, -0.9902893779918744421 ) ) ;
#2441 = EDGE_CURVE ( 'NONE', #2965, #1609, #996, .T. ) ;
#2442 = VERTEX_POINT ( 'NONE', #1975 ) ;
#2443 = ORIENTED_EDGE ( 'NONE', *, *, #2452, .T. ) ;
#2444 = DIRECTION ( 'NONE',  ( -0.000000000000000000, -0.000000000000000000, 1.000000000000000000 ) ) ;
#2445 = EDGE_CURVE ( 'NONE', #2226, #1163, #2686, .T. ) ;
#2446 = VECTOR ( 'NONE', #2802, 1000.000000000000227 ) ;
#2447 = AXIS2_PLACEMENT_3D ( 'NONE', #447, #2168, #2868 ) ;
#2448 = CYLINDRICAL_SURFACE ( 'NONE', #49, 0.07999999999996898481 ) ;
#2449 = EDGE_CURVE ( 'NONE', #2965, #3069, #1, .T. ) ;
#2450 = VERTEX_POINT ( 'NONE', #2472 ) ;
#2451 = SECURITY_CLASSIFICATION_LEVEL ( 'unclassified' ) ;
#2452 = EDGE_CURVE ( 'NONE', #2951, #936, #2957, .T. ) ;
#2453 = ORIENTED_EDGE ( 'NONE', *, *, #2587, .F. ) ;
#2454 = LINE ( 'NONE', #446, #1013 ) ;
#2455 = CARTESIAN_POINT ( 'NONE',  ( 239.4486692408199815, 161.3180857403002904, 0.4992688937462427812 ) ) ;
#2456 = AXIS2_PLACEMENT_3D ( 'NONE', #2750, #1020, #2253 ) ;
#2457 = FACE_OUTER_BOUND ( 'NONE', #2845, .T. ) ;
#2458 = LINE ( 'NONE', #543, #128 ) ;
#2459 = ADVANCED_FACE ( 'NONE', ( #2457 ), #528, .T. ) ;
#2460 = EDGE_LOOP ( 'NONE', ( #2365, #2322, #2583, #83 ) ) ;
#2461 = AXIS2_PLACEMENT_3D ( 'NONE', #2662, #1894, #1874 ) ;
#2462 = DIRECTION ( 'NONE',  ( -0.000000000000000000, 1.000000000000000000, 0.000000000000000000 ) ) ;
#2463 = DIRECTION ( 'NONE',  ( 0.000000000000000000, -1.000000000000000000, 6.123233995736766036E-17 ) ) ;
#2464 = EDGE_LOOP ( 'NONE', ( #2994, #2522, #1331 ) ) ;
#2465 = APPROVAL_ROLE ( '' ) ;
#2466 = AXIS2_PLACEMENT_3D ( 'NONE', #1558, #2532, #342 ) ;
#2467 = VERTEX_POINT ( 'NONE', #2727 ) ;
#2468 = DIRECTION ( 'NONE',  ( -1.000000000000000000, 0.000000000000000000, 0.000000000000000000 ) ) ;
#2469 = PLANE ( 'NONE',  #2560 ) ;
#2470 = ORIENTED_EDGE ( 'NONE', *, *, #1963, .F. ) ;
#2471 = CARTESIAN_POINT ( 'NONE',  ( 239.2351487316979046, 159.4170652311781851, 3.632077277826439854E-15 ) ) ;
#2472 = CARTESIAN_POINT ( 'NONE',  ( 238.3966762200307414, 161.4170652310563412, -1.720104227228105163E-06 ) ) ;
#2473 = CARTESIAN_POINT ( 'NONE',  ( 238.3585619166443905, 160.9170652311781851, 0.4339021393448878605 ) ) ;
#2474 = AXIS2_PLACEMENT_3D ( 'NONE', #3119, #926, #2612 ) ;
#2475 = EDGE_CURVE ( 'NONE', #3109, #1938, #2526, .T. ) ;
#2476 = CYLINDRICAL_SURFACE ( 'NONE', #677, 0.07999999999994122923 ) ;
#2477 = CYLINDRICAL_SURFACE ( 'NONE', #1338, 0.07999999999999674039 ) ;
#2478 = EDGE_LOOP ( 'NONE', ( #445, #810, #1687, #1868 ) ) ;
#2479 = ORIENTED_EDGE ( 'NONE', *, *, #1298, .T. ) ;
#2480 = COORDINATED_UNIVERSAL_TIME_OFFSET ( 8, 0, .AHEAD. ) ;
#2481 = AXIS2_PLACEMENT_3D ( 'NONE', #2892, #467, #1898 ) ;
#2482 = ORIENTED_EDGE ( 'NONE', *, *, #504, .T. ) ;
#2483 = LINE ( 'NONE', #275, #905 ) ;
#2484 = CARTESIAN_POINT ( 'NONE',  ( 238.4142684481881531, 161.3004455146879081, 0.5128353071178514133 ) ) ;
#2485 = CARTESIAN_POINT ( 'NONE',  ( 239.4867355467513619, 161.2571231084325518, 0.4339021393449108976 ) ) ;
#2486 = LINE ( 'NONE', #35, #114 ) ;
#2487 = CARTESIAN_POINT ( 'NONE',  ( 238.2976490107587892, 159.4578539119331424, -3.969622415983872568E-06 ) ) ;
#2488 = DIRECTION ( 'NONE',  ( -0.2583028674139442593, 0.000000000000000000, 0.9660639878836878580 ) ) ;
#2489 = CARTESIAN_POINT ( 'NONE',  ( 239.4438367532334269, 159.9170652311782419, 4.930380657649718495E-34 ) ) ;
#2490 = EDGE_LOOP ( 'NONE', ( #195, #2237, #2585, #985, #2333, #630, #2123, #2810, #100, #2350, #520, #1731 ) ) ;
#2491 =( BOUNDED_CURVE ( )  B_SPLINE_CURVE ( 3, ( #1583, #376, #2544, #3038 ),
 .UNSPECIFIED., .F., .T. ) 
 B_SPLINE_CURVE_WITH_KNOTS ( ( 4, 4 ),
 ( 0.7950622390179229448, 1.570796326794848596 ),
 .UNSPECIFIED. ) 
 CURVE ( )  GEOMETRIC_REPRESENTATION_ITEM ( )  RATIONAL_B_SPLINE_CURVE ( ( 1.000000000000000000, 0.9504785870060633579, 0.9504785870060633579, 1.000000000000000000 ) ) 
 REPRESENTATION_ITEM ( '' )  );
#2492 = VERTEX_POINT ( 'NONE', #2970 ) ;
#2493 = ORIENTED_EDGE ( 'NONE', *, *, #2870, .F. ) ;
#2494 = CARTESIAN_POINT ( 'NONE',  ( 238.4822040707148858, 161.2826692102187565, -0.3694924657840073512 ) ) ;
#2495 = DIRECTION ( 'NONE',  ( -1.000000000000000000, 0.000000000000000000, 1.850923245088087029E-13 ) ) ;
#2496 = PLANE ( 'NONE',  #545 ) ;
#2497 = CYLINDRICAL_SURFACE ( 'NONE', #385, 0.09999999999999005518 ) ;
#2498 = CIRCLE ( 'NONE', #2039, 0.1599999999999965616 ) ;
#2499 = CARTESIAN_POINT ( 'NONE',  ( 239.6125880768368290, 159.9170652311782703, -0.1470848566293625481 ) ) ;
#2500 = EDGE_CURVE ( 'NONE', #2294, #1564, #726, .T. ) ;
#2501 = CIRCLE ( 'NONE', #2293, 0.1600000000000250111 ) ;
#2502 = DIRECTION ( 'NONE',  ( 0.000000000000000000, 0.000000000000000000, -1.000000000000000000 ) ) ;
#2503 = ORIENTED_EDGE ( 'NONE', *, *, #2891, .F. ) ;
#2504 = ORIENTED_EDGE ( 'NONE', *, *, #791, .T. ) ;
#2505 = ORIENTED_EDGE ( 'NONE', *, *, #2441, .F. ) ;
#2506 = DIRECTION ( 'NONE',  ( 0.2583028674140147585, 0.000000000000000000, 0.9660639878836689842 ) ) ;
#2507 = VECTOR ( 'NONE', #424, 1000.000000000000000 ) ;
#2508 = DIRECTION ( 'NONE',  ( 0.000000000000000000, 0.000000000000000000, -1.000000000000000000 ) ) ;
#2509 = CARTESIAN_POINT ( 'NONE',  ( 239.4659281174189971, 159.5043115133916558, -0.3829061893407799122 ) ) ;
#2510 = ORIENTED_EDGE ( 'NONE', *, *, #1213, .F. ) ;
#2511 = VECTOR ( 'NONE', #1304, 1000.000000000000000 ) ;
#2512 = LINE ( 'NONE', #311, #3047 ) ;
#2513 = CARTESIAN_POINT ( 'NONE',  ( 239.5063458130938159, 161.2767353075592496, -0.2939159001784172331 ) ) ;
#2514 = ORIENTED_EDGE ( 'NONE', *, *, #1863, .F. ) ;
#2515 = DIRECTION ( 'NONE',  ( -0.000000000000000000, -0.000000000000000000, -1.000000000000000000 ) ) ;
#2516 = AXIS2_PLACEMENT_3D ( 'NONE', #2151, #155, #906 ) ;
#2517 = CARTESIAN_POINT ( 'NONE',  ( 239.5642848774426170, 159.9170652311782703, -0.1600000000001102762 ) ) ;
#2518 = EDGE_CURVE ( 'NONE', #2811, #705, #497, .T. ) ;
#2519 = ORIENTED_EDGE ( 'NONE', *, *, #2708, .T. ) ;
#2520 = EDGE_CURVE ( 'NONE', #1690, #1546, #2987, .T. ) ;
#2521 = ORIENTED_EDGE ( 'NONE', *, *, #190, .T. ) ;
#2522 = ORIENTED_EDGE ( 'NONE', *, *, #2421, .F. ) ;
#2523 = ADVANCED_FACE ( 'NONE', ( #1752 ), #1948, .T. ) ;
#2524 = PLANE ( 'NONE',  #1428 ) ;
#2525 = CARTESIAN_POINT ( 'NONE',  ( 238.3243487316979099, 159.9170652311781851, -0.1900000000000000022 ) ) ;
#2526 = CIRCLE ( 'NONE', #2019, 0.07999999999999674039 ) ;
#2527 = CARTESIAN_POINT ( 'NONE',  ( 239.4976360058095679, 159.5237107976585094, -0.2533885761703158490 ) ) ;
#2528 = ORIENTED_EDGE ( 'NONE', *, *, #1507, .T. ) ;
#2529 = CYLINDRICAL_SURFACE ( 'NONE', #1346, 0.09999999999999999167 ) ;
#2530 = DIRECTION ( 'NONE',  ( -0.1376971287151660950, -0.1376971287151033396, 0.9808562593403863383 ) ) ;
#2531 = CARTESIAN_POINT ( 'NONE',  ( 239.3877066089521861, 159.4779784161246710, 0.4339021393448911912 ) ) ;
#2532 = DIRECTION ( 'NONE',  ( 0.1378308382113328789, 0.1378308382113328789, -0.9808186988816652851 ) ) ;
#2533 = ORIENTED_EDGE ( 'NONE', *, *, #2060, .T. ) ;
#2534 = LINE ( 'NONE', #644, #1433 ) ;
#2535 = ORIENTED_EDGE ( 'NONE', *, *, #2008, .F. ) ;
#2536 = EDGE_CURVE ( 'NONE', #1258, #1048, #2486, .T. ) ;
#2537 = CARTESIAN_POINT ( 'NONE',  ( 239.7469678947185798, 160.9170652311782419, -0.1099999999999852207 ) ) ;
#2538 = AXIS2_PLACEMENT_3D ( 'NONE', #708, #1693, #2183 ) ;
#2539 = CARTESIAN_POINT ( 'NONE',  ( 239.3891857191898112, 159.4608823199847905, -0.2988802490404676715 ) ) ;
#2540 = EDGE_CURVE ( 'NONE', #1864, #2940, #278, .T. ) ;
#2541 = ORIENTED_EDGE ( 'NONE', *, *, #1172, .T. ) ;
#2542 = CARTESIAN_POINT ( 'NONE',  ( 239.5476487315760323, 161.3180377428453767, -1.720104127565155727E-06 ) ) ;
#2543 = DIRECTION ( 'NONE',  ( 0.1376971287151047274, 0.1376971287151047274, 0.9808562593403946650 ) ) ;
#2544 = CARTESIAN_POINT ( 'NONE',  ( 239.4830475840860515, 159.5539121679516086, 0.4601725583308994283 ) ) ;
#2545 = EDGE_CURVE ( 'NONE', #2860, #1483, #2948, .T. ) ;
#2546 = CARTESIAN_POINT ( 'NONE',  ( 238.2327093865588949, 160.2670652311781794, -0.1470848566293807835 ) ) ;
#2547 = VERTEX_POINT ( 'NONE', #1489 ) ;
#2548 = DIRECTION ( 'NONE',  ( 0.000000000000000000, -1.000000000000000000, 6.123233995736766036E-17 ) ) ;
#2549 = AXIS2_PLACEMENT_3D ( 'NONE', #625, #1332, #2308 ) ;
#2550 = EDGE_LOOP ( 'NONE', ( #2753, #1101, #3027, #3146, #1255, #2013, #134, #2521, #54, #1834, #3065, #476, #2094, #1114, #348 ) ) ;
#2551 = ORIENTED_EDGE ( 'NONE', *, *, #2800, .T. ) ;
#2552 = DIRECTION ( 'NONE',  ( 0.2583028674139267178, 0.000000000000000000, -0.9660639878836925210 ) ) ;
#2553 = CARTESIAN_POINT ( 'NONE',  ( 239.2676487316981877, 160.0370652311781328, 0.000000000000000000 ) ) ;
#2554 = CIRCLE ( 'NONE', #346, 0.07999999999999674039 ) ;
#2555 = EDGE_LOOP ( 'NONE', ( #2161, #1806, #404, #2084 ) ) ;
#2556 = DIRECTION ( 'NONE',  ( -0.000000000000000000, 1.000000000000000000, -0.000000000000000000 ) ) ;
#2557 = LINE ( 'NONE', #2081, #1109 ) ;
#2558 = AXIS2_PLACEMENT_3D ( 'NONE', #820, #316, #2010 ) ;
#2559 = ORIENTED_EDGE ( 'NONE', *, *, #2856, .F. ) ;
#2560 = AXIS2_PLACEMENT_3D ( 'NONE', #261, #1319, #1613 ) ;
#2561 = CARTESIAN_POINT ( 'NONE',  ( 239.8190945013654130, 160.9170652311782419, -0.4600000000000079581 ) ) ;
#2562 = ORIENTED_EDGE ( 'NONE', *, *, #2373, .T. ) ;
#2563 = ADVANCED_FACE ( 'NONE', ( #2930 ), #2243, .F. ) ;
#2564 = DIRECTION ( 'NONE',  ( -0.000000000000000000, 1.000000000000000000, -6.123234644776854578E-17 ) ) ;
#2565 = VERTEX_POINT ( 'NONE', #482 ) ;
#2566 = DIRECTION ( 'NONE',  ( 1.000000000000000000, -0.000000000000000000, -0.000000000000000000 ) ) ;
#2567 = AXIS2_PLACEMENT_3D ( 'NONE', #3158, #1123, #2374 ) ;
#2568 = ORIENTED_EDGE ( 'NONE', *, *, #1085, .F. ) ;
#2569 = ORIENTED_EDGE ( 'NONE', *, *, #729, .F. ) ;
#2570 = DIRECTION ( 'NONE',  ( -1.291895883200021974E-13, -1.000000000000000000, 0.000000000000000000 ) ) ;
#2571 = EDGE_CURVE ( 'NONE', #1301, #2012, #292, .T. ) ;
#2572 = ORIENTED_EDGE ( 'NONE', *, *, #297, .T. ) ;
#2573 = DIRECTION ( 'NONE',  ( 0.4999999999989255262, -0.8660254037850588782, 5.302876755707796513E-17 ) ) ;
#2574 =( BOUNDED_CURVE ( )  B_SPLINE_CURVE ( 3, ( #1516, #2484, #1051, #1764 ),
 .UNSPECIFIED., .F., .T. ) 
 B_SPLINE_CURVE_WITH_KNOTS ( ( 4, 4 ),
 ( 4.056799884747073648, 4.712388980384689674 ),
 .UNSPECIFIED. ) 
 CURVE ( )  GEOMETRIC_REPRESENTATION_ITEM ( )  RATIONAL_B_SPLINE_CURVE ( ( 1.000000000000000000, 0.9645031357130792182, 0.9645031357130792182, 1.000000000000000000 ) ) 
 REPRESENTATION_ITEM ( '' )  );
#2575 = ORIENTED_EDGE ( 'NONE', *, *, #105, .F. ) ;
#2576 = DIRECTION ( 'NONE',  ( 0.000000000000000000, 0.000000000000000000, 1.000000000000000000 ) ) ;
#2577 = CARTESIAN_POINT ( 'NONE',  ( 239.7469678947185798, 159.6170652311782874, -0.1099999999999852207 ) ) ;
#2578 = EDGE_CURVE ( 'NONE', #1159, #2547, #2944, .T. ) ;
#2579 = AXIS2_PLACEMENT_3D ( 'NONE', #2005, #1736, #1960 ) ;
#2580 = FACE_OUTER_BOUND ( 'NONE', #1922, .T. ) ;
#2581 = ORIENTED_EDGE ( 'NONE', *, *, #2220, .F. ) ;
#2582 = LINE ( 'NONE', #2895, #550 ) ;
#2583 = ORIENTED_EDGE ( 'NONE', *, *, #2776, .F. ) ;
#2584 = LINE ( 'NONE', #1316, #2809 ) ;
#2585 = ORIENTED_EDGE ( 'NONE', *, *, #3189, .F. ) ;
#2586 = DIRECTION ( 'NONE',  ( -0.2583028674139442593, 0.000000000000000000, 0.9660639878836878580 ) ) ;
#2587 = EDGE_CURVE ( 'NONE', #1139, #2951, #1605, .T. ) ;
#2588 = ORIENTED_EDGE ( 'NONE', *, *, #2518, .F. ) ;
#2589 = LINE ( 'NONE', #2832, #2256 ) ;
#2590 = CARTESIAN_POINT ( 'NONE',  ( 239.5476487315760323, 159.5160927195109934, -1.720104102592679019E-06 ) ) ;
#2591 = ORIENTED_EDGE ( 'NONE', *, *, #2329, .F. ) ;
#2592 = DIRECTION ( 'NONE',  ( -1.040834085585921486E-12, 0.000000000000000000, 1.000000000000000000 ) ) ;
#2593 = FACE_OUTER_BOUND ( 'NONE', #187, .T. ) ;
#2594 = CIRCLE ( 'NONE', #588, 0.05000000000007575468 ) ;
#2595 = VECTOR ( 'NONE', #2629, 1000.000000000000000 ) ;
#2596 = DIRECTION ( 'NONE',  ( -1.000000000000000000, -0.000000000000000000, -0.000000000000000000 ) ) ;
#2597 = ORIENTED_EDGE ( 'NONE', *, *, #1262, .F. ) ;
#2598 = DIRECTION ( 'NONE',  ( 1.000000000000000000, 9.398886279226681713E-13, 0.000000000000000000 ) ) ;
#2599 = CARTESIAN_POINT ( 'NONE',  ( 238.4379786553168401, 161.2767353075592212, -0.2800000000000000266 ) ) ;
#2600 = VECTOR ( 'NONE', #891, 1000.000000000000000 ) ;
#2601 = PLANE ( 'NONE',  #718 ) ;
#2602 = ORIENTED_EDGE ( 'NONE', *, *, #2452, .F. ) ;
#2603 = ORIENTED_EDGE ( 'NONE', *, *, #1829, .T. ) ;
#2604 = DIRECTION ( 'NONE',  ( -0.1391590017841476956, 0.000000000000000000, -0.9902700501491699114 ) ) ;
#2605 = ORIENTED_EDGE ( 'NONE', *, *, #1754, .T. ) ;
#2606 = LINE ( 'NONE', #98, #2773 ) ;
#2607 = CARTESIAN_POINT ( 'NONE',  ( 239.3879109245463326, 161.3557724112737333, -0.3655413858231684188 ) ) ;
#2608 = EDGE_CURVE ( 'NONE', #392, #64, #2801, .T. ) ;
#2609 = AXIS2_PLACEMENT_3D ( 'NONE', #1113, #2548, #2088 ) ;
#2610 = CARTESIAN_POINT ( 'NONE',  ( 239.0788987316979046, 159.4583681497822170, -0.2939159001784201752 ) ) ;
#2611 = DIRECTION ( 'NONE',  ( 0.000000000000000000, 1.000000000000000000, -6.123233995736766036E-17 ) ) ;
#2612 = DIRECTION ( 'NONE',  ( -1.000000000000000000, 0.000000000000000000, 0.000000000000000000 ) ) ;
#2613 = ORIENTED_EDGE ( 'NONE', *, *, #2399, .T. ) ;
#2614 = VECTOR ( 'NONE', #1610, 1000.000000000000000 ) ;
#2615 = CARTESIAN_POINT ( 'NONE',  ( 238.3480647913907262, 161.2770539049678291, -0.3263911056129831234 ) ) ;
#2616 = AXIS2_PLACEMENT_3D ( 'NONE', #2991, #546, #1993 ) ;
#2617 = CARTESIAN_POINT ( 'NONE',  ( 238.7663987316979046, 161.3757623125741532, -0.2939159001784164560 ) ) ;
#2618 = VECTOR ( 'NONE', #940, 1000.000000000000000 ) ;
#2619 = DIRECTION ( 'NONE',  ( -0.2583028674141292225, 0.000000000000000000, -0.9660639878836384531 ) ) ;
#2620 = ORIENTED_EDGE ( 'NONE', *, *, #3117, .F. ) ;
#2621 = ORIENTED_EDGE ( 'NONE', *, *, #269, .F. ) ;
#2622 = DIRECTION ( 'NONE',  ( -1.000000000000000000, -3.875687649600065923E-13, 0.000000000000000000 ) ) ;
#2624 = EDGE_CURVE ( 'NONE', #3190, #124, #355, .T. ) ;
#2623 = CIRCLE ( 'NONE', #931, 0.08000000000002449596 ) ;
#2625 = ORIENTED_EDGE ( 'NONE', *, *, #1211, .T. ) ;
#2626 = DIRECTION ( 'NONE',  ( -1.000000000000000000, 0.000000000000000000, -1.850923245088087029E-13 ) ) ;
#2627 = CARTESIAN_POINT ( 'NONE',  ( 239.4988232346769905, 161.3189833016591876, -0.3607445983234271458 ) ) ;
#2628 = ORIENTED_EDGE ( 'NONE', *, *, #244, .T. ) ;
#2629 = DIRECTION ( 'NONE',  ( 1.000000000000000000, -9.552071512997443458E-45, -1.559971496624811041E-28 ) ) ;
#2630 = PLANE ( 'NONE',  #2393 ) ;
#2631 = DIRECTION ( 'NONE',  ( -1.000000000000000000, -3.469446951952551940E-13, 0.000000000000000000 ) ) ;
#2632 = CARTESIAN_POINT ( 'NONE',  ( 239.2648581697845032, 159.7670652311780657, 0.000000000000000000 ) ) ;
#2633 = DIRECTION ( 'NONE',  ( 0.000000000000000000, -6.123233995736766036E-17, -1.000000000000000000 ) ) ;
#2634 = ADVANCED_FACE ( 'NONE', ( #1566 ), #73, .T. ) ;
#2635 = VECTOR ( 'NONE', #2712, 1000.000000000000000 ) ;
#2636 = LINE ( 'NONE', #1921, #3191 ) ;
#2637 = ORIENTED_EDGE ( 'NONE', *, *, #872, .T. ) ;
#2638 = VERTEX_POINT ( 'NONE', #55 ) ;
#2639 = ADVANCED_FACE ( 'NONE', ( #1798 ), #1322, .T. ) ;
#2640 = ORIENTED_EDGE ( 'NONE', *, *, #4, .T. ) ;
#2641 = PLANE ( 'NONE',  #301 ) ;
#2642 = ORIENTED_EDGE ( 'NONE', *, *, #621, .T. ) ;
#2643 = LINE ( 'NONE', #2902, #2937 ) ;
#2644 = CARTESIAN_POINT ( 'NONE',  ( 239.4794962985484403, 161.3705980134680260, -0.3315542972012456291 ) ) ;
#2645 = EDGE_LOOP ( 'NONE', ( #2066, #127, #3045, #2625 ) ) ;
#2646 = EDGE_CURVE ( 'NONE', #2880, #2012, #622, .T. ) ;
#2647 = CARTESIAN_POINT ( 'NONE',  ( 239.2676487316981877, 160.0370652311781328, -0.1100000000000000006 ) ) ;
#2648 = CYLINDRICAL_SURFACE ( 'NONE', #902, 0.1599999999999965894 ) ;
#2649 = CARTESIAN_POINT ( 'NONE',  ( 239.9726487316978876, 159.9170652311782703, -0.3500000000000227374 ) ) ;
#2650 = EDGE_CURVE ( 'NONE', #626, #1743, #3162, .T. ) ;
#2651 = DIRECTION ( 'NONE',  ( -0.9902893779918727768, 0.000000000000000000, -0.1390213934488848113 ) ) ;
#2652 = DIRECTION ( 'NONE',  ( 0.000000000000000000, 0.000000000000000000, 1.000000000000000000 ) ) ;
#2653 = DIRECTION ( 'NONE',  ( 0.000000000000000000, 0.000000000000000000, -1.000000000000000000 ) ) ;
#2654 = CIRCLE ( 'NONE', #1827, 0.1600000000000250111 ) ;
#2655 = CARTESIAN_POINT ( 'NONE',  ( 238.5776487316981331, 159.5670652311783329, -0.1099999999999852207 ) ) ;
#2656 = CARTESIAN_POINT ( 'NONE',  ( 239.0999778532324740, 161.0170652311783499, -0.1099999999999852207 ) ) ;
#2657 = ORIENTED_EDGE ( 'NONE', *, *, #2304, .F. ) ;
#2658 = DIRECTION ( 'NONE',  ( 0.000000000000000000, 1.000000000000000000, 0.000000000000000000 ) ) ;
#2659 = CIRCLE ( 'NONE', #2401, 0.07999999999999674039 ) ;
#2660 = ORIENTED_EDGE ( 'NONE', *, *, #60, .T. ) ;
#2661 = CARTESIAN_POINT ( 'NONE',  ( 239.8190945013654130, 159.9170652311782703, -0.3000000000000113687 ) ) ;
#2662 = CARTESIAN_POINT ( 'NONE',  ( 239.8190945013654982, 161.2170652311782248, -0.2999999999999829470 ) ) ;
#2663 = VERTEX_POINT ( 'NONE', #1537 ) ;
#2664 = DIRECTION ( 'NONE',  ( -1.000000000000000000, -1.162056176164870995E-38, -5.961815595024305499E-64 ) ) ;
#2665 = DIRECTION ( 'NONE',  ( -2.787240453481895863E-14, 1.000000000000000000, -3.912856790466894455E-15 ) ) ;
#2666 = DIRECTION ( 'NONE',  ( 1.618842307186691498E-14, -1.000000000000000000, 1.407258381148595727E-14 ) ) ;
#2667 = LINE ( 'NONE', #1429, #1659 ) ;
#2668 = CARTESIAN_POINT ( 'NONE',  ( 239.8190945013654130, 161.2170652311782248, -0.3000000000000113687 ) ) ;
#2669 = EDGE_CURVE ( 'NONE', #1743, #362, #2512, .T. ) ;
#2670 = EDGE_CURVE ( 'NONE', #1159, #1641, #855, .T. ) ;
#2671 = AXIS2_PLACEMENT_3D ( 'NONE', #950, #2430, #1176 ) ;
#2672 = PLANE ( 'NONE',  #3081 ) ;
#2673 = ADVANCED_FACE ( 'NONE', ( #811 ), #826, .F. ) ;
#2674 = CARTESIAN_POINT ( 'NONE',  ( 239.6645242633040027, 159.9170652311782703, -0.3413284587862511765 ) ) ;
#2675 = EDGE_CURVE ( 'NONE', #1048, #2706, #1611, .T. ) ;
#2676 = AXIS2_PLACEMENT_3D ( 'NONE', #1550, #1733, #782 ) ;
#2677 = PLANE ( 'NONE',  #1652 ) ;
#2678 = VERTEX_POINT ( 'NONE', #1308 ) ;
#2679 = EDGE_LOOP ( 'NONE', ( #1147, #752, #663, #2901 ) ) ;
#2680 = DIRECTION ( 'NONE',  ( -0.9902893779918744421, 0.000000000000000000, 0.1390213934488735981 ) ) ;
#2681 = EDGE_CURVE ( 'NONE', #575, #2824, #2774, .T. ) ;
#2682 = CYLINDRICAL_SURFACE ( 'NONE', #2817, 0.08000000000010776269 ) ;
#2683 = DIRECTION ( 'NONE',  ( -1.000000000000000000, 0.000000000000000000, 0.000000000000000000 ) ) ;
#2684 = AXIS2_PLACEMENT_3D ( 'NONE', #2837, #1393, #2631 ) ;
#2685 = ADVANCED_FACE ( 'NONE', ( #581 ), #2529, .T. ) ;
#2686 = LINE ( 'NONE', #1989, #787 ) ;
#2687 = LINE ( 'NONE', #3159, #1848 ) ;
#2688 = ORIENTED_EDGE ( 'NONE', *, *, #753, .F. ) ;
#2689 = EDGE_CURVE ( 'NONE', #87, #577, #2176, .T. ) ;
#2690 = DIRECTION ( 'NONE',  ( -1.133363613782278905E-29, 1.000000000000000000, -6.123233995736766036E-17 ) ) ;
#2691 = ADVANCED_FACE ( 'NONE', ( #1843 ), #1074, .T. ) ;
#2692 = LINE ( 'NONE', #2207, #2108 ) ;
#2693 = ORIENTED_EDGE ( 'NONE', *, *, #1819, .T. ) ;
#2694 = PERSON_AND_ORGANIZATION ( #2358, #662 ) ;
#2695 = ORIENTED_EDGE ( 'NONE', *, *, #3121, .T. ) ;
#2696 = EDGE_CURVE ( 'NONE', #2236, #1888, #1092, .T. ) ;
#2697 = FACE_OUTER_BOUND ( 'NONE', #2153, .T. ) ;
#2698 = CARTESIAN_POINT ( 'NONE',  ( 239.4830475840860231, 161.2802182944047615, 0.4601725583309049239 ) ) ;
#2699 = DIRECTION ( 'NONE',  ( 0.1376971287151674550, 0.1376971287151046996, -0.9808562593403858942 ) ) ;
#2700 = ORIENTED_EDGE ( 'NONE', *, *, #861, .T. ) ;
#2701 = CARTESIAN_POINT ( 'NONE',  ( 239.9726487316978876, 159.9170652311782703, -0.4600000000000363798 ) ) ;
#2702 = AXIS2_PLACEMENT_3D ( 'NONE', #1296, #1567, #136 ) ;
#2703 = CARTESIAN_POINT ( 'NONE',  ( 239.0258158683615761, 159.7870652311783033, 0.000000000000000000 ) ) ;
#2704 = ORIENTED_EDGE ( 'NONE', *, *, #2212, .F. ) ;
#2705 = PERSON_AND_ORGANIZATION ( #2358, #662 ) ;
#2706 = VERTEX_POINT ( 'NONE', #430 ) ;
#2707 = DIRECTION ( 'NONE',  ( -6.162975822039156098E-33, 1.232595164407830946E-32, -1.000000000000000000 ) ) ;
#2708 = EDGE_CURVE ( 'NONE', #2144, #849, #2263, .T. ) ;
#2709 = FACE_OUTER_BOUND ( 'NONE', #1469, .T. ) ;
#2710 = LINE ( 'NONE', #2471, #3174 ) ;
#2711 = AXIS2_PLACEMENT_3D ( 'NONE', #2104, #694, #1174 ) ;
#2712 = DIRECTION ( 'NONE',  ( -0.000000000000000000, 1.000000000000000000, 0.000000000000000000 ) ) ;
#2713 = DIRECTION ( 'NONE',  ( 0.000000000000000000, -0.000000000000000000, -1.000000000000000000 ) ) ;
#2714 = AXIS2_PLACEMENT_3D ( 'NONE', #1665, #439, #2396 ) ;
#2715 = DIRECTION ( 'NONE',  ( -1.527974042748005081E-17, 1.000000000000000000, -4.085444458402767893E-18 ) ) ;
#2716 = AXIS2_PLACEMENT_3D ( 'NONE', #1130, #3093, #2367 ) ;
#2717 = CARTESIAN_POINT ( 'NONE',  ( 239.3341402020872408, 159.8070652311781146, 0.000000000000000000 ) ) ;
#2718 = ORIENTED_EDGE ( 'NONE', *, *, #3153, .T. ) ;
#2719 = EDGE_LOOP ( 'NONE', ( #1453, #107, #2079, #1919 ) ) ;
#2720 = MECHANICAL_CONTEXT ( 'NONE', #696, 'mechanical' ) ;
#2721 = AXIS2_PLACEMENT_3D ( 'NONE', #2289, #2274, #2024 ) ;
#2722 = ORIENTED_EDGE ( 'NONE', *, *, #3028, .F. ) ;
#2723 = CARTESIAN_POINT ( 'NONE',  ( 239.4108017949244243, 159.4816663787899813, 0.4601725583309044798 ) ) ;
#2724 = PLANE ( 'NONE',  #1708 ) ;
#2725 = VERTEX_POINT ( 'NONE', #1426 ) ;
#2726 = DIRECTION ( 'NONE',  ( -1.000000000000000000, 0.000000000000000000, 0.000000000000000000 ) ) ;
#2727 = CARTESIAN_POINT ( 'NONE',  ( 239.3757434818910212, 159.5920652311781964, -8.950913520675810682E-35 ) ) ;
#2728 = DIRECTION ( 'NONE',  ( 0.000000000000000000, -0.9902893779918744421, 0.1390213934488735981 ) ) ;
#2729 = VECTOR ( 'NONE', #1110, 1000.000000000000000 ) ;
#2730 = CIRCLE ( 'NONE', #1448, 0.05000000000007578244 ) ;
#2731 = DIRECTION ( 'NONE',  ( 1.000000000000000000, -9.552071512997443458E-45, -1.559971496624811041E-28 ) ) ;
#2732 = ADVANCED_FACE ( 'NONE', ( #2134 ), #1599, .T. ) ;
#2733 = CARTESIAN_POINT ( 'NONE',  ( 239.2648581697844747, 161.0670652311784181, 6.605457577783214150E-35 ) ) ;
#2734 = ORIENTED_EDGE ( 'NONE', *, *, #2038, .F. ) ;
#2735 = VECTOR ( 'NONE', #981, 1000.000000000000227 ) ;
#2736 = ORIENTED_EDGE ( 'NONE', *, *, #2911, .F. ) ;
#2737 = DIRECTION ( 'NONE',  ( -0.1376971287151841639, 0.1376971287151266266, 0.9808562593403806762 ) ) ;
#2738 = DIRECTION ( 'NONE',  ( -0.1378308382113287989, -0.1378308382113327124, -0.9808186988816659513 ) ) ;
#2739 = CARTESIAN_POINT ( 'NONE',  ( 239.2648581697844747, 160.9870652311784909, -0.1099999999999852207 ) ) ;
#2740 = DIRECTION ( 'NONE',  ( -1.000000000000000000, 0.000000000000000000, -0.000000000000000000 ) ) ;
#2741 = ADVANCED_FACE ( 'NONE', ( #2119 ), #2648, .T. ) ;
#2742 = CARTESIAN_POINT ( 'NONE',  ( 239.0999778532325593, 159.8170652311781339, 0.000000000000000000 ) ) ;
#2743 = CARTESIAN_POINT ( 'NONE',  ( 239.5642848774428444, 161.2170652311782248, -2.842745570191818061E-14 ) ) ;
#2744 = CIRCLE ( 'NONE', #798, 0.07999999999999674039 ) ;
#2745 = ORIENTED_EDGE ( 'NONE', *, *, #3004, .F. ) ;
#2746 = VERTEX_POINT ( 'NONE', #3098 ) ;
#2747 = AXIS2_PLACEMENT_3D ( 'NONE', #756, #2738, #541 ) ;
#2748 = ORIENTED_EDGE ( 'NONE', *, *, #1522, .F. ) ;
#2749 = DIRECTION ( 'NONE',  ( -1.527974042746892972E-17, 1.000000000000000000, -4.085444458396363020E-18 ) ) ;
#2750 = CARTESIAN_POINT ( 'NONE',  ( 238.4176487316980797, 160.6470652311783169, 0.000000000000000000 ) ) ;
#2751 = CARTESIAN_POINT ( 'NONE',  ( 239.5091859093538460, 159.5475745871986817, -0.2959380762787021668 ) ) ;
#2752 = MANIFOLD_SOLID_BREP ( '輸入1', #296 ) ;
#2753 = ORIENTED_EDGE ( 'NONE', *, *, #683, .T. ) ;
#2754 = CARTESIAN_POINT ( 'NONE',  ( 238.2810125859531354, 160.5670652311781623, -0.1600000000001102762 ) ) ;
#2755 = DIRECTION ( 'NONE',  ( 0.000000000000000000, 1.000000000000000000, -0.000000000000000000 ) ) ;
#2756 = VECTOR ( 'NONE', #398, 1000.000000000000000 ) ;
#2757 = LINE ( 'NONE', #1602, #313 ) ;
#2758 = EDGE_CURVE ( 'NONE', #1097, #1641, #2834, .T. ) ;
#2759 = EDGE_CURVE ( 'NONE', #848, #575, #3083, .T. ) ;
#2760 = AXIS2_PLACEMENT_3D ( 'NONE', #1699, #1904, #1645 ) ;
#2761 = DIRECTION ( 'NONE',  ( -0.5000000000002262635, -0.8660254037843080344, 0.000000000000000000 ) ) ;
#2762 = EDGE_LOOP ( 'NONE', ( #1527, #326, #2424, #1347 ) ) ;
#2763 = ADVANCED_FACE ( 'NONE', ( #635 ), #3134, .F. ) ;
#2764 = ORIENTED_EDGE ( 'NONE', *, *, #515, .T. ) ;
#2765 = ORIENTED_EDGE ( 'NONE', *, *, #2911, .T. ) ;
#2766 = CARTESIAN_POINT ( 'NONE',  ( 239.8190945013654698, 160.9170652311782419, -0.3500000000000365041 ) ) ;
#2767 = CIRCLE ( 'NONE', #1380, 0.07999999999996898481 ) ;
#2768 = DIRECTION ( 'NONE',  ( -0.1391590017841476956, 0.000000000000000000, 0.9902700501491699114 ) ) ;
#2769 = CC_DESIGN_PERSON_AND_ORGANIZATION_ASSIGNMENT ( #2694, #1704, ( #91 ) ) ;
#2770 = CARTESIAN_POINT ( 'NONE',  ( 238.4976487316981206, 159.8670652311782874, -0.1099999999999852207 ) ) ;
#2771 = EDGE_CURVE ( 'NONE', #1143, #2226, #2654, .T. ) ;
#2772 = ORIENTED_EDGE ( 'NONE', *, *, #2323, .F. ) ;
#2773 = VECTOR ( 'NONE', #1353, 1000.000000000000000 ) ;
#2774 = LINE ( 'NONE', #1056, #2896 ) ;
#2775 = FACE_OUTER_BOUND ( 'NONE', #1745, .T. ) ;
#2776 = EDGE_CURVE ( 'NONE', #1121, #1690, #710, .T. ) ;
#2777 = ORIENTED_EDGE ( 'NONE', *, *, #3080, .T. ) ;
#2778 = LINE ( 'NONE', #799, #1597 ) ;
#2779 = EDGE_CURVE ( 'NONE', #2884, #1203, #923, .T. ) ;
#2780 = DIRECTION ( 'NONE',  ( 0.000000000000000000, 1.000000000000000000, -6.123233995736766036E-17 ) ) ;
#2781 = EDGE_CURVE ( 'NONE', #3108, #1091, #874, .T. ) ;
#2782 = VERTEX_POINT ( 'NONE', #1895 ) ;
#2783 = ORIENTED_EDGE ( 'NONE', *, *, #3153, .F. ) ;
#2784 = VECTOR ( 'NONE', #733, 1000.000000000000114 ) ;
#2785 = CYLINDRICAL_SURFACE ( 'NONE', #2215, 0.07999999999996898481 ) ;
#2786 = DIRECTION ( 'NONE',  ( 0.000000000000000000, -6.123233995736766036E-17, -1.000000000000000000 ) ) ;
#2787 = EDGE_LOOP ( 'NONE', ( #2295, #1372, #554, #2026 ) ) ;
#2788 = CARTESIAN_POINT ( 'NONE',  ( 239.5068600509429473, 161.4170649521174141, -3.969622377751171939E-06 ) ) ;
#2789 = DIRECTION ( 'NONE',  ( 0.000000000000000000, 0.000000000000000000, 1.000000000000000000 ) ) ;
#2790 = LINE ( 'NONE', #585, #2116 ) ;
#2791 = CARTESIAN_POINT ( 'NONE',  ( 238.0262029620303110, 160.2670652311781794, -0.2999999999999829470 ) ) ;
#2792 = ORIENTED_EDGE ( 'NONE', *, *, #2520, .T. ) ;
#2793 = PLANE ( 'NONE',  #1638 ) ;
#2794 = VERTEX_POINT ( 'NONE', #615 ) ;
#2795 = DIRECTION ( 'NONE',  ( -1.000000000000000000, 9.552071512997443458E-45, 1.559971496624811041E-28 ) ) ;
#2796 = VECTOR ( 'NONE', #1915, 1000.000000000000114 ) ;
#2797 = CARTESIAN_POINT ( 'NONE',  ( 239.6125880768368290, 160.9170652311782419, -0.1470848566293763426 ) ) ;
#2798 = CIRCLE ( 'NONE', #500, 0.05000000000007575468 ) ;
#2799 = VERTEX_POINT ( 'NONE', #655 ) ;
#2800 = EDGE_CURVE ( 'NONE', #505, #1547, #1635, .T. ) ;
#2801 = LINE ( 'NONE', #2257, #1924 ) ;
#2802 = DIRECTION ( 'NONE',  ( 0.1378308382113579700, 0.1378308382112653774, 0.9808186988816711693 ) ) ;
#2803 = CIRCLE ( 'NONE', #29, 0.08000000000002449596 ) ;
#2804 = CARTESIAN_POINT ( 'NONE',  ( 239.5642848774426170, 160.9170652311782419, -0.1600000000001102485 ) ) ;
#2805 = ORIENTED_EDGE ( 'NONE', *, *, #1399, .T. ) ;
#2806 = DIRECTION ( 'NONE',  ( -6.162975822039156098E-33, -0.000000000000000000, 1.000000000000000000 ) ) ;
#2807 = VERTEX_POINT ( 'NONE', #1914 ) ;
#2808 = CARTESIAN_POINT ( 'NONE',  ( 238.4976487316981206, 160.0370652311781328, 0.000000000000000000 ) ) ;
#2809 = VECTOR ( 'NONE', #1867, 1000.000000000000000 ) ;
#2810 = ORIENTED_EDGE ( 'NONE', *, *, #1540, .F. ) ;
#2811 = VERTEX_POINT ( 'NONE', #412 ) ;
#2812 = DIRECTION ( 'NONE',  ( -0.000000000000000000, -1.000000000000000000, 0.000000000000000000 ) ) ;
#2813 = SECURITY_CLASSIFICATION ( '', '', #2451 ) ;
#2814 = VERTEX_POINT ( 'NONE', #1390 ) ;
#2815 = CYLINDRICAL_SURFACE ( 'NONE', #2363, 0.09999999999998898659 ) ;
#2816 = CARTESIAN_POINT ( 'NONE',  ( 239.3176487316980570, 159.6470652311780896, -0.1099999999999852207 ) ) ;
#2817 = AXIS2_PLACEMENT_3D ( 'NONE', #2927, #723, #1707 ) ;
#2818 = ORIENTED_EDGE ( 'NONE', *, *, #791, .F. ) ;
#2819 = LINE ( 'NONE', #2908, #1265 ) ;
#2820 = LINE ( 'NONE', #1812, #1517 ) ;
#2821 = VECTOR ( 'NONE', #1830, 1000.000000000000227 ) ;
#2822 = VECTOR ( 'NONE', #519, 1000.000000000000000 ) ;
#2823 = CARTESIAN_POINT ( 'NONE',  ( 238.4976487316980638, 160.6470652311783454, 0.000000000000000000 ) ) ;
#2824 = VERTEX_POINT ( 'NONE', #1675 ) ;
#2825 = ORIENTED_EDGE ( 'NONE', *, *, #2881, .F. ) ;
#2826 = CARTESIAN_POINT ( 'NONE',  ( 239.0258158683616330, 160.9670652311783385, 0.000000000000000000 ) ) ;
#2827 = VECTOR ( 'NONE', #1815, 1000.000000000000000 ) ;
#2828 = ORIENTED_EDGE ( 'NONE', *, *, #414, .T. ) ;
#2829 = ORIENTED_EDGE ( 'NONE', *, *, #266, .T. ) ;
#2830 = LINE ( 'NONE', #1384, #516 ) ;
#2831 = ORIENTED_EDGE ( 'NONE', *, *, #470, .F. ) ;
#2832 = CARTESIAN_POINT ( 'NONE',  ( 239.3176487316981706, 159.5670652311782476, -0.1099999999999852207 ) ) ;
#2833 = ORIENTED_EDGE ( 'NONE', *, *, #2571, .F. ) ;
#2834 = LINE ( 'NONE', #393, #1472 ) ;
#2835 = CARTESIAN_POINT ( 'NONE',  ( 238.4379786553168401, 159.4583681497822170, -0.2939159001784210079 ) ) ;
#2836 = VECTOR ( 'NONE', #758, 1000.000000000000000 ) ;
#2837 = CARTESIAN_POINT ( 'NONE',  ( 239.4438367532331711, 160.9970652311783965, -0.1099999999999852207 ) ) ;
#2838 = ORIENTED_EDGE ( 'NONE', *, *, #2105, .F. ) ;
#2839 = DIRECTION ( 'NONE',  ( 0.000000000000000000, -1.000000000000000000, 6.123233995736766036E-17 ) ) ;
#2840 = CARTESIAN_POINT ( 'NONE',  ( 238.8404969156283641, 160.2670652311781794, 0.000000000000000000 ) ) ;
#2841 = LINE ( 'NONE', #1364, #3131 ) ;
#2842 = VERTEX_POINT ( 'NONE', #2371 ) ;
#2843 = ORIENTED_EDGE ( 'NONE', *, *, #1525, .T. ) ;
#2844 = CARTESIAN_POINT ( 'NONE',  ( 238.3389516503019365, 159.5573951547971205, -0.2939159001784308889 ) ) ;
#2845 = EDGE_LOOP ( 'NONE', ( #354, #1232, #150, #744, #2264, #2541, #258, #920, #763, #2163, #2033, #1272 ) ) ;
#2846 = DIRECTION ( 'NONE',  ( -0.000000000000000000, -0.000000000000000000, -1.000000000000000000 ) ) ;
#2847 = CARTESIAN_POINT ( 'NONE',  ( 239.2676487316981593, 160.7170652311781680, -0.1100000000000000006 ) ) ;
#2848 = ORIENTED_EDGE ( 'NONE', *, *, #2536, .F. ) ;
#2849 = CARTESIAN_POINT ( 'NONE',  ( 239.2676487316981024, 160.1170652311782874, 0.000000000000000000 ) ) ;
#2850 = FACE_OUTER_BOUND ( 'NONE', #2001, .T. ) ;
#2851 = AXIS2_PLACEMENT_3D ( 'NONE', #856, #2064, #2789 ) ;
#2852 = VECTOR ( 'NONE', #2573, 1000.000000000000114 ) ;
#2853 = PLANE ( 'NONE',  #2481 ) ;
#2854 = ORIENTED_EDGE ( 'NONE', *, *, #854, .T. ) ;
#2855 = FACE_OUTER_BOUND ( 'NONE', #795, .T. ) ;
#2856 = EDGE_CURVE ( 'NONE', #2073, #2565, #1363, .T. ) ;
#2857 = DIRECTION ( 'NONE',  ( -1.000000000000000000, 0.000000000000000000, 0.000000000000000000 ) ) ;
#2858 = AXIS2_PLACEMENT_3D ( 'NONE', #493, #1425, #1691 ) ;
#2859 = DIRECTION ( 'NONE',  ( 1.000000000000000000, 2.690598056701187800E-13, 0.000000000000000000 ) ) ;
#2860 = VERTEX_POINT ( 'NONE', #167 ) ;
#2861 = ORIENTED_EDGE ( 'NONE', *, *, #2776, .T. ) ;
#2862 = PLANE ( 'NONE',  #2155 ) ;
#2863 = ORIENTED_EDGE ( 'NONE', *, *, #1204, .T. ) ;
#2864 = DIRECTION ( 'NONE',  ( -0.000000000000000000, -0.000000000000000000, 1.000000000000000000 ) ) ;
#2865 = CLOSED_SHELL ( 'NONE', ( #1029, #957, #489, #966, #1565, #963, #574, #987, #2691, #166, #1840, #1871, #2634, #2196, #1742, #158, #2639, #2763, #3122, #695, #637, #1268, #617, #1911, #2949 ) ) ;
#2866 = CARTESIAN_POINT ( 'NONE',  ( 239.4094510381651162, 161.3889674645497792, -0.2936878474639469383 ) ) ;
#2867 = CC_DESIGN_APPROVAL ( #1392, ( #250 ) ) ;
#2868 = DIRECTION ( 'NONE',  ( 0.000000000000000000, 0.000000000000000000, -1.000000000000000000 ) ) ;
#2869 = CARTESIAN_POINT ( 'NONE',  ( 238.2810125859530217, 160.5670652311781623, -0.1600000000000534328 ) ) ;
#2870 = EDGE_CURVE ( 'NONE', #848, #1954, #671, .T. ) ;
#2871 = CARTESIAN_POINT ( 'NONE',  ( 238.4976487316980638, 161.1870652311782237, 0.000000000000000000 ) ) ;
#2872 = DIRECTION ( 'NONE',  ( -1.527974042748005081E-17, 1.000000000000000000, -4.085444458402767893E-18 ) ) ;
#2873 = ORIENTED_EDGE ( 'NONE', *, *, #1443, .T. ) ;
#2874 = CARTESIAN_POINT ( 'NONE',  ( 239.7469678947185798, 161.2170652311782248, -0.4600000000000079581 ) ) ;
#2875 = VECTOR ( 'NONE', #692, 1000.000000000000000 ) ;
#2876 = LINE ( 'NONE', #454, #202 ) ;
#2877 = CARTESIAN_POINT ( 'NONE',  ( 238.4176487316980797, 160.2670652311781794, -0.4600000000000363798 ) ) ;
#2878 = EDGE_CURVE ( 'NONE', #2963, #1854, #200, .T. ) ;
#2879 = ORIENTED_EDGE ( 'NONE', *, *, #739, .T. ) ;
#2880 = VERTEX_POINT ( 'NONE', #944 ) ;
#2881 = EDGE_CURVE ( 'NONE', #2940, #2706, #2819, .T. ) ;
#2882 = DIRECTION ( 'NONE',  ( -0.1378308382112754804, 0.1378308382112754804, -0.9808186988816813834 ) ) ;
#2883 = AXIS2_PLACEMENT_3D ( 'NONE', #2935, #773, #747 ) ;
#2884 = VERTEX_POINT ( 'NONE', #707 ) ;
#2885 = DIRECTION ( 'NONE',  ( 1.000000000000000000, 0.000000000000000000, 0.000000000000000000 ) ) ;
#2886 = CARTESIAN_POINT ( 'NONE',  ( 239.3176487316981706, 161.2670652311782362, 0.000000000000000000 ) ) ;
#2887 = ORIENTED_EDGE ( 'NONE', *, *, #2759, .F. ) ;
#2888 = CARTESIAN_POINT ( 'NONE',  ( 239.3745547209305187, 160.9570652311782055, -1.553356887536022311E-45 ) ) ;
#2889 = CARTESIAN_POINT ( 'NONE',  ( 238.2810125859530217, 160.2670652311781794, -0.1600000000000534051 ) ) ;
#2890 = CARTESIAN_POINT ( 'NONE',  ( 238.4976487316981206, 160.0370652311781328, 0.000000000000000000 ) ) ;
#2891 = EDGE_CURVE ( 'NONE', #2905, #2807, #1692, .T. ) ;
#2892 = CARTESIAN_POINT ( 'NONE',  ( 239.1741398381034003, 159.7670652311780657, 0.000000000000000000 ) ) ;
#2893 = DIRECTION ( 'NONE',  ( -1.000000000000000000, 0.000000000000000000, 0.000000000000000000 ) ) ;
#2894 = ORIENTED_EDGE ( 'NONE', *, *, #1985, .F. ) ;
#2895 = CARTESIAN_POINT ( 'NONE',  ( 238.4346415961538526, 159.4550310906192294, -0.2701690372208143676 ) ) ;
#2896 = VECTOR ( 'NONE', #1553, 1000.000000000000000 ) ;
#2897 = FACE_OUTER_BOUND ( 'NONE', #686, .T. ) ;
#2898 = CARTESIAN_POINT ( 'NONE',  ( 239.0788987316979046, 161.2571231084325234, 0.5200000000000000178 ) ) ;
#2899 = ORIENTED_EDGE ( 'NONE', *, *, #11, .F. ) ;
#2900 = DIRECTION ( 'NONE',  ( 1.559971496624811041E-28, 6.123234644776854578E-17, 1.000000000000000000 ) ) ;
#2901 = ORIENTED_EDGE ( 'NONE', *, *, #2779, .F. ) ;
#2902 = CARTESIAN_POINT ( 'NONE',  ( 239.4438367532334269, 159.9170652311782135, 9.860761315267177361E-34 ) ) ;
#2903 = CARTESIAN_POINT ( 'NONE',  ( 239.4486212433650110, 159.4170652313000573, -1.720104150969446437E-06 ) ) ;
#2904 = EDGE_CURVE ( 'NONE', #1670, #1340, #2710, .T. ) ;
#2905 = VERTEX_POINT ( 'NONE', #2197 ) ;
#2906 = ADVANCED_FACE ( 'NONE', ( #34 ), #3199, .F. ) ;
#2907 = DIRECTION ( 'NONE',  ( 0.000000000000000000, -1.000000000000000000, 0.000000000000000000 ) ) ;
#2908 = CARTESIAN_POINT ( 'NONE',  ( 239.5476487316979330, 159.9170652311781851, 4.011548038196366406E-15 ) ) ;
#2909 = CARTESIAN_POINT ( 'NONE',  ( 238.3389516503019365, 161.2767353075592212, -0.2939159001784182879 ) ) ;
#2910 = EDGE_CURVE ( 'NONE', #1929, #534, #2928, .T. ) ;
#2911 = EDGE_CURVE ( 'NONE', #2939, #2799, #2798, .T. ) ;
#2912 = VECTOR ( 'NONE', #598, 1000.000000000000000 ) ;
#2913 = DIRECTION ( 'NONE',  ( 0.9902893779918670036, 2.814571695330036200E-14, 0.1390213934489266667 ) ) ;
#2914 = CARTESIAN_POINT ( 'NONE',  ( 238.4379786553168401, 160.4170652311782135, -0.3800000000000000044 ) ) ;
#2915 = EDGE_CURVE ( 'NONE', #370, #580, #71, .T. ) ;
#2916 = AXIS2_PLACEMENT_3D ( 'NONE', #2849, #151, #1135 ) ;
#2917 =( BOUNDED_SURFACE ( )  B_SPLINE_SURFACE ( 3, 3, ( 
 ( #2494, #1037, #1500, #2251 ),
 ( #67, #1515, #1018, #1998 ),
 ( #781, #289, #1050, #48 ),
 ( #1778, #2615, #1620, #2154 ) ),
 .UNSPECIFIED., .F., .F., .F. ) 
 B_SPLINE_SURFACE_WITH_KNOTS ( ( 4, 4 ),
 ( 4, 4 ),
 ( 0.000000000000000000, 1.000000000000000000 ),
 ( 0.000000000000000000, 1.000000000000000000 ),
 .UNSPECIFIED. ) 
 GEOMETRIC_REPRESENTATION_ITEM ( )  RATIONAL_B_SPLINE_SURFACE ( (
 ( 1.000000000000000000, 0.5481278588882080305, 0.5481278588882080305, 1.000000000000000000),
 ( 0.8088930497749411419, 0.4433768154426911967, 0.4433768154426911967, 0.8088930497749411419),
 ( 0.8088930497749411419, 0.4433768154426911967, 0.4433768154426911967, 0.8088930497749411419),
 ( 1.000000000000000000, 0.5481278588882080305, 0.5481278588882080305, 1.000000000000000000) ) ) 
 REPRESENTATION_ITEM ( '' )  SURFACE ( )  );
#2918 = CARTESIAN_POINT ( 'NONE',  ( 239.5642848774426170, 161.2170652311782248, -0.1600000000001102762 ) ) ;
#2919 = LINE ( 'NONE', #2877, #1229 ) ;
#2920 = ADVANCED_FACE ( 'NONE', ( #978 ), #1734, .T. ) ;
#2921 = LINE ( 'NONE', #1940, #2784 ) ;
#2922 = ORIENTED_EDGE ( 'NONE', *, *, #1383, .T. ) ;
#2923 = PERSON_AND_ORGANIZATION ( #2358, #662 ) ;
#2924 = ADVANCED_FACE ( 'NONE', ( #527 ), #277, .T. ) ;
#2925 = EDGE_LOOP ( 'NONE', ( #680, #2657, #3175, #804 ) ) ;
#2926 = PLANE ( 'NONE',  #3020 ) ;
#2927 = CARTESIAN_POINT ( 'NONE',  ( 239.4338382320842982, 161.2970652311782942, 3.814574123250031196E-35 ) ) ;
#2928 = LINE ( 'NONE', #2968, #282 ) ;
#2929 = EDGE_CURVE ( 'NONE', #3029, #388, #1946, .T. ) ;
#2930 = FACE_OUTER_BOUND ( 'NONE', #2490, .T. ) ;
#2931 = DIRECTION ( 'NONE',  ( -0.000000000000000000, -0.000000000000000000, -1.000000000000000000 ) ) ;
#2932 = APPROVAL_PERSON_ORGANIZATION ( #2705, #732, #506 ) ;
#2933 = ORIENTED_EDGE ( 'NONE', *, *, #1484, .T. ) ;
#2934 = AXIS2_PLACEMENT_3D ( 'NONE', #2156, #2187, #2857 ) ;
#2935 = CARTESIAN_POINT ( 'NONE',  ( 239.5642848774426739, 159.9170652311782703, -0.1600000000000534328 ) ) ;
#2936 = ADVANCED_FACE ( 'NONE', ( #1021 ), #768, .T. ) ;
#2937 = VECTOR ( 'NONE', #900, 1000.000000000000000 ) ;
#2938 = DIRECTION ( 'NONE',  ( -1.000000000000000000, 0.000000000000000000, 0.000000000000000000 ) ) ;
#2939 = VERTEX_POINT ( 'NONE', #1248 ) ;
#2940 = VERTEX_POINT ( 'NONE', #740 ) ;
#2941 = CARTESIAN_POINT ( 'NONE',  ( 239.4867355467513619, 161.2571231084325518, 0.4339021393449108976 ) ) ;
#2942 = CARTESIAN_POINT ( 'NONE',  ( 238.0745061614245515, 160.5670652311783044, -0.3129151433707306751 ) ) ;
#2943 = VECTOR ( 'NONE', #986, 1000.000000000000000 ) ;
#2944 = LINE ( 'NONE', #1024, #2735 ) ;
#2945 = CARTESIAN_POINT ( 'NONE',  ( 239.5642848774427875, 161.2170652311782248, -0.1100000000000430911 ) ) ;
#2946 = ORIENTED_EDGE ( 'NONE', *, *, #1891, .F. ) ;
#2947 = LINE ( 'NONE', #1282, #104 ) ;
#2948 = CIRCLE ( 'NONE', #1145, 0.07999999999999674039 ) ;
#2949 = ADVANCED_FACE ( 'NONE', ( #2216 ), #2496, .T. ) ;
#2950 = FACE_OUTER_BOUND ( 'NONE', #1892, .T. ) ;
#2951 = VERTEX_POINT ( 'NONE', #1720 ) ;
#2952 = CARTESIAN_POINT ( 'NONE',  ( 0.000000000000000000, 0.000000000000000000, 0.000000000000000000 ) ) ;
#2953 = ORIENTED_EDGE ( 'NONE', *, *, #2234, .F. ) ;
#2954 = CARTESIAN_POINT ( 'NONE',  ( 239.5642848774430718, 159.9170652311782703, -2.842170943040400743E-14 ) ) ;
#2955 = CARTESIAN_POINT ( 'NONE',  ( 239.2648581697845032, 161.0670652311784181, 0.000000000000000000 ) ) ;
#2956 = DIRECTION ( 'NONE',  ( 0.000000000000000000, 0.000000000000000000, -1.000000000000000000 ) ) ;
#2957 = LINE ( 'NONE', #17, #2836 ) ;
#2958 = FACE_OUTER_BOUND ( 'NONE', #251, .T. ) ;
#2959 = DIRECTION ( 'NONE',  ( 0.000000000000000000, 1.000000000000000000, 0.000000000000000000 ) ) ;
#2960 = VECTOR ( 'NONE', #1122, 1000.000000000000000 ) ;
#2961 = EDGE_CURVE ( 'NONE', #3139, #1713, #15, .T. ) ;
#2962 = CARTESIAN_POINT ( 'NONE',  ( 239.2648581697844747, 160.9870652311784909, 6.605457577783220565E-35 ) ) ;
#2963 = VERTEX_POINT ( 'NONE', #291 ) ;
#2964 = ORIENTED_EDGE ( 'NONE', *, *, #1299, .T. ) ;
#2965 = VERTEX_POINT ( 'NONE', #1973 ) ;
#2966 = LINE ( 'NONE', #13, #657 ) ;
#2967 = CYLINDRICAL_SURFACE ( 'NONE', #1751, 0.09999999999998643307 ) ;
#2968 = CARTESIAN_POINT ( 'NONE',  ( 239.3341402020872692, 159.8070652311781430, -0.1099999999999852207 ) ) ;
#2969 = EDGE_CURVE ( 'NONE', #172, #1369, #243, .T. ) ;
#2970 = CARTESIAN_POINT ( 'NONE',  ( 238.4575908544435663, 161.2571231084325234, 0.5200000000000000178 ) ) ;
#2971 = CARTESIAN_POINT ( 'NONE',  ( 238.3966762200307414, 159.4170652313000573, -1.720104156346610215E-06 ) ) ;
#2972 = VECTOR ( 'NONE', #3107, 1000.000000000000000 ) ;
#2973 = DIRECTION ( 'NONE',  ( 0.000000000000000000, 1.000000000000000000, -0.000000000000000000 ) ) ;
#2974 = EDGE_CURVE ( 'NONE', #163, #2348, #1487, .T. ) ;
#2975 = CIRCLE ( 'NONE', #818, 0.09999999999999004130 ) ;
#2976 = CARTESIAN_POINT ( 'NONE',  ( 238.4142684481881247, 159.5336849476684620, 0.5128353071178474165 ) ) ;
#2977 = VERTEX_POINT ( 'NONE', #1765 ) ;
#2978 = EDGE_CURVE ( 'NONE', #3030, #501, #960, .T. ) ;
#2979 = ORIENTED_EDGE ( 'NONE', *, *, #2545, .T. ) ;
#2980 = CIRCLE ( 'NONE', #2004, 0.08000000000002449596 ) ;
#2981 = AXIS2_PLACEMENT_3D ( 'NONE', #1388, #1838, #2552 ) ;
#2982 = EDGE_CURVE ( 'NONE', #2442, #145, #399, .T. ) ;
#2983 = ORIENTED_EDGE ( 'NONE', *, *, #2982, .T. ) ;
#2984 = DIRECTION ( 'NONE',  ( 0.000000000000000000, -6.123233995736766036E-17, -1.000000000000000000 ) ) ;
#2985 = LINE ( 'NONE', #1247, #1120 ) ;
#2986 = CARTESIAN_POINT ( 'NONE',  ( 238.5776487316981331, 161.2670652311782646, 0.000000000000000000 ) ) ;
#2987 = LINE ( 'NONE', #964, #2635 ) ;
#2988 = LINE ( 'NONE', #498, #1750 ) ;
#2989 = VECTOR ( 'NONE', #2715, 1000.000000000000000 ) ;
#2990 = CARTESIAN_POINT ( 'NONE',  ( 238.4976487316981206, 159.8670652311782874, 0.000000000000000000 ) ) ;
#2991 = CARTESIAN_POINT ( 'NONE',  ( 238.2810125859531354, 160.2670652311781794, -0.1600000000001102485 ) ) ;
#2992 = ORIENTED_EDGE ( 'NONE', *, *, #970, .F. ) ;
#2993 = VERTEX_POINT ( 'NONE', #1276 ) ;
#2994 = ORIENTED_EDGE ( 'NONE', *, *, #2432, .T. ) ;
#2995 = DIRECTION ( 'NONE',  ( -1.133363614416599496E-29, 6.123233999162682944E-17, 1.000000000000000000 ) ) ;
#2996 = CARTESIAN_POINT ( 'NONE',  ( 238.2810125859530785, 160.5670652311782476, -0.1100000000000000006 ) ) ;
#2997 = DIRECTION ( 'NONE',  ( 0.000000000000000000, -1.000000000000000000, 6.123233995736766036E-17 ) ) ;
#2998 = ADVANCED_FACE ( 'NONE', ( #372 ), #737, .T. ) ;
#2999 = VERTEX_POINT ( 'NONE', #2280 ) ;
#3000 = DIRECTION ( 'NONE',  ( -1.000000000000000000, -3.469446951952551940E-13, -2.242077542919371271E-44 ) ) ;
#3001 = CARTESIAN_POINT ( 'NONE',  ( 238.5776487316981331, 161.2670652311782362, -0.1099999999999852207 ) ) ;
#3002 = EDGE_CURVE ( 'NONE', #2725, #571, #472, .T. ) ;
#3003 = DIRECTION ( 'NONE',  ( -1.000000000000000000, -0.000000000000000000, 0.000000000000000000 ) ) ;
#3004 = EDGE_CURVE ( 'NONE', #2794, #358, #837, .T. ) ;
#3005 = CC_DESIGN_PERSON_AND_ORGANIZATION_ASSIGNMENT ( #477, #1454, ( #91 ) ) ;
#3006 = PLANE ( 'NONE',  #3148 ) ;
#3007 = VECTOR ( 'NONE', #1753, 1000.000000000000000 ) ;
#3008 = ORIENTED_EDGE ( 'NONE', *, *, #1503, .F. ) ;
#3009 = VERTEX_POINT ( 'NONE', #1072 ) ;
#3010 = ORIENTED_EDGE ( 'NONE', *, *, #999, .T. ) ;
#3011 = VECTOR ( 'NONE', #1839, 1000.000000000000000 ) ;
#3012 = ORIENTED_EDGE ( 'NONE', *, *, #2323, .T. ) ;
#3013 = CARTESIAN_POINT ( 'NONE',  ( 238.2976487318197769, 161.3180377428453482, -1.720104105753117341E-06 ) ) ;
#3014 = EDGE_CURVE ( 'NONE', #1477, #3092, #2077, .T. ) ;
#3015 = DIRECTION ( 'NONE',  ( -2.547626519586653133E-12, -6.123233995736766036E-17, -1.000000000000000000 ) ) ;
#3016 = CARTESIAN_POINT ( 'NONE',  ( 239.4962781835392889, 159.5731811179466604, -0.3485774989236689603 ) ) ;
#3017 = ORIENTED_EDGE ( 'NONE', *, *, #2332, .T. ) ;
#3018 = CARTESIAN_POINT ( 'NONE',  ( 238.2810125859531354, 160.2670652311781794, -0.1600000000001102485 ) ) ;
#3019 = FACE_OUTER_BOUND ( 'NONE', #1606, .T. ) ;
#3020 = AXIS2_PLACEMENT_3D ( 'NONE', #3183, #1186, #1205 ) ;
#3021 = EDGE_CURVE ( 'NONE', #1121, #1805, #1337, .T. ) ;
#3022 = ORIENTED_EDGE ( 'NONE', *, *, #1819, .F. ) ;
#3023 = ADVANCED_FACE ( 'NONE', ( #1052 ), #1293, .T. ) ;
#3024 = CARTESIAN_POINT ( 'NONE',  ( 238.1264423478916399, 160.2670652311781794, -0.1186715412138006215 ) ) ;
#3025 = CIRCLE ( 'NONE', #89, 0.09999999999999999167 ) ;
#3026 = LINE ( 'NONE', #1789, #1756 ) ;
#3027 = ORIENTED_EDGE ( 'NONE', *, *, #53, .T. ) ;
#3028 = EDGE_CURVE ( 'NONE', #1832, #1317, #2032, .T. ) ;
#3029 = VERTEX_POINT ( 'NONE', #2017 ) ;
#3030 = VERTEX_POINT ( 'NONE', #1810 ) ;
#3031 = VECTOR ( 'NONE', #2872, 1000.000000000000000 ) ;
#3032 = CARTESIAN_POINT ( 'NONE',  ( 239.4338382320841845, 161.2170652311781964, -0.1099999999999852207 ) ) ;
#3033 = DIRECTION ( 'NONE',  ( 0.000000000000000000, 0.000000000000000000, -1.000000000000000000 ) ) ;
#3034 = EDGE_LOOP ( 'NONE', ( #2312, #339, #2693, #762, #2353, #2828, #2113, #429, #421, #1035, #1466, #1568 ) ) ;
#3035 = CIRCLE ( 'NONE', #2419, 0.07999999999996898481 ) ;
#3036 = DIRECTION ( 'NONE',  ( 0.000000000000000000, -1.232595164407830946E-32, -1.000000000000000000 ) ) ;
#3037 = LINE ( 'NONE', #2577, #2960 ) ;
#3038 = CARTESIAN_POINT ( 'NONE',  ( 239.4867355467513619, 159.5770073539238183, 0.4339021393448929120 ) ) ;
#3039 = AXIS2_PLACEMENT_3D ( 'NONE', #2083, #88, #557 ) ;
#3040 = CARTESIAN_POINT ( 'NONE',  ( 238.0745061614245515, 160.2670652311781794, -0.3129151433707141328 ) ) ;
#3041 = ORIENTED_EDGE ( 'NONE', *, *, #297, .F. ) ;
#3042 = CARTESIAN_POINT ( 'NONE',  ( 239.7469678947185798, 159.9170652311782703, -0.1099999999999852207 ) ) ;
#3043 = VERTEX_POINT ( 'NONE', #2797 ) ;
#3044 = ADVANCED_FACE ( 'NONE', ( #594 ), #809, .F. ) ;
#3045 = ORIENTED_EDGE ( 'NONE', *, *, #359, .F. ) ;
#3046 = CARTESIAN_POINT ( 'NONE',  ( 239.7469678947185798, 159.9170652311782703, -0.3500000000000227374 ) ) ;
#3047 = VECTOR ( 'NONE', #1341, 1000.000000000000227 ) ;
#3048 = CARTESIAN_POINT ( 'NONE',  ( 239.4112932739151063, 159.5065597605962466, -0.3803238211512424138 ) ) ;
#3049 = ORIENTED_EDGE ( 'NONE', *, *, #2290, .T. ) ;
#3050 = CARTESIAN_POINT ( 'NONE',  ( 239.3476487316982002, 160.7170652311781964, -0.1100000000000000006 ) ) ;
#3051 = DIRECTION ( 'NONE',  ( 1.000000000000000000, -0.000000000000000000, 0.000000000000000000 ) ) ;
#3052 = CYLINDRICAL_SURFACE ( 'NONE', #3149, 0.08000000000013551826 ) ;
#3053 = LINE ( 'NONE', #1095, #1028 ) ;
#3054 = ORIENTED_EDGE ( 'NONE', *, *, #1224, .F. ) ;
#3055 = DIRECTION ( 'NONE',  ( 0.000000000000000000, 0.000000000000000000, 1.000000000000000000 ) ) ;
#3056 = ORIENTED_EDGE ( 'NONE', *, *, #2578, .T. ) ;
#3057 = VERTEX_POINT ( 'NONE', #1320 ) ;
#3058 = ORIENTED_EDGE ( 'NONE', *, *, #402, .F. ) ;
#3059 = DIRECTION ( 'NONE',  ( -1.000000000000000000, -0.000000000000000000, -0.000000000000000000 ) ) ;
#3060 = CARTESIAN_POINT ( 'NONE',  ( 239.3341402020872692, 161.0270652311783692, -2.841007528457890330E-14 ) ) ;
#3061 = AXIS2_PLACEMENT_3D ( 'NONE', #724, #1221, #2726 ) ;
#3062 = ORIENTED_EDGE ( 'NONE', *, *, #2969, .F. ) ;
#3063 = DIRECTION ( 'NONE',  ( -0.000000000000000000, -1.000000000000000000, 9.035018104046029699E-17 ) ) ;
#3064 = DIRECTION ( 'NONE',  ( 0.000000000000000000, 0.000000000000000000, -1.000000000000000000 ) ) ;
#3065 = ORIENTED_EDGE ( 'NONE', *, *, #3066, .T. ) ;
#3066 = EDGE_CURVE ( 'NONE', #2977, #1662, #794, .T. ) ;
#3067 = CIRCLE ( 'NONE', #2711, 0.07999999999994122923 ) ;
#3068 = CARTESIAN_POINT ( 'NONE',  ( 237.8726487316978648, 160.2670652311781794, -0.3500000000000416667 ) ) ;
#3069 = VERTEX_POINT ( 'NONE', #1596 ) ;
#3070 = EDGE_CURVE ( 'NONE', #2386, #87, #1063, .T. ) ;
#3071 = EDGE_LOOP ( 'NONE', ( #455, #2922, #2628, #601 ) ) ;
#3072 = FACE_OUTER_BOUND ( 'NONE', #1302, .T. ) ;
#3073 = AXIS2_PLACEMENT_3D ( 'NONE', #1435, #2431, #2619 ) ;
#3074 = EDGE_LOOP ( 'NONE', ( #1419, #1536, #1017, #895 ) ) ;
#3075 = LINE ( 'NONE', #1368, #1702 ) ;
#3076 = LOCAL_TIME ( 14, 8, 29.00000000000000000, #2436 ) ;
#3077 = ORIENTED_EDGE ( 'NONE', *, *, #60, .F. ) ;
#3078 = DIRECTION ( 'NONE',  ( 0.000000000000000000, 0.1391590017841476956, -0.9902700501491699114 ) ) ;
#3079 = CARTESIAN_POINT ( 'NONE',  ( 238.4976487316980922, 159.6470652311783169, -0.1099999999999852207 ) ) ;
#3080 = EDGE_CURVE ( 'NONE', #591, #1139, #2316, .T. ) ;
#3081 = AXIS2_PLACEMENT_3D ( 'NONE', #1212, #932, #174 ) ;
#3082 = VERTEX_POINT ( 'NONE', #2115 ) ;
#3083 = LINE ( 'NONE', #2148, #2082 ) ;
#3084 = CARTESIAN_POINT ( 'NONE',  ( 238.4176487316981081, 160.1870652311781953, -0.1100000000000000006 ) ) ;
#3085 = AXIS2_PLACEMENT_3D ( 'NONE', #1595, #631, #2092 ) ;
#3086 = CARTESIAN_POINT ( 'NONE',  ( 239.5111487316979151, 159.9170652311781851, 0.2600000000000000089 ) ) ;
#3087 = AXIS2_PLACEMENT_3D ( 'NONE', #971, #2658, #270 ) ;
#3088 = PLANE ( 'NONE',  #1318 ) ;
#3089 = CARTESIAN_POINT ( 'NONE',  ( 239.6125880768368290, 161.2170652311782248, -0.1470848566293763426 ) ) ;
#3090 = VECTOR ( 'NONE', #639, 1000.000000000000000 ) ;
#3091 = EDGE_LOOP ( 'NONE', ( #1403, #547, #1811, #535, #2559, #853, #1905, #484, #646, #1956, #1615, #2503 ) ) ;
#3092 = VERTEX_POINT ( 'NONE', #668 ) ;
#3093 = DIRECTION ( 'NONE',  ( 1.133363614416599496E-29, 6.123233999162682944E-17, 1.000000000000000000 ) ) ;
#3094 = ORIENTED_EDGE ( 'NONE', *, *, #2217, .T. ) ;
#3095 = FACE_OUTER_BOUND ( 'NONE', #373, .T. ) ;
#3096 = DIRECTION ( 'NONE',  ( 0.000000000000000000, 0.000000000000000000, -1.000000000000000000 ) ) ;
#3097 = ORIENTED_EDGE ( 'NONE', *, *, #832, .F. ) ;
#3098 = CARTESIAN_POINT ( 'NONE',  ( 237.8726487316978648, 160.5670652311782760, -0.3500000000000227374 ) ) ;
#3099 = DIRECTION ( 'NONE',  ( 0.000000000000000000, 0.000000000000000000, -1.000000000000000000 ) ) ;
#3100 = EDGE_CURVE ( 'NONE', #2450, #1048, #147, .T. ) ;
#3101 = ADVANCED_FACE ( 'NONE', ( #1184 ), #1231, .T. ) ;
#3102 = FACE_OUTER_BOUND ( 'NONE', #833, .T. ) ;
#3103 = EDGE_CURVE ( 'NONE', #1662, #1774, #1022, .T. ) ;
#3104 = ORIENTED_EDGE ( 'NONE', *, *, #2060, .F. ) ;
#3105 = CARTESIAN_POINT ( 'NONE',  ( 237.8726487316978364, 160.5670652311783044, -2.501100917445467542E-64 ) ) ;
#3106 = LINE ( 'NONE', #1396, #1437 ) ;
#3107 = DIRECTION ( 'NONE',  ( -1.133363613782278905E-29, 1.000000000000000000, -6.123233995736766036E-17 ) ) ;
#3108 = VERTEX_POINT ( 'NONE', #3132 ) ;
#3109 = VERTEX_POINT ( 'NONE', #3079 ) ;
#3110 = CC_DESIGN_PERSON_AND_ORGANIZATION_ASSIGNMENT ( #1256, #1761, ( #250 ) ) ;
#3111 = LINE ( 'NONE', #898, #2507 ) ;
#3112 = VERTEX_POINT ( 'NONE', #871 ) ;
#3113 = CARTESIAN_POINT ( 'NONE',  ( 238.5776487316981047, 161.1870652311782237, -0.1099999999999852207 ) ) ;
#3114 = DIRECTION ( 'NONE',  ( -1.000000000000000000, 0.000000000000000000, 0.000000000000000000 ) ) ;
#3115 = CARTESIAN_POINT ( 'NONE',  ( 238.4575908544435663, 160.6670652311781851, 0.4200000000000000955 ) ) ;
#3116 = CARTESIAN_POINT ( 'NONE',  ( 239.4486212433650110, 159.4170652313000573, -1.720104150969446437E-06 ) ) ;
#3117 = EDGE_CURVE ( 'NONE', #2880, #1097, #390, .T. ) ;
#3118 = AXIS2_PLACEMENT_3D ( 'NONE', #2098, #356, #2271 ) ;
#3119 = CARTESIAN_POINT ( 'NONE',  ( 238.4176487316981081, 160.1870652311781953, 0.000000000000000000 ) ) ;
#3120 = FACE_OUTER_BOUND ( 'NONE', #2478, .T. ) ;
#3121 = EDGE_CURVE ( 'NONE', #64, #2905, #462, .T. ) ;
#3122 = ADVANCED_FACE ( 'NONE', ( #1354 ), #2335, .T. ) ;
#3123 = CARTESIAN_POINT ( 'NONE',  ( 238.5776487316981047, 161.1870652311782237, 0.000000000000000000 ) ) ;
#3124 = CYLINDRICAL_SURFACE ( 'NONE', #2760, 0.08000000000002449596 ) ;
#3125 = ORIENTED_EDGE ( 'NONE', *, *, #2038, .T. ) ;
#3126 = EDGE_LOOP ( 'NONE', ( #549, #1496, #1344, #2435 ) ) ;
#3127 = DIRECTION ( 'NONE',  ( 0.000000000000000000, 0.000000000000000000, -1.000000000000000000 ) ) ;
#3128 = EDGE_CURVE ( 'NONE', #2782, #2071, #1133, .T. ) ;
#3129 = ORIENTED_EDGE ( 'NONE', *, *, #1836, .T. ) ;
#3130 = LINE ( 'NONE', #918, #1238 ) ;
#3131 = VECTOR ( 'NONE', #1627, 1000.000000000000000 ) ;
#3132 = CARTESIAN_POINT ( 'NONE',  ( 239.8190945013654130, 159.6170652311782874, -0.4600000000000079581 ) ) ;
#3133 = ORIENTED_EDGE ( 'NONE', *, *, #1807, .T. ) ;
#3134 = CYLINDRICAL_SURFACE ( 'NONE', #1111, 0.05000000000007575468 ) ;
#3135 = DIRECTION ( 'NONE',  ( 0.4999999999988967159, -0.8660254037850756426, 0.000000000000000000 ) ) ;
#3136 = AXIS2_PLACEMENT_3D ( 'NONE', #665, #162, #3127 ) ;
#3137 = DIRECTION ( 'NONE',  ( 1.618646753981117841E-14, -1.000000000000000000, -1.407285847664996485E-14 ) ) ;
#3138 = LINE ( 'NONE', #712, #2729 ) ;
#3139 = VERTEX_POINT ( 'NONE', #2370 ) ;
#3140 = DIRECTION ( 'NONE',  ( 0.000000000000000000, -1.000000000000000000, 6.123233995736766036E-17 ) ) ;
#3141 = VECTOR ( 'NONE', #2324, 1000.000000000000000 ) ;
#3142 = VECTOR ( 'NONE', #2795, 1000.000000000000000 ) ;
#3143 = DIRECTION ( 'NONE',  ( 0.000000000000000000, 0.000000000000000000, -1.000000000000000000 ) ) ;
#3144 = FACE_OUTER_BOUND ( 'NONE', #2762, .T. ) ;
#3145 = ORIENTED_EDGE ( 'NONE', *, *, #456, .T. ) ;
#3146 = ORIENTED_EDGE ( 'NONE', *, *, #2234, .T. ) ;
#3147 = CARTESIAN_POINT ( 'NONE',  ( 239.9726487316978876, 159.6170652311782874, -0.2665375653817250168 ) ) ;
#3148 = AXIS2_PLACEMENT_3D ( 'NONE', #1082, #2261, #2761 ) ;
#3149 = AXIS2_PLACEMENT_3D ( 'NONE', #842, #1828, #360 ) ;
#3150 = ORIENTED_EDGE ( 'NONE', *, *, #3128, .T. ) ;
#3151 = CARTESIAN_POINT ( 'NONE',  ( 238.0262029620303110, 160.5670652311781623, -0.4600000000000079581 ) ) ;
#3152 = CARTESIAN_POINT ( 'NONE',  ( 239.5068600509429189, 159.4170655102389844, -3.969622304881344227E-06 ) ) ;
#3153 = EDGE_CURVE ( 'NONE', #2940, #1670, #1555, .T. ) ;
#3154 = ORIENTED_EDGE ( 'NONE', *, *, #2070, .T. ) ;
#3155 = CARTESIAN_POINT ( 'NONE',  ( 239.8190945013654982, 159.9170652311782703, -0.2999999999999829470 ) ) ;
#3156 = DIRECTION ( 'NONE',  ( -0.000000000000000000, 1.000000000000000000, -6.123233995736766036E-17 ) ) ;
#3157 = CARTESIAN_POINT ( 'NONE',  ( 238.4976487316980922, 159.6470652311783169, -1.420258834843147612E-14 ) ) ;
#3158 = CARTESIAN_POINT ( 'NONE',  ( 238.8404969156283641, 160.4170652311782135, 0.000000000000000000 ) ) ;
#3159 = CARTESIAN_POINT ( 'NONE',  ( 239.5642848774430718, 159.9170652311782703, -2.842170943040400743E-14 ) ) ;
#3160 = CARTESIAN_POINT ( 'NONE',  ( 239.2648581697844747, 159.7670652311780657, -1.420626228921838972E-14 ) ) ;
#3161 = ADVANCED_FACE ( 'NONE', ( #181 ), #1149, .T. ) ;
#3162 = CIRCLE ( 'NONE', #1767, 0.05000000000007578244 ) ;
#3163 = FACE_OUTER_BOUND ( 'NONE', #1575, .T. ) ;
#3164 = ORIENTED_EDGE ( 'NONE', *, *, #1884, .T. ) ;
#3165 = DIRECTION ( 'NONE',  ( 0.000000000000000000, 0.000000000000000000, -1.000000000000000000 ) ) ;
#3166 = VERTEX_POINT ( 'NONE', #2404 ) ;
#3167 = ORIENTED_EDGE ( 'NONE', *, *, #1735, .F. ) ;
#3168 = DIRECTION ( 'NONE',  ( 0.000000000000000000, 0.000000000000000000, -1.000000000000000000 ) ) ;
#3169 = DIRECTION ( 'NONE',  ( -0.8660254037850756426, -0.4999999999988967159, 0.000000000000000000 ) ) ;
#3170 = CARTESIAN_POINT ( 'NONE',  ( 238.3966282225757993, 159.5160447220560513, 0.4992688937462327892 ) ) ;
#3171 = VECTOR ( 'NONE', #1932, 1000.000000000000000 ) ;
#3172 = DIRECTION ( 'NONE',  ( -0.2583028674139442593, 0.000000000000000000, -0.9660639878836878580 ) ) ;
#3173 = LINE ( 'NONE', #2632, #2159 ) ;
#3174 = VECTOR ( 'NONE', #262, 1000.000000000000000 ) ;
#3175 = ORIENTED_EDGE ( 'NONE', *, *, #1034, .F. ) ;
#3176 = DIRECTION ( 'NONE',  ( -1.000000000000000000, 0.000000000000000000, 0.000000000000000000 ) ) ;
#3177 = DIRECTION ( 'NONE',  ( -0.000000000000000000, 1.000000000000000000, -6.123233995736766036E-17 ) ) ;
#3178 = DIRECTION ( 'NONE',  ( 0.000000000000000000, 0.000000000000000000, -1.000000000000000000 ) ) ;
#3179 = AXIS2_PLACEMENT_3D ( 'NONE', #551, #1259, #1549 ) ;
#3180 = ORIENTED_EDGE ( 'NONE', *, *, #1771, .F. ) ;
#3181 = APPROVAL_ROLE ( '' ) ;
#3182 = ORIENTED_EDGE ( 'NONE', *, *, #1939, .F. ) ;
#3183 = CARTESIAN_POINT ( 'NONE',  ( 238.9226487316979046, 160.4170652311782135, 0.5200000000000000178 ) ) ;
#3184 = DIRECTION ( 'NONE',  ( -0.1378308382112983788, 0.1378308382112944375, -0.9808186988816756102 ) ) ;
#3185 = CIRCLE ( 'NONE', #2714, 0.1599999999999965894 ) ;
#3186 = CARTESIAN_POINT ( 'NONE',  ( 238.3966282225757993, 161.3180857403003188, 0.4992688937462449461 ) ) ;
#3187 = CARTESIAN_POINT ( 'NONE',  ( 239.3877066089521861, 161.3561520462316992, 0.4339021393448690977 ) ) ;
#3188 = ORIENTED_EDGE ( 'NONE', *, *, #1058, .F. ) ;
#3189 = EDGE_CURVE ( 'NONE', #1888, #3069, #2099, .T. ) ;
#3190 = VERTEX_POINT ( 'NONE', #1165 ) ;
#3191 = VECTOR ( 'NONE', #1195, 1000.000000000000000 ) ;
#3192 = LINE ( 'NONE', #517, #2943 ) ;
#3193 = CIRCLE ( 'NONE', #1387, 0.07999999999996898481 ) ;
#3194 = DIRECTION ( 'NONE',  ( 0.000000000000000000, 0.000000000000000000, -1.000000000000000000 ) ) ;
#3195 = EDGE_LOOP ( 'NONE', ( #25, #310, #1185, #1850 ) ) ;
#3196 = APPROVAL_STATUS ( 'not_yet_approved' ) ;
#3197 = EDGE_LOOP ( 'NONE', ( #1128, #1794, #1286, #2091 ) ) ;
#3198 = CARTESIAN_POINT ( 'NONE',  ( 238.4176487316980513, 160.5670652311783044, 7.480885818440428887E-65 ) ) ;
#3199 = CYLINDRICAL_SURFACE ( 'NONE', #3061, 0.07999999999999674039 ) ;
ENDSEC;
END-ISO-10303-21;
