g Mora Jai Box
v -15.276855 10.735301 1.4621093
v -17.146688 12.084859 1.5046192
v -15.254601 10.789024 1.4621093
v -16.808222 -12.198129 0.9251669
v -16.987942 -11.764249 0.9251549
v -17.147184 -12.083694 1.5046192
v -11.764252 -16.987934 0.9251549
v -12.198133 -16.808214 0.925143
v -12.084856 -17.146696 1.5046192
v -12.198129 16.808216 0.9251549
v -11.764249 16.987936 0.9251549
v -12.084861 17.146702 1.5046192
v -12.084861 17.146702 1.5046192
v -10.735303 15.276857 1.4621093
v -10.789021 15.2546015 1.4621093
v -10.735301 -15.276853 1.4621093
v -12.084856 -17.146696 1.5046192
v -10.789024 -15.254603 1.4621093
v -17.147184 -12.083694 1.5046192
v -15.276855 -10.735299 1.4621093
v -15.2546015 -10.789021 1.4621093
v 15.276849 -10.735299 1.4621212
v 17.147175 -12.083698 1.5046192
v 15.254592 -10.789022 1.4621093
v 12.084856 -17.1467 1.5046192
v 10.735296 -15.276857 1.4621093
v 10.789016 -15.254601 1.4621093
v 10.735295 15.276855 1.4621093
v 12.083684 17.147184 1.5046192
v 10.789019 15.254603 1.4621093
v 17.146692 12.084846 1.5046192
v 15.276849 10.735301 1.4621093
v 15.254592 10.789025 1.4621093
v 16.987934 -11.764252 0.925143
v 16.808214 -12.19813 0.9251669
v 17.147175 -12.083698 1.5046192
v 12.198125 -16.808216 0.9251549
v 11.764244 -16.987936 0.9251549
v 12.084856 -17.1467 1.5046192
v 11.764245 16.987934 0.9251549
v 12.198125 16.808216 0.9251549
v 12.083684 17.147184 1.5046192
v 16.808212 12.198127 0.9251549
v 16.987934 11.764252 0.925143
v 17.146692 12.084846 1.5046192
v -16.987936 11.764249 0.9251669
v -16.808214 12.1981325 0.9251549
v -17.146688 12.084859 1.5046192
v 17.491636 13.032523 2.457328
v 17.89677 12.054444 2.457328
v 17.896769 -12.054444 2.457328
v 17.491636 -13.032523 2.457328
v 13.0325165 17.491644 2.457328
v 13.0325165 -17.491642 2.457328
v 12.054437 17.896774 2.457328
v 12.054437 -17.896776 2.457328
v -12.054443 17.896776 2.457328
v -12.054444 -17.896774 2.457328
v -13.03252 17.491642 2.457328
v -13.032524 -17.491644 2.457328
v -17.491644 13.032524 2.457328
v -17.491642 -13.032523 2.457328
v -17.896776 -12.054444 2.457328
v -17.896774 12.054445 2.457328
v 17.896769 -12.054444 0.18212348
v 17.89677 12.054444 0.18212348
v 17.491636 13.032523 0.18212348
v 17.491636 -13.032523 0.18212348
v 13.0325165 -17.491642 0.18212348
v 13.0325165 17.491644 0.18212348
v 12.054437 -17.896776 0.18212348
v 12.054437 17.896774 0.18212348
v -12.054444 -17.896774 0.18212348
v -12.054443 17.896776 0.18212348
v -13.03252 17.491642 0.18212348
v -13.032524 -17.491644 0.18212348
v -17.491644 13.032524 0.18212348
v -17.491642 -13.032523 0.18212348
v -17.896776 -12.054444 0.18212348
v -17.896774 12.054445 0.18212348
v 13.0325165 17.491644 2.457328
v 12.054437 17.896774 0.18212348
v 13.0325165 17.491644 0.18212348
v 12.054437 17.896774 2.457328
v -12.054443 17.896776 0.18212348
v -12.054443 17.896776 2.457328
v -13.03252 17.491642 0.18212348
v -13.03252 17.491642 2.457328
v -17.491644 13.032524 0.18212348
v -17.491644 13.032524 2.457328
v 17.89677 12.054444 2.457328
v 17.491636 13.032523 2.457328
v 17.491636 13.032523 0.18212348
v 17.89677 12.054444 0.18212348
v 17.896769 -12.054444 2.457328
v 17.896769 -12.054444 0.18212348
v 17.491636 -13.032523 2.457328
v 17.491636 -13.032523 0.18212348
v 17.491636 13.032523 2.457328
v 13.0325165 17.491644 0.18212348
v 13.0325165 17.491644 2.457328
v -17.491644 13.032524 2.457328
v -17.896774 12.054445 0.18212348
v -17.491644 13.032524 0.18212348
v -17.896774 12.054445 2.457328
v -17.896776 -12.054444 0.18212348
v -17.896776 -12.054444 2.457328
v -17.491642 -13.032523 0.18212348
v -17.491642 -13.032523 2.457328
v -13.032524 -17.491644 0.18212348
v -13.032524 -17.491644 2.457328
v -13.032524 -17.491644 2.457328
v -12.054444 -17.896774 0.18212348
v -13.032524 -17.491644 0.18212348
v -12.054444 -17.896774 2.457328
v 12.054437 -17.896776 0.18212348
v 12.054437 -17.896776 2.457328
v 13.0325165 -17.491642 0.18212348
v 13.0325165 -17.491642 2.457328
v 13.0325165 -17.491642 2.457328
v 17.491636 -13.032523 2.457328
v 17.491636 -13.032523 0.18212348
v 13.0325165 -17.491642 0.18212348
v -17.51464 11.689266 1.5384867
v -17.098694 11.516894 1.9544318
v -17.098696 -11.516893 1.9544318
v -17.51464 -11.689266 1.5384867
v 12.226982 15.215338 1.1778486
v 12.267035 15.255391 1.4187148
v 11.359138 14.3304405 1.6292422
v 11.466318 14.437619 1.4336662
v 11.349942 14.179173 -6.4105215
v 11.524907 14.354137 -6.4102902
v -16.406858 13.507154 1.4234123
v -16.440075 13.540371 1.1804752
v -16.554283 13.495681 0.97731483
v -16.678009 13.619408 1.1522671
v 14.361255 11.532218 -8.870954
v 14.238497 11.40946 -9.047266
v 14.179169 11.349949 -6.4105215
v 14.354133 11.524913 -6.4102902
v 14.330437 11.359145 1.629242
v 14.437615 11.466327 1.4336659
v 15.255385 12.267039 1.4187148
v 15.21533 12.226986 1.1778486
v -11.689266 -17.51464 1.5384867
v -11.516893 -17.098694 1.9544318
v 11.516887 -17.098696 1.9544318
v 11.689259 -17.51464 1.5384867
v 17.514633 -11.688753 -6.417584
v 17.514633 11.688753 -6.417584
v 17.514633 11.688618 -8.870959
v 17.514633 -11.688618 -8.870959
v 11.689259 17.51464 1.5384867
v 11.516887 17.098694 1.9544318
v -11.516893 17.098696 1.9544318
v -11.689265 17.51464 1.5384867
v 13.507148 16.406858 1.4234134
v 13.540364 16.440075 1.1804763
v 13.495675 16.554283 0.97731566
v 13.619402 16.678009 1.152268
v 11.532211 -14.361257 -8.870953
v 11.409454 -14.238501 -9.047265
v 11.349942 -14.179173 -6.410521
v 11.524907 -14.354137 -6.41029
v 11.359136 -14.330442 1.6292428
v 11.466315 -14.437623 1.4336671
v 12.267033 -15.255391 1.4187129
v 12.226979 -15.215338 1.1778467
v 17.514633 -11.689266 1.5384867
v 17.098688 -11.516893 1.9544318
v 17.09869 11.516893 1.9544318
v 17.514633 11.689266 1.5384867
v -17.51464 11.688753 -6.417584
v -17.51464 -11.688753 -6.417584
v -17.51464 -11.688618 -8.870959
v -17.51464 11.688618 -8.870959
v -11.688753 -17.51464 -6.417584
v 11.688747 -17.51464 -6.417584
v 11.688612 -17.51464 -8.870959
v -11.688618 -17.51464 -8.870959
v 16.325096 13.426115 -6.417516
v 16.50006 13.601078 -6.4188175
v 16.456919 13.558127 -9.044506
v 16.332228 13.4334345 -8.870928
v -14.36126 -11.532215 -8.870954
v -14.238503 -11.409459 -9.047266
v -14.179173 -11.349949 -6.4105215
v -14.354137 -11.524913 -6.4102902
v 13.43343 -16.332232 -8.870928
v 13.55812 -16.456923 -9.044506
v 11.409454 -14.238501 -9.047265
v 11.532211 -14.361257 -8.870953
v -17.823666 11.817267 1.6848637
v -17.436657 12.751591 1.6848637
v -16.940523 12.546168 2.222617
v -17.327589 11.611705 2.222617
v 11.688747 17.51464 -6.417584
v -11.688753 17.51464 -6.417584
v -11.688618 17.51464 -8.870959
v 11.688612 17.51464 -8.870959
v -17.098696 -11.516893 1.9544318
v -17.327589 -11.611705 2.222617
v -17.823666 -11.817267 1.6848637
v -17.51464 -11.689266 1.5384867
v -17.823593 -11.816727 -6.417584
v -17.51464 -11.688753 -6.417584
v -17.823576 -11.816585 -8.870959
v -17.51464 -11.688618 -8.870959
v -16.711626 -12.451356 1.9544318
v -16.940521 -12.546168 2.222617
v -17.327589 -11.611705 2.222617
v -17.098696 -11.516893 1.9544318
v -11.688753 17.51464 -6.417584
v -11.816583 17.823578 -8.870959
v -11.688618 17.51464 -8.870959
v -11.816726 17.823593 -6.417584
v -11.689265 17.51464 1.5384867
v -11.817266 17.823666 1.6848637
v -11.516893 17.098696 1.9544318
v -11.611705 17.327589 2.222617
v -12.451357 -16.711628 1.9544318
v -12.546168 -16.940523 2.222617
v -12.751591 -17.436657 1.6848637
v -12.623589 -17.127632 1.5384867
v -12.751924 -17.436222 -6.417584
v -12.623951 -17.127268 -6.417584
v -12.752011 -17.436108 -8.870959
v -12.624046 -17.12717 -8.870959
v -11.516893 -17.098694 1.9544318
v -11.611705 -17.327589 2.222617
v -12.546168 -16.940523 2.222617
v -12.451357 -16.711628 1.9544318
v -11.689266 -17.51464 1.5384867
v -11.611705 -17.327589 2.222617
v -11.516893 -17.098694 1.9544318
v -11.817266 -17.823666 1.6848637
v -11.688753 -17.51464 -6.417584
v -11.816726 -17.823593 -6.417584
v -11.688618 -17.51464 -8.870959
v -11.816583 -17.823574 -8.870959
v -12.623588 17.127632 1.5384867
v -12.546166 16.940521 2.222617
v -12.451355 16.711626 1.9544318
v -12.751589 17.436657 1.6848637
v -12.623951 17.127268 -6.417584
v -12.751924 17.436222 -6.417584
v -12.624046 17.127174 -8.870959
v -12.752011 17.436108 -8.870959
v 17.127626 12.623589 1.5384867
v 16.940516 12.546166 2.222617
v 16.71162 12.451356 1.9544318
v 17.436651 12.751591 1.6848637
v 17.127262 12.623951 -6.417584
v 17.436216 12.7519245 -6.417584
v 17.127167 12.624046 -8.870959
v 17.436102 12.752011 -8.870959
v -12.451355 16.711626 1.9544318
v -12.546166 16.940521 2.222617
v -11.611705 17.327589 2.222617
v -11.516893 17.098696 1.9544318
v 16.71162 12.451356 1.9544318
v 17.09869 11.516893 1.9544318
v 17.098688 -11.516893 1.9544318
v 16.711622 -12.451356 1.9544318
v 12.451351 -16.711626 1.9544318
v 12.451351 16.711628 1.9544318
v 11.516887 17.098694 1.9544318
v 11.516887 -17.098696 1.9544318
v -11.516893 17.098696 1.9544318
v -11.516893 -17.098694 1.9544318
v -12.451355 16.711626 1.9544318
v -12.451357 -16.711628 1.9544318
v -16.711628 12.451357 1.9544318
v -16.711626 -12.451356 1.9544318
v -17.098696 -11.516893 1.9544318
v -17.098694 11.516894 1.9544318
v -11.611705 17.327589 2.222617
v -12.546166 16.940521 2.222617
v -12.751589 17.436657 1.6848637
v -11.817266 17.823666 1.6848637
v -11.817266 -17.823666 1.6848637
v -12.751591 -17.436657 1.6848637
v -12.546168 -16.940523 2.222617
v -11.611705 -17.327589 2.222617
v -17.327589 -11.611705 2.222617
v -16.940521 -12.546168 2.222617
v -17.436657 -12.751591 1.6848637
v -17.823666 -11.817267 1.6848637
v 17.823658 -11.817267 1.6848637
v 17.43665 -12.751591 1.6848637
v 16.940517 -12.546168 2.222617
v 17.327583 -11.611705 2.222617
v 11.611698 -17.327589 2.222617
v 12.546162 -16.940521 2.222617
v 12.751584 -17.436657 1.6848637
v 11.817261 -17.823666 1.6848637
v 11.817262 17.823666 1.6848637
v 12.751584 17.436657 1.6848637
v 12.546162 16.940523 2.222617
v 11.611698 17.327589 2.222617
v 17.327585 11.611705 2.222617
v 16.940516 12.546166 2.222617
v 17.436651 12.751591 1.6848637
v 17.823658 11.817267 1.6848637
v -11.816726 17.823593 -6.417584
v -12.752011 17.436108 -8.870959
v -11.816583 17.823578 -8.870959
v -12.751924 17.436222 -6.417584
v -11.817266 17.823666 1.6848637
v -12.751589 17.436657 1.6848637
v -17.823593 11.816726 -6.417584
v -17.436657 12.751591 1.6848637
v -17.823666 11.817267 1.6848637
v -17.436222 12.751924 -6.417584
v -17.823576 11.816585 -8.870959
v -17.436108 12.752011 -8.870959
v -17.436222 -12.7519245 -6.417584
v -17.823666 -11.817267 1.6848637
v -17.436657 -12.751591 1.6848637
v -17.823593 -11.816727 -6.417584
v -17.436108 -12.752011 -8.870959
v -17.823576 -11.816585 -8.870959
v 12.751918 17.436222 -6.417584
v 11.816578 17.823578 -8.870959
v 12.752006 17.436108 -8.870959
v 11.81672 17.823593 -6.417584
v 12.751584 17.436657 1.6848637
v 11.817262 17.823666 1.6848637
v -11.816726 -17.823593 -6.417584
v -12.751591 -17.436657 1.6848637
v -11.817266 -17.823666 1.6848637
v -12.751924 -17.436222 -6.417584
v -11.816583 -17.823574 -8.870959
v -12.752011 -17.436108 -8.870959
v 12.751918 -17.436222 -6.417584
v 11.817261 -17.823666 1.6848637
v 12.751584 -17.436657 1.6848637
v 11.81672 -17.823593 -6.417584
v 12.752006 -17.436108 -8.870959
v 11.816578 -17.823574 -8.870959
v 17.823587 11.816726 -6.417584
v 17.436102 12.752011 -8.870959
v 17.82357 11.816585 -8.870959
v 17.436216 12.7519245 -6.417584
v 17.823658 11.817267 1.6848637
v 17.436651 12.751591 1.6848637
v 17.436216 -12.7519245 -6.417584
v 17.82357 -11.816585 -8.870959
v 17.436102 -12.752011 -8.870959
v 17.823587 -11.816727 -6.417584
v 17.43665 -12.751591 1.6848637
v 17.823658 -11.817267 1.6848637
v -17.127268 12.623951 -6.417584
v -17.436108 12.752011 -8.870959
v -17.127172 12.624046 -8.870959
v -17.436222 12.751924 -6.417584
v -17.127632 12.623589 1.5384867
v -17.436657 12.751591 1.6848637
v -16.711628 12.451357 1.9544318
v -16.940523 12.546168 2.222617
v -17.127632 -12.623589 1.5384867
v -16.940521 -12.546168 2.222617
v -16.711626 -12.451356 1.9544318
v -17.436657 -12.751591 1.6848637
v -17.127268 -12.623951 -6.417584
v -17.436222 -12.7519245 -6.417584
v -17.127172 -12.624046 -8.870959
v -17.436108 -12.752011 -8.870959
v 17.514633 -11.689266 1.5384867
v 17.327583 -11.611705 2.222617
v 17.098688 -11.516893 1.9544318
v 17.823658 -11.817267 1.6848637
v 17.514633 -11.688753 -6.417584
v 17.823587 -11.816727 -6.417584
v 17.514633 -11.688618 -8.870959
v 17.82357 -11.816585 -8.870959
v 12.623945 17.127268 -6.417584
v 12.752006 17.436108 -8.870959
v 12.624041 17.127174 -8.870959
v 12.751918 17.436222 -6.417584
v 12.623583 17.127632 1.5384867
v 12.751584 17.436657 1.6848637
v 12.451351 16.711628 1.9544318
v 12.546162 16.940523 2.222617
v 17.098688 -11.516893 1.9544318
v 17.327583 -11.611705 2.222617
v 16.940517 -12.546168 2.222617
v 16.711622 -12.451356 1.9544318
v 16.711622 -12.451356 1.9544318
v 16.940517 -12.546168 2.222617
v 17.43665 -12.751591 1.6848637
v 17.127625 -12.623589 1.5384867
v 17.436216 -12.7519245 -6.417584
v 17.127262 -12.623951 -6.417584
v 17.436102 -12.752011 -8.870959
v 17.127167 -12.624046 -8.870959
v 12.451351 -16.711626 1.9544318
v 12.546162 -16.940521 2.222617
v 11.611698 -17.327589 2.222617
v 11.516887 -17.098696 1.9544318
v 11.516887 -17.098696 1.9544318
v 11.611698 -17.327589 2.222617
v 11.817261 -17.823666 1.6848637
v 11.689259 -17.51464 1.5384867
v 11.81672 -17.823593 -6.417584
v 11.688747 -17.51464 -6.417584
v 11.816578 -17.823574 -8.870959
v 11.688612 -17.51464 -8.870959
v 12.623583 -17.127632 1.5384867
v 12.546162 -16.940521 2.222617
v 12.451351 -16.711626 1.9544318
v 12.751584 -17.436657 1.6848637
v 12.623945 -17.127268 -6.417584
v 12.751918 -17.436222 -6.417584
v 12.624041 -17.12717 -8.870959
v 12.752006 -17.436108 -8.870959
v 17.514633 11.688753 -6.417584
v 17.82357 11.816585 -8.870959
v 17.514633 11.688618 -8.870959
v 17.823587 11.816726 -6.417584
v 17.514633 11.689266 1.5384867
v 17.823658 11.817267 1.6848637
v 17.09869 11.516893 1.9544318
v 17.327585 11.611705 2.222617
v 11.689259 17.51464 1.5384867
v 11.611698 17.327589 2.222617
v 11.516887 17.098694 1.9544318
v 11.817262 17.823666 1.6848637
v 11.688747 17.51464 -6.417584
v 11.81672 17.823593 -6.417584
v 11.688612 17.51464 -8.870959
v 11.816578 17.823578 -8.870959
v 11.516887 17.098694 1.9544318
v 11.611698 17.327589 2.222617
v 12.546162 16.940523 2.222617
v 12.451351 16.711628 1.9544318
v -17.51464 11.689266 1.5384867
v -17.327589 11.611705 2.222617
v -17.098694 11.516894 1.9544318
v -17.823666 11.817267 1.6848637
v -17.51464 11.688753 -6.417584
v -17.823593 11.816726 -6.417584
v -17.51464 11.688618 -8.870959
v -17.823576 11.816585 -8.870959
v 16.71162 12.451356 1.9544318
v 16.940516 12.546166 2.222617
v 17.327585 11.611705 2.222617
v 17.09869 11.516893 1.9544318
v -17.098694 11.516894 1.9544318
v -17.327589 11.611705 2.222617
v -16.940523 12.546168 2.222617
v -16.711628 12.451357 1.9544318
v 11.689259 17.51464 1.5384867
v -11.689265 17.51464 1.5384867
v -11.688753 17.51464 -6.417584
v 11.688747 17.51464 -6.417584
v 13.42611 -16.325102 -6.417516
v 13.601071 -16.500065 -6.4188175
v 13.55812 -16.456923 -9.044506
v 13.43343 -16.332232 -8.870928
v -11.532218 14.361262 -8.870954
v -11.40946 14.238505 -9.047266
v -11.349949 14.179173 -6.4105215
v -11.524913 14.354137 -6.4102902
v -11.359141 14.330441 1.6292425
v -11.466321 14.437622 1.4336665
v -12.267039 15.255391 1.418715
v -12.226985 15.215338 1.1778488
v -11.689266 -17.51464 1.5384867
v 11.689259 -17.51464 1.5384867
v 11.688747 -17.51464 -6.417584
v -11.688753 -17.51464 -6.417584
v -17.51464 11.689266 1.5384867
v -17.51464 -11.689266 1.5384867
v -17.51464 -11.688753 -6.417584
v -17.51464 11.688753 -6.417584
v 14.361255 -11.532215 -8.870954
v 14.238497 -11.409459 -9.047266
v 16.456919 -13.558127 -9.044506
v 16.332228 -13.4334345 -8.870928
v -16.325102 -13.426118 -6.417516
v -16.500065 -13.60108 -6.4188175
v -16.456923 -13.558127 -9.044506
v -16.332233 -13.4334345 -8.870928
v 17.514633 -11.689266 1.5384867
v 17.514633 11.689266 1.5384867
v 17.514633 11.688753 -6.417584
v 17.514633 -11.688753 -6.417584
v -15.172108 10.813137 1.4277531
v -15.172108 -10.813134 1.4277651
v -16.987942 -11.764249 0.9251549
v -16.987936 11.764249 0.9251669
v 12.226979 -15.215338 1.1778467
v 12.267033 -15.255391 1.4187129
v 15.255386 -12.267041 1.4187226
v 15.215334 -12.226987 1.1778566
v 16.332228 13.4334345 -8.870928
v 16.456919 13.558127 -9.044506
v 14.238497 11.40946 -9.047266
v 14.361255 11.532218 -8.870954
v -13.426115 16.325102 -6.417516
v -13.601078 16.500065 -6.4188175
v -13.558127 16.456926 -9.044506
v -13.4334345 16.332235 -8.870928
v -10.813134 -15.172108 1.4277651
v 10.8131275 -15.172108 1.4277651
v 11.764244 -16.987936 0.9251549
v -11.764252 -16.987934 0.9251549
v 15.160467 -10.712653 -6.417584
v 15.160462 -10.712526 -8.870983
v 15.160462 10.712526 -8.870983
v 15.160467 10.712657 -6.417584
v 15.172102 -10.813136 1.4277651
v 15.172102 10.813136 1.4277651
v 10.813128 15.172108 1.4277651
v -10.813132 15.172108 1.4277651
v -11.764249 16.987936 0.9251549
v 11.764245 16.987934 0.9251549
v 11.532211 14.36126 -8.870954
v 11.409454 14.238503 -9.047266
v 13.55812 16.456926 -9.044506
v 13.43343 16.332235 -8.870928
v 15.172102 -10.813136 1.4277651
v 15.172102 10.813136 1.4277651
v 16.987934 11.764252 0.925143
v 16.987934 -11.764252 0.925143
v -15.160473 10.712657 -6.417584
v -15.160467 10.712526 -8.870983
v -15.160467 -10.712526 -8.870983
v -15.160473 -10.712653 -6.417584
v -15.172108 10.813137 1.4277531
v -15.172108 -10.813134 1.4277651
v -10.712655 -15.160472 -6.417584
v -10.712525 -15.160467 -8.870983
v 10.71252 -15.160467 -8.870983
v 10.712648 -15.160472 -6.417584
v -10.813134 -15.172108 1.4277651
v 10.8131275 -15.172108 1.4277651
v 16.678003 -13.619409 1.1522675
v 16.554274 -13.495681 0.97731495
v 13.495675 -16.554281 0.9773151
v 13.619402 -16.678009 1.1522676
v 15.21533 12.226986 1.1778486
v 15.255385 12.267039 1.4187148
v 12.267035 15.255391 1.4187148
v 12.226982 15.215338 1.1778486
v -16.332233 -13.4334345 -8.870928
v -16.456923 -13.558127 -9.044506
v -14.238503 -11.409459 -9.047266
v -14.36126 -11.532215 -8.870954
v 10.712648 15.160472 -6.417584
v 10.71252 15.160467 -8.870983
v -10.712526 15.160467 -8.870983
v -10.712655 15.160472 -6.417584
v 10.813128 15.172108 1.4277651
v -10.813132 15.172108 1.4277651
v -15.160473 10.712657 -6.417584
v -15.172108 10.813137 1.4277531
v -15.276855 10.735301 1.4621093
v -15.299179 10.770109 -6.417584
v -15.160467 10.712526 -8.870983
v -15.2991705 10.769995 -8.870972
v -16.987942 -11.764249 0.9251549
v -15.172108 -10.813134 1.4277651
v -15.276855 -10.735299 1.4621093
v -17.147184 -12.083694 1.5046192
v -10.722741 15.156295 -6.417584
v -10.659918 15.235571 1.4277651
v -10.789021 15.2546015 1.4621093
v -10.780196 15.295002 -6.417584
v -10.712655 15.160472 -6.417584
v -10.712526 15.160467 -8.870983
v -10.769995 15.299172 -8.870972
v -10.770108 15.299179 -6.417584
v -10.813132 15.172108 1.4277651
v -10.735303 15.276857 1.4621093
v -12.198133 -16.808214 0.925143
v -10.659916 -15.235568 1.4277651
v -10.789024 -15.254603 1.4621093
v -12.084856 -17.146696 1.5046192
v -10.813134 -15.172108 1.4277651
v -11.764252 -16.987934 0.9251549
v -12.084856 -17.146696 1.5046192
v -10.735301 -15.276853 1.4621093
v -10.659918 15.235571 1.4277651
v -12.198129 16.808216 0.9251549
v -12.084861 17.146702 1.5046192
v -10.789021 15.2546015 1.4621093
v -11.764249 16.987936 0.9251549
v -10.813132 15.172108 1.4277651
v -10.735303 15.276857 1.4621093
v -12.084861 17.146702 1.5046192
v 15.235565 10.659922 1.4277651
v 16.808212 12.198127 0.9251549
v 17.146692 12.084846 1.5046192
v 15.254592 10.789025 1.4621093
v 16.808214 -12.19813 0.9251669
v 16.987934 -11.764252 0.925143
v 16.987934 11.764252 0.925143
v 16.808212 12.198127 0.9251549
v 12.198125 -16.808216 0.9251549
v 12.198125 16.808216 0.9251549
v 11.764244 -16.987936 0.9251549
v 11.764245 16.987934 0.9251549
v -11.764249 16.987936 0.9251549
v -11.764252 -16.987934 0.9251549
v -12.198129 16.808216 0.9251549
v -12.198133 -16.808214 0.925143
v -16.808214 12.1981325 0.9251549
v -16.808222 -12.198129 0.9251669
v -16.987936 11.764249 0.9251669
v -16.987942 -11.764249 0.9251549
v -10.770108 15.299179 -6.417584
v -10.769995 15.299172 -8.870972
v -10.780271 15.294917 -8.870972
v -10.780196 15.295002 -6.417584
v -10.735303 15.276857 1.4621093
v -10.789021 15.2546015 1.4621093
v -15.299179 10.770109 -6.417584
v -15.276855 10.735301 1.4621093
v -15.254601 10.789024 1.4621093
v -15.295005 10.780195 -6.417584
v -15.2991705 10.769995 -8.870972
v -15.294917 10.78027 -8.870972
v -15.295002 -10.780195 -6.417584
v -15.2546015 -10.789021 1.4621093
v -15.276855 -10.735299 1.4621093
v -15.299179 -10.770108 -6.417584
v -15.294915 -10.78027 -8.870972
v -15.299172 -10.769996 -8.870972
v 10.780189 15.295002 -6.417584
v 10.780265 15.294917 -8.870972
v 10.769989 15.299172 -8.870972
v 10.770103 15.299179 -6.417584
v 10.789019 15.254603 1.4621093
v 10.735295 15.276855 1.4621093
v -10.770108 -15.299179 -6.417584
v -10.735301 -15.276853 1.4621093
v -10.789024 -15.254603 1.4621093
v -10.780195 -15.295002 -6.417584
v -10.769994 -15.2991705 -8.870972
v -10.780271 -15.294917 -8.870972
v 10.780189 -15.295002 -6.417584
v 10.789016 -15.254601 1.4621093
v 10.735296 -15.276857 1.4621093
v 10.7701025 -15.299179 -6.417584
v 10.780265 -15.294915 -8.870972
v 10.769987 -15.2991705 -8.870972
v 15.299172 10.770109 -6.417584
v 15.299166 10.769995 -8.870972
v 15.29491 10.78027 -8.870972
v 15.294998 10.780196 -6.417584
v 15.276849 10.735301 1.4621093
v 15.254592 10.789025 1.4621093
v 15.294997 -10.780196 -6.417584
v 15.2949095 -10.78027 -8.870972
v 15.299166 -10.769996 -8.870972
v 15.299174 -10.770108 -6.417584
v 15.254592 -10.789022 1.4621093
v 15.276849 -10.735299 1.4621212
v -15.156296 10.722741 -6.417584
v -15.156199 10.722828 -8.870983
v -15.294917 10.78027 -8.870972
v -15.295005 10.780195 -6.417584
v -15.235576 -10.659921 1.4277651
v -16.808222 -12.198129 0.9251669
v -17.147184 -12.083694 1.5046192
v -15.2546015 -10.789021 1.4621093
v -15.156296 -10.722741 -6.417584
v -15.235576 -10.659921 1.4277651
v -15.2546015 -10.789021 1.4621093
v -15.295002 -10.780195 -6.417584
v -15.160473 -10.712653 -6.417584
v -15.160467 -10.712526 -8.870983
v -15.299172 -10.769996 -8.870972
v -15.299179 -10.770108 -6.417584
v -15.172108 -10.813134 1.4277651
v -15.276855 -10.735299 1.4621093
v 15.172102 -10.813136 1.4277651
v 16.987934 -11.764252 0.925143
v 17.147175 -12.083698 1.5046192
v 15.276849 -10.735299 1.4621212
v 10.722734 15.156295 -6.417584
v 10.722823 15.156199 -8.870983
v 10.780265 15.294917 -8.870972
v 10.780189 15.295002 -6.417584
v 10.712648 15.160472 -6.417584
v 10.813128 15.172108 1.4277651
v 10.735295 15.276855 1.4621093
v 10.770103 15.299179 -6.417584
v 10.71252 15.160467 -8.870983
v 10.769989 15.299172 -8.870972
v 16.808214 -12.19813 0.9251669
v 15.235563 -10.659921 1.4277651
v 15.254592 -10.789022 1.4621093
v 17.147175 -12.083698 1.5046192
v -10.712655 -15.160472 -6.417584
v -10.813134 -15.172108 1.4277651
v -10.735301 -15.276853 1.4621093
v -10.770108 -15.299179 -6.417584
v -10.712525 -15.160467 -8.870983
v -10.769994 -15.2991705 -8.870972
v -10.722741 -15.156295 -6.417584
v -10.722828 -15.156198 -8.870983
v -10.780271 -15.294917 -8.870972
v -10.780195 -15.295002 -6.417584
v 11.764244 -16.987936 0.9251549
v 10.8131275 -15.172108 1.4277651
v 10.735296 -15.276857 1.4621093
v 12.084856 -17.1467 1.5046192
v 10.722734 -15.156295 -6.417584
v 10.659912 -15.235572 1.4277651
v 10.789016 -15.254601 1.4621093
v 10.780189 -15.295002 -6.417584
v 10.712648 -15.160472 -6.417584
v 10.71252 -15.160467 -8.870983
v 10.769987 -15.2991705 -8.870972
v 10.7701025 -15.299179 -6.417584
v 10.8131275 -15.172108 1.4277651
v 10.735296 -15.276857 1.4621093
v 10.659912 -15.235572 1.4277651
v 12.198125 -16.808216 0.9251549
v 12.084856 -17.1467 1.5046192
v 10.789016 -15.254601 1.4621093
v 15.160467 10.712657 -6.417584
v 15.160462 10.712526 -8.870983
v 15.299166 10.769995 -8.870972
v 15.299172 10.770109 -6.417584
v 15.172102 10.813136 1.4277651
v 15.276849 10.735301 1.4621093
v 15.15629 10.722741 -6.417584
v 15.235565 10.659922 1.4277651
v 15.254592 10.789025 1.4621093
v 15.294998 10.780196 -6.417584
v 10.813128 15.172108 1.4277651
v 11.764245 16.987934 0.9251549
v 12.083684 17.147184 1.5046192
v 10.735295 15.276855 1.4621093
v 15.15629 -10.722741 -6.417584
v 15.156195 -10.722827 -8.870983
v 15.2949095 -10.78027 -8.870972
v 15.294997 -10.780196 -6.417584
v 15.160467 -10.712653 -6.417584
v 15.172102 -10.813136 1.4277651
v 15.276849 -10.735299 1.4621212
v 15.299174 -10.770108 -6.417584
v 15.160462 -10.712526 -8.870983
v 15.299166 -10.769996 -8.870972
v 12.198125 16.808216 0.9251549
v 10.659914 15.23557 1.4277651
v 10.789019 15.254603 1.4621093
v 12.083684 17.147184 1.5046192
v -15.172108 10.813137 1.4277531
v -16.987936 11.764249 0.9251669
v -17.146688 12.084859 1.5046192
v -15.276855 10.735301 1.4621093
v 16.987934 11.764252 0.925143
v 15.172102 10.813136 1.4277651
v 15.276849 10.735301 1.4621093
v 17.146692 12.084846 1.5046192
v -16.808214 12.1981325 0.9251549
v -15.235572 10.659922 1.4277651
v -15.254601 10.789024 1.4621093
v -17.146688 12.084859 1.5046192
v 15.235563 -10.659921 1.4277651
v 15.15629 -10.722741 -6.417584
v 15.294997 -10.780196 -6.417584
v 15.254592 -10.789022 1.4621093
v 15.156195 10.722828 -8.870983
v 15.15629 10.722741 -6.417584
v 15.294998 10.780196 -6.417584
v 15.29491 10.78027 -8.870972
v 10.722823 -15.156198 -8.870983
v 10.722734 -15.156295 -6.417584
v 10.780189 -15.295002 -6.417584
v 10.780265 -15.294915 -8.870972
v -10.659916 -15.235568 1.4277651
v -10.722741 -15.156295 -6.417584
v -10.780195 -15.295002 -6.417584
v -10.789024 -15.254603 1.4621093
v 10.659914 15.23557 1.4277651
v 10.722734 15.156295 -6.417584
v 10.780189 15.295002 -6.417584
v 10.789019 15.254603 1.4621093
v -15.156199 -10.722827 -8.870983
v -15.156296 -10.722741 -6.417584
v -15.295002 -10.780195 -6.417584
v -15.294915 -10.78027 -8.870972
v -15.235572 10.659922 1.4277651
v -15.156296 10.722741 -6.417584
v -15.295005 10.780195 -6.417584
v -15.254601 10.789024 1.4621093
v -10.722828 15.156202 -8.870983
v -10.722741 15.156295 -6.417584
v -10.780196 15.295002 -6.417584
v -10.780271 15.294917 -8.870972
v 13.619402 -16.678009 1.1522676
v 13.495675 -16.554281 0.9773151
v 13.540364 -16.440075 1.1804757
v 13.507148 -16.406858 1.4234128
v -11.532218 -14.361257 -8.870953
v -11.40946 -14.238501 -9.047265
v -13.558127 -16.456923 -9.044506
v -13.4334345 -16.332232 -8.870928
v 13.619402 16.678009 1.152268
v 13.495675 16.554283 0.97731566
v 16.554274 13.495681 0.9773155
v 16.678003 13.619408 1.1522679
v -17.823576 11.816585 -8.870959
v -15.2991705 10.769995 -8.870972
v -15.294917 10.78027 -8.870972
v -17.436108 12.752011 -8.870959
v -15.156199 10.722828 -8.870983
v -17.127172 12.624046 -8.870959
v 12.752006 -17.436108 -8.870959
v 10.769987 -15.2991705 -8.870972
v 11.816578 -17.823574 -8.870959
v 10.780265 -15.294915 -8.870972
v 12.624041 -17.12717 -8.870959
v 10.722823 -15.156198 -8.870983
v -17.51464 11.688618 -8.870959
v -15.160467 10.712526 -8.870983
v -15.2991705 10.769995 -8.870972
v -17.823576 11.816585 -8.870959
v 11.688612 -17.51464 -8.870959
v 10.71252 -15.160467 -8.870983
v -10.712525 -15.160467 -8.870983
v -11.688618 -17.51464 -8.870959
v -11.688618 -17.51464 -8.870959
v -10.712525 -15.160467 -8.870983
v -10.769994 -15.2991705 -8.870972
v -11.816583 -17.823574 -8.870959
v 17.514633 -11.688618 -8.870959
v 15.160462 -10.712526 -8.870983
v 15.299166 -10.769996 -8.870972
v 17.82357 -11.816585 -8.870959
v -15.2153425 -12.226986 1.177858
v -15.255395 -12.267039 1.4187241
v -12.267042 -15.255391 1.418705
v -12.226988 -15.215338 1.1778388
v -13.4334345 16.332235 -8.870928
v -13.558127 16.456926 -9.044506
v -11.40946 14.238505 -9.047266
v -11.532218 14.361262 -8.870954
v -12.752011 -17.436108 -8.870959
v -10.722828 -15.156198 -8.870983
v -12.624046 -17.12717 -8.870959
v -10.780271 -15.294917 -8.870972
v -11.816583 -17.823574 -8.870959
v -10.769994 -15.2991705 -8.870972
v 17.436102 -12.752011 -8.870959
v 15.156195 -10.722827 -8.870983
v 17.127167 -12.624046 -8.870959
v 15.2949095 -10.78027 -8.870972
v 17.82357 -11.816585 -8.870959
v 15.299166 -10.769996 -8.870972
v -17.51464 -11.688618 -8.870959
v -15.160467 -10.712526 -8.870983
v -15.160467 10.712526 -8.870983
v -17.51464 11.688618 -8.870959
v -17.127172 -12.624046 -8.870959
v -15.156199 -10.722827 -8.870983
v -15.294915 -10.78027 -8.870972
v -17.436108 -12.752011 -8.870959
v -15.299172 -10.769996 -8.870972
v -17.823576 -11.816585 -8.870959
v -17.823576 -11.816585 -8.870959
v -15.299172 -10.769996 -8.870972
v -15.160467 -10.712526 -8.870983
v -17.51464 -11.688618 -8.870959
v 11.816578 -17.823574 -8.870959
v 10.769987 -15.2991705 -8.870972
v 10.71252 -15.160467 -8.870983
v 11.688612 -17.51464 -8.870959
v -12.752011 17.436108 -8.870959
v -10.780271 15.294917 -8.870972
v -10.769995 15.299172 -8.870972
v -11.816583 17.823578 -8.870959
v -11.816583 17.823578 -8.870959
v -10.769995 15.299172 -8.870972
v -10.712526 15.160467 -8.870983
v -11.688618 17.51464 -8.870959
v 16.678003 13.619408 1.1522679
v 16.554274 13.495681 0.9773155
v 16.440067 13.540371 1.1804762
v 16.406853 13.507154 1.4234132
v -12.624046 17.127174 -8.870959
v -10.722828 15.156202 -8.870983
v -10.780271 15.294917 -8.870972
v -12.752011 17.436108 -8.870959
v 17.436102 12.752011 -8.870959
v 15.299166 10.769995 -8.870972
v 17.82357 11.816585 -8.870959
v 15.29491 10.78027 -8.870972
v 17.127167 12.624046 -8.870959
v 15.156195 10.722828 -8.870983
v -11.688618 17.51464 -8.870959
v -10.712526 15.160467 -8.870983
v 10.71252 15.160467 -8.870983
v 11.688612 17.51464 -8.870959
v 11.688612 17.51464 -8.870959
v 10.71252 15.160467 -8.870983
v 10.769989 15.299172 -8.870972
v 11.816578 17.823578 -8.870959
v -14.437626 -11.466323 1.4336652
v -15.255395 -12.267039 1.4187241
v -15.2153425 -12.226986 1.177858
v -14.330446 -11.359145 1.6292413
v -14.354137 -11.524913 -6.4102902
v -14.179173 -11.349949 -6.4105215
v 12.752006 17.436108 -8.870959
v 10.722823 15.156199 -8.870983
v 12.624041 17.127174 -8.870959
v 10.780265 15.294917 -8.870972
v 11.816578 17.823578 -8.870959
v 10.769989 15.299172 -8.870972
v 17.514633 11.688618 -8.870959
v 15.160462 10.712526 -8.870983
v 15.160462 -10.712526 -8.870983
v 17.514633 -11.688618 -8.870959
v 17.82357 11.816585 -8.870959
v 15.299166 10.769995 -8.870972
v 15.160462 10.712526 -8.870983
v 17.514633 11.688618 -8.870959
v -1.8425004 -18.188917 -8.494234
v -1.8425004 -18.217905 -8.6399555
v -1.8425004 -18.188917 -8.785677
v -1.8425004 -18.106373 -8.370686
v -1.8425004 -18.106373 -8.909225
v -1.8425004 -17.982834 -8.288145
v -1.8425004 -17.982834 -8.991766
v -1.8425004 -17.83711 -8.259165
v -1.8425004 -17.83711 -9.020746
v -1.8425004 -17.691387 -8.288145
v -1.8425004 -17.691387 -8.991766
v -1.8425004 -17.567848 -8.370686
v -1.8425004 -17.567848 -8.909225
v -1.8425004 -17.485302 -8.494234
v -1.8425004 -17.485302 -8.785677
v -1.8425004 -17.456318 -8.6399555
v 1.8424829 -18.188917 -8.785677
v 1.8424829 -18.217905 -8.6399555
v 1.8424829 -18.188917 -8.494234
v 1.8424829 -18.106373 -8.909225
v 1.8424829 -18.106373 -8.370686
v 1.8424829 -17.982834 -8.991766
v 1.8424829 -17.982834 -8.288145
v 1.8424829 -17.83711 -9.020746
v 1.8424829 -17.83711 -8.259165
v 1.8424829 -17.691387 -8.991766
v 1.8424829 -17.691387 -8.288145
v 1.8424829 -17.567848 -8.909225
v 1.8424829 -17.567848 -8.370686
v 1.8424829 -17.485302 -8.785677
v 1.8424829 -17.485302 -8.494234
v 1.8424829 -17.456318 -8.6399555
v 1.3400445 -17.567848 -8.370686
v -1.3400617 -17.691387 -8.288145
v -1.3400617 -17.567848 -8.370686
v 1.3400445 -17.691387 -8.288145
v -1.3400623 -17.83711 -8.259165
v 1.3400444 -17.83711 -8.259165
v -1.3400617 -17.982834 -8.288145
v 1.3400445 -17.982834 -8.288145
v -1.3400617 -18.106373 -8.370686
v 1.3400445 -18.106373 -8.370686
v 1.3400445 -17.485302 -8.494234
v 1.3400445 -17.567848 -8.370686
v -1.3400617 -17.567848 -8.370686
v -1.3400617 -17.485302 -8.494234
v 1.3400445 -17.456318 -8.6399555
v -1.3400617 -17.456318 -8.6399555
v 1.3400445 -17.485302 -8.785677
v -1.3400617 -17.485302 -8.785677
v 1.3400445 -17.567848 -8.909225
v -1.3400617 -17.567848 -8.909225
v 1.3400445 -17.691387 -8.991766
v 1.3400445 -17.567848 -8.909225
v -1.3400617 -17.567848 -8.909225
v -1.3400617 -17.691387 -8.991766
v 1.3400445 -17.83711 -9.020746
v -1.3400617 -17.83711 -9.020746
v 1.3400445 -17.982834 -8.991766
v -1.3400617 -17.982834 -8.991766
v 1.3400445 -18.106373 -8.909225
v -1.3400617 -18.106373 -8.909225
v 1.3400445 -18.188917 -8.785677
v 1.3400445 -18.106373 -8.909225
v -1.3400617 -18.106373 -8.909225
v -1.3400617 -18.188917 -8.785677
v 1.3400445 -18.217905 -8.6399555
v -1.3400617 -18.217905 -8.6399555
v 1.3400445 -18.188917 -8.494234
v -1.3400617 -18.188917 -8.494234
v 1.3400445 -18.106373 -8.370686
v -1.3400617 -18.106373 -8.370686
v -1.3400617 -18.019848 -8.198786
v -1.3400617 -18.174767 -8.302296
v -1.8425004 -18.174767 -8.302296
v -1.8425004 -18.019848 -8.198786
v -1.3400623 -17.83711 -8.162439
v -1.8425004 -17.83711 -8.162439
v -1.3400617 -17.654371 -8.198786
v -1.8425004 -17.654371 -8.198786
v -1.3400617 -17.499456 -8.302296
v -1.8425004 -17.499456 -8.302296
v -1.3400617 -18.174767 -8.302296
v -1.8425004 -18.27828 -8.45722
v -1.8425004 -18.174767 -8.302296
v -1.3400617 -18.27828 -8.45722
v -1.8425004 -18.314629 -8.6399555
v -1.3400617 -18.314629 -8.6399555
v -1.8425004 -18.27828 -8.822691
v -1.3400617 -18.27828 -8.822691
v -1.8425004 -18.174767 -8.977604
v -1.3400617 -18.174767 -8.977604
v -1.3400617 -18.174767 -8.977604
v -1.8425004 -18.019848 -9.081125
v -1.8425004 -18.174767 -8.977604
v -1.3400617 -18.019848 -9.081125
v -1.8425004 -17.83711 -9.117472
v -1.3400617 -17.83711 -9.117472
v -1.8425004 -17.654371 -9.081125
v -1.3400617 -17.654371 -9.081125
v -1.8425004 -17.499454 -8.977604
v -1.3400617 -17.499454 -8.977604
v -1.3400617 -17.499454 -8.977604
v -1.8425004 -17.39594 -8.822691
v -1.8425004 -17.499454 -8.977604
v -1.3400617 -17.39594 -8.822691
v -1.8425004 -17.359592 -8.6399555
v -1.3400617 -17.359592 -8.6399555
v -1.8425004 -17.39594 -8.45722
v -1.3400617 -17.39594 -8.45722
v -1.8425004 -17.499456 -8.302296
v -1.3400617 -17.499456 -8.302296
v 1.8424829 -17.499456 -8.302296
v 1.3400445 -17.654371 -8.198786
v 1.3400445 -17.499456 -8.302296
v 1.8424829 -17.654371 -8.198786
v 1.3400444 -17.83711 -8.162439
v 1.8424829 -17.83711 -8.162439
v 1.3400445 -18.019848 -8.198786
v 1.8424829 -18.019848 -8.198786
v 1.3400445 -18.174767 -8.302296
v 1.8424829 -18.174767 -8.302296
v 1.8424829 -17.395943 -8.45722
v 1.8424829 -17.499456 -8.302296
v 1.3400445 -17.499456 -8.302296
v 1.3400445 -17.395943 -8.45722
v 1.8424829 -17.359592 -8.6399555
v 1.3400445 -17.359592 -8.6399555
v 1.8424829 -17.395943 -8.822691
v 1.3400445 -17.395943 -8.822691
v 1.8424829 -17.499454 -8.977604
v 1.3400445 -17.499454 -8.977604
v 1.8424829 -17.654371 -9.081125
v 1.8424829 -17.499454 -8.977604
v 1.3400445 -17.499454 -8.977604
v 1.3400445 -17.654371 -9.081125
v 1.8424829 -17.83711 -9.117472
v 1.3400445 -17.83711 -9.117472
v 1.8424829 -18.019848 -9.081125
v 1.3400445 -18.019848 -9.081125
v 1.8424829 -18.174767 -8.977604
v 1.3400445 -18.174767 -8.977604
v 1.8424829 -18.27828 -8.822691
v 1.8424829 -18.174767 -8.977604
v 1.3400445 -18.174767 -8.977604
v 1.3400445 -18.27828 -8.822691
v 1.8424829 -18.314629 -8.6399555
v 1.3400445 -18.314629 -8.6399555
v 1.8424829 -18.27828 -8.45722
v 1.3400445 -18.27828 -8.45722
v 1.8424829 -18.174767 -8.302296
v 1.3400445 -18.174767 -8.302296
v 0.78451496 -17.305283 -8.641553
v -0.78453267 -17.305283 -8.641553
v -0.78453237 -17.717594 -8.670532
v 0.78451514 -17.717594 -8.670532
v -0.78453237 -17.705086 -6.959057
v -0.78453237 -17.717594 -7.1877475
v -0.78453237 -17.717594 -8.670532
v -0.78453267 -17.305283 -8.641553
v -0.78453237 -17.670912 -6.6975474
v -0.78453255 -17.62423 -6.473291
v -0.78453267 -17.305283 -5.2737827
v 0.78451496 -17.305283 -8.641553
v 0.78451514 -17.717594 -8.670532
v 0.78451514 -17.717594 -7.1877475
v 0.78451514 -17.705086 -6.959057
v 0.78451514 -17.670912 -6.6975474
v 0.78451514 -17.62423 -6.473291
v 0.78451496 -17.305283 -5.2737827
v 0.78451496 -17.305283 -5.2737827
v -0.78453255 -17.62423 -6.473291
v -0.78453267 -17.305283 -5.2737827
v 0.78451514 -17.62423 -6.473291
v -0.78453237 -17.670912 -6.6975474
v 0.78451514 -17.670912 -6.6975474
v -0.78453237 -17.705086 -6.959057
v 0.78451514 -17.705086 -6.959057
v -0.78453237 -17.717594 -7.1877475
v 0.78451514 -17.717594 -7.1877475
v -0.78453237 -17.717594 -8.670532
v 0.78451514 -17.717594 -8.670532
v 0.78451496 -17.305283 -8.641553
v 0.78451496 -17.305283 -5.2737827
v -0.78453267 -17.305283 -5.2737827
v -0.78453267 -17.305283 -8.641553
v -15.257012 10.781012 -9.038639
v -15.346368 10.781011 0.95638776
v -15.346368 -10.78114 0.95638776
v -15.257012 -10.781138 -9.038639
v 10.426948 -14.7559 -9.038639
v 10.337595 -14.755903 0.95638776
v -10.5257015 -14.751834 0.95638776
v -10.436347 -14.751833 -9.038639
v 15.253376 -10.79129 -9.038639
v 15.1640215 -10.791292 0.95638776
v 15.1640215 10.791157 0.95638776
v 15.253376 10.791159 -9.038639
v 10.781357 15.257234 -9.038639
v 10.692003 15.257231 0.95638776
v -10.870141 15.257231 0.95638776
v -10.780786 15.257234 -9.038639
v -14.755641 10.426697 -9.038639
v -14.844995 10.426695 0.95638776
v -10.515884 14.755801 0.95638776
v -10.426531 14.755803 -9.038639
v 10.781357 -15.257364 -9.038639
v 10.692003 -15.257365 0.95638776
v 15.1640215 -10.791292 0.95638776
v 15.253376 -10.79129 -9.038639
v -10.436347 -14.751833 -9.038639
v -10.5257015 -14.751834 0.95638776
v -14.844995 -10.426792 0.95638776
v -14.755641 -10.42679 -9.038639
v 14.751993 10.436511 -9.038639
v 14.662639 10.436508 0.95638776
v 14.662639 -10.436608 0.95638776
v 14.751993 -10.436607 -9.038639
v -15.257012 -10.781138 -9.038639
v -15.346368 -10.78114 0.95638776
v -10.88029 -15.253163 0.95638776
v -10.790937 -15.253162 -9.038639
v -10.426531 14.755803 -9.038639
v -10.515884 14.755801 0.95638776
v 10.337595 14.755801 0.95638776
v 10.426948 14.755803 -9.038639
v -14.755641 -10.42679 -9.038639
v -14.844995 -10.426792 0.95638776
v -14.844995 10.426695 0.95638776
v -14.755641 10.426697 -9.038639
v -10.780786 15.257234 -9.038639
v -10.870141 15.257231 0.95638776
v -15.346368 10.781011 0.95638776
v -15.257012 10.781012 -9.038639
v 10.426948 14.755803 -9.038639
v 10.337595 14.755801 0.95638776
v 14.662639 10.436508 0.95638776
v 14.751993 10.436511 -9.038639
v 15.253376 10.791159 -9.038639
v 15.1640215 10.791157 0.95638776
v 10.692003 15.257231 0.95638776
v 10.781357 15.257234 -9.038639
v -10.790937 -15.253162 -9.038639
v -10.88029 -15.253163 0.95638776
v 10.692003 -15.257365 0.95638776
v 10.781357 -15.257364 -9.038639
v 14.751993 -10.436607 -9.038639
v 14.662639 -10.436608 0.95638776
v 10.337595 -14.755903 0.95638776
v 10.426948 -14.7559 -9.038639
v -13.507153 16.406858 1.4234129
v -12.623588 17.127632 1.5384867
v -12.451355 16.711626 1.9544318
v -13.619407 16.678009 1.1522671
v -16.711628 12.451357 1.9544318
v -16.678009 13.619408 1.1522671
v -17.127632 12.623589 1.5384867
v -16.406858 13.507154 1.4234123
v -16.406858 -13.507154 1.4234132
v -17.127632 -12.623589 1.5384867
v -16.711626 -12.451356 1.9544318
v -16.678009 -13.619408 1.1522676
v -12.451357 -16.711628 1.9544318
v -13.619408 -16.678009 1.1522677
v -12.623589 -17.127632 1.5384867
v -13.507154 -16.406858 1.4234129
v 16.406853 13.507154 1.4234132
v 17.127626 12.623589 1.5384867
v 16.71162 12.451356 1.9544318
v 16.678003 13.619408 1.1522679
v 12.451351 16.711628 1.9544318
v 13.619402 16.678009 1.152268
v 12.623583 17.127632 1.5384867
v 13.507148 16.406858 1.4234134
v 13.507148 -16.406858 1.4234128
v 12.623583 -17.127632 1.5384867
v 12.451351 -16.711626 1.9544318
v 13.619402 -16.678009 1.1522676
v 16.711622 -12.451356 1.9544318
v 16.678003 -13.619409 1.1522675
v 17.127625 -12.623589 1.5384867
v 16.406849 -13.507154 1.4234142
v -13.4334345 16.332235 -8.870928
v -12.624046 17.127174 -8.870959
v -12.623951 17.127268 -6.417584
v -13.426115 16.325102 -6.417516
v -16.332233 -13.4334345 -8.870928
v -17.127172 -12.624046 -8.870959
v -17.127268 -12.623951 -6.417584
v -16.325102 -13.426118 -6.417516
v 13.43343 -16.332232 -8.870928
v 12.624041 -17.12717 -8.870959
v 12.623945 -17.127268 -6.417584
v 13.42611 -16.325102 -6.417516
v 16.332228 13.4334345 -8.870928
v 17.127167 12.624046 -8.870959
v 17.127262 12.623951 -6.417584
v 16.325096 13.426115 -6.417516
v 16.325096 -13.426118 -6.417516
v 17.127262 -12.623951 -6.417584
v 17.127167 -12.624046 -8.870959
v 16.332228 -13.4334345 -8.870928
v -16.325102 13.426115 -6.417516
v -17.127268 12.623951 -6.417584
v -17.127172 12.624046 -8.870959
v -16.332233 13.4334345 -8.870928
v -13.426115 -16.325102 -6.417516
v -12.623951 -17.127268 -6.417584
v -12.624046 -17.12717 -8.870959
v -13.4334345 -16.332232 -8.870928
v 13.42611 16.325102 -6.417516
v 12.623945 17.127268 -6.417584
v 12.624041 17.127174 -8.870959
v 13.43343 16.332235 -8.870928
v -13.426115 16.325102 -6.417516
v -12.623951 17.127268 -6.417584
v -12.623588 17.127632 1.5384867
v -13.507153 16.406858 1.4234129
v -16.325102 -13.426118 -6.417516
v -17.127268 -12.623951 -6.417584
v -17.127632 -12.623589 1.5384867
v -16.406858 -13.507154 1.4234132
v 13.42611 -16.325102 -6.417516
v 12.623945 -17.127268 -6.417584
v 12.623583 -17.127632 1.5384867
v 13.507148 -16.406858 1.4234128
v 16.325096 13.426115 -6.417516
v 17.127262 12.623951 -6.417584
v 17.127626 12.623589 1.5384867
v 16.406853 13.507154 1.4234132
v 16.406849 -13.507154 1.4234142
v 17.127625 -12.623589 1.5384867
v 17.127262 -12.623951 -6.417584
v 16.325096 -13.426118 -6.417516
v -16.406858 13.507154 1.4234123
v -17.127632 12.623589 1.5384867
v -17.127268 12.623951 -6.417584
v -16.325102 13.426115 -6.417516
v -13.507154 -16.406858 1.4234129
v -12.623589 -17.127632 1.5384867
v -12.623951 -17.127268 -6.417584
v -13.426115 -16.325102 -6.417516
v 13.507148 16.406858 1.4234134
v 12.623583 17.127632 1.5384867
v 12.623945 17.127268 -6.417584
v 13.42611 16.325102 -6.417516
v -12.226985 15.215338 1.1778488
v -10.659918 15.235571 1.4277651
v -11.466321 14.437622 1.4336665
v -12.198129 16.808216 0.9251549
v -15.215338 12.226987 1.1778488
v -16.808214 12.1981325 0.9251549
v -14.437623 11.466326 1.4336662
v -15.235572 10.659922 1.4277651
v -15.2153425 -12.226986 1.177858
v -15.235576 -10.659921 1.4277651
v -14.437626 -11.466323 1.4336652
v -16.808222 -12.198129 0.9251669
v -12.226988 -15.215338 1.1778388
v -12.198133 -16.808214 0.925143
v -11.466319 -14.437619 1.4336675
v -10.659916 -15.235568 1.4277651
v 15.21533 12.226986 1.1778486
v 15.235565 10.659922 1.4277651
v 14.437615 11.466327 1.4336659
v 16.808212 12.198127 0.9251549
v 12.226982 15.215338 1.1778486
v 12.198125 16.808216 0.9251549
v 11.466318 14.437619 1.4336662
v 10.659914 15.23557 1.4277651
v 12.226979 -15.215338 1.1778467
v 10.659912 -15.235572 1.4277651
v 11.466315 -14.437623 1.4336671
v 12.198125 -16.808216 0.9251549
v 15.215334 -12.226987 1.1778566
v 16.808214 -12.19813 0.9251669
v 14.437614 -11.466324 1.4336654
v 15.235563 -10.659921 1.4277651
v -11.524913 14.354137 -6.4102902
v -10.722741 15.156295 -6.417584
v -10.722828 15.156202 -8.870983
v -11.532218 14.361262 -8.870954
v -14.354137 -11.524913 -6.4102902
v -15.156199 -10.722827 -8.870983
v -14.36126 -11.532215 -8.870954
v -15.156296 -10.722741 -6.417584
v -14.437626 -11.466323 1.4336652
v -15.235576 -10.659921 1.4277651
v 11.524907 -14.354137 -6.41029
v 10.722823 -15.156198 -8.870983
v 11.532211 -14.361257 -8.870953
v 10.722734 -15.156295 -6.417584
v 11.466315 -14.437623 1.4336671
v 10.659912 -15.235572 1.4277651
v 14.354133 11.524913 -6.4102902
v 15.156195 10.722828 -8.870983
v 14.361255 11.532218 -8.870954
v 15.15629 10.722741 -6.417584
v 14.437615 11.466327 1.4336659
v 15.235565 10.659922 1.4277651
v 14.361255 -11.532215 -8.870954
v 15.156195 -10.722827 -8.870983
v 15.15629 -10.722741 -6.417584
v 14.354133 -11.524913 -6.4102902
v 15.235563 -10.659921 1.4277651
v 14.437614 -11.466324 1.4336654
v -14.36126 11.532218 -8.870954
v -15.156199 10.722828 -8.870983
v -15.156296 10.722741 -6.417584
v -14.354139 11.524913 -6.4102902
v -15.235572 10.659922 1.4277651
v -14.437623 11.466326 1.4336662
v -11.532218 -14.361257 -8.870953
v -10.722828 -15.156198 -8.870983
v -10.722741 -15.156295 -6.417584
v -11.524913 -14.354137 -6.41029
v -10.659916 -15.235568 1.4277651
v -11.466319 -14.437619 1.4336675
v 11.532211 14.36126 -8.870954
v 10.722823 15.156199 -8.870983
v 10.722734 15.156295 -6.417584
v 11.524907 14.354137 -6.4102902
v 10.659914 15.23557 1.4277651
v 11.466318 14.437619 1.4336662
v -11.466321 14.437622 1.4336665
v -10.659918 15.235571 1.4277651
v -10.722741 15.156295 -6.417584
v -11.524913 14.354137 -6.4102902
v -16.332233 13.4334345 -8.870928
v -17.127172 12.624046 -8.870959
v -15.156199 10.722828 -8.870983
v -14.36126 11.532218 -8.870954
v -11.532218 14.361262 -8.870954
v -10.722828 15.156202 -8.870983
v -12.624046 17.127174 -8.870959
v -13.4334345 16.332235 -8.870928
v -13.4334345 -16.332232 -8.870928
v -12.624046 -17.12717 -8.870959
v -10.722828 -15.156198 -8.870983
v -11.532218 -14.361257 -8.870953
v -14.36126 -11.532215 -8.870954
v -15.156199 -10.722827 -8.870983
v -17.127172 -12.624046 -8.870959
v -16.332233 -13.4334345 -8.870928
v 13.43343 16.332235 -8.870928
v 12.624041 17.127174 -8.870959
v 10.722823 15.156199 -8.870983
v 11.532211 14.36126 -8.870954
v 14.361255 11.532218 -8.870954
v 15.156195 10.722828 -8.870983
v 17.127167 12.624046 -8.870959
v 16.332228 13.4334345 -8.870928
v 16.332228 -13.4334345 -8.870928
v 17.127167 -12.624046 -8.870959
v 15.156195 -10.722827 -8.870983
v 14.361255 -11.532215 -8.870954
v 11.532211 -14.361257 -8.870953
v 10.722823 -15.156198 -8.870983
v 12.624041 -17.12717 -8.870959
v 13.43343 -16.332232 -8.870928
v -13.495681 -16.554283 0.97731537
v -13.540371 -16.440075 1.1804757
v -16.440075 -13.540371 1.1804762
v -16.554281 -13.495681 0.9773152
v 13.495675 16.554283 0.97731566
v 13.540364 16.440075 1.1804763
v 16.440067 13.540371 1.1804762
v 16.554274 13.495681 0.9773155
v 16.554274 -13.495681 0.97731495
v 16.440065 -13.540371 1.1804773
v 13.540364 -16.440075 1.1804757
v 13.495675 -16.554281 0.9773151
v -13.601078 -16.500065 -6.4188175
v -16.440075 -13.540371 1.1804762
v -13.540371 -16.440075 1.1804757
v -16.500065 -13.60108 -6.4188175
v -13.558127 -16.456923 -9.044506
v -16.456923 -13.558127 -9.044506
v 16.50006 -13.60108 -6.4188175
v 13.540364 -16.440075 1.1804757
v 16.440065 -13.540371 1.1804773
v 13.601071 -16.500065 -6.4188175
v 16.456919 -13.558127 -9.044506
v 13.55812 -16.456923 -9.044506
v 13.601071 16.500065 -6.4188175
v 16.50006 13.601078 -6.4188175
v 16.440067 13.540371 1.1804762
v 13.540364 16.440075 1.1804763
v -13.601078 16.500065 -6.4188175
v -16.456923 13.558127 -9.044506
v -13.558127 16.456926 -9.044506
v -16.500065 13.601078 -6.4188175
v -13.540368 16.440075 1.1804758
v -16.440075 13.540371 1.1804752
v -16.554283 13.495681 0.97731483
v -16.440075 13.540371 1.1804752
v -13.540368 16.440075 1.1804758
v -13.495678 16.554281 0.97731483
v 13.55812 16.456926 -9.044506
v 16.456919 13.558127 -9.044506
v 16.50006 13.601078 -6.4188175
v 13.601071 16.500065 -6.4188175
v -12.267042 -15.255391 1.418705
v -15.255395 -12.267039 1.4187241
v -14.330446 -11.359145 1.6292413
v -11.359139 -14.33044 1.6292433
v 12.267035 15.255391 1.4187148
v 15.255385 12.267039 1.4187148
v 14.330437 11.359145 1.629242
v 11.359138 14.3304405 1.6292422
v 15.255386 -12.267041 1.4187226
v 12.267033 -15.255391 1.4187129
v 11.359136 -14.330442 1.6292428
v 14.330434 -11.359145 1.6292413
v -11.349949 -14.179173 -6.410521
v -11.359139 -14.33044 1.6292433
v -14.330446 -11.359145 1.6292413
v -14.179173 -11.349949 -6.4105215
v -11.40946 -14.238501 -9.047265
v -14.238503 -11.409459 -9.047266
v 14.179169 -11.349949 -6.4105215
v 14.330434 -11.359145 1.6292413
v 11.359136 -14.330442 1.6292428
v 11.349942 -14.179173 -6.410521
v 11.349942 14.179173 -6.4105215
v 11.359138 14.3304405 1.6292422
v 14.330437 11.359145 1.629242
v 14.179169 11.349949 -6.4105215
v 11.409454 14.238503 -9.047266
v 14.238497 11.40946 -9.047266
v -11.349949 14.179173 -6.4105215
v -11.40946 14.238505 -9.047266
v -14.238503 11.40946 -9.047266
v -14.179174 11.349949 -6.4105215
v -11.359141 14.330441 1.6292425
v -14.330442 11.359145 1.6292422
v -15.255391 12.267041 1.418715
v -12.267039 15.255391 1.418715
v -11.359141 14.330441 1.6292425
v -14.330442 11.359145 1.6292422
v 14.238497 -11.409459 -9.047266
v 14.179169 -11.349949 -6.4105215
v 11.349942 -14.179173 -6.410521
v 11.409454 -14.238501 -9.047265
v -13.558127 -16.456923 -9.044506
v -11.40946 -14.238501 -9.047265
v -14.238503 -11.409459 -9.047266
v -16.456923 -13.558127 -9.044506
v 16.456919 -13.558127 -9.044506
v 14.238497 -11.409459 -9.047266
v 11.409454 -14.238501 -9.047265
v 13.55812 -16.456923 -9.044506
v -16.456923 13.558127 -9.044506
v -14.238503 11.40946 -9.047266
v -11.40946 14.238505 -9.047266
v -13.558127 16.456926 -9.044506
v 13.55812 16.456926 -9.044506
v 11.409454 14.238503 -9.047266
v 14.238497 11.40946 -9.047266
v 16.456919 13.558127 -9.044506
v -13.507154 -16.406858 1.4234129
v -13.540371 -16.440075 1.1804757
v -13.495681 -16.554283 0.97731537
v -13.619408 -16.678009 1.1522677
v -15.215338 12.226987 1.1778488
v -15.255391 12.267041 1.418715
v -14.330442 11.359145 1.6292422
v -14.437623 11.466326 1.4336662
v -14.179174 11.349949 -6.4105215
v -14.354139 11.524913 -6.4102902
v -14.238503 11.40946 -9.047266
v -14.36126 11.532218 -8.870954
v 16.406849 -13.507154 1.4234142
v 16.440065 -13.540371 1.1804773
v 16.554274 -13.495681 0.97731495
v 16.678003 -13.619409 1.1522675
v -12.226988 -15.215338 1.1778388
v -12.267042 -15.255391 1.418705
v -11.359139 -14.33044 1.6292433
v -11.466319 -14.437619 1.4336675
v -11.349949 -14.179173 -6.410521
v -11.524913 -14.354137 -6.41029
v -11.40946 -14.238501 -9.047265
v -11.532218 -14.361257 -8.870953
v 16.332228 -13.4334345 -8.870928
v 16.456919 -13.558127 -9.044506
v 16.50006 -13.60108 -6.4188175
v 16.325096 -13.426118 -6.417516
v 15.215334 -12.226987 1.1778566
v 15.255386 -12.267041 1.4187226
v 14.330434 -11.359145 1.6292413
v 14.437614 -11.466324 1.4336654
v -16.332233 13.4334345 -8.870928
v -16.456923 13.558127 -9.044506
v -16.500065 13.601078 -6.4188175
v -16.325102 13.426115 -6.417516
v 14.354133 -11.524913 -6.4102902
v 14.238497 -11.409459 -9.047266
v 14.361255 -11.532215 -8.870954
v 14.179169 -11.349949 -6.4105215
v 14.437614 -11.466324 1.4336654
v 14.330434 -11.359145 1.6292413
v -13.4334345 -16.332232 -8.870928
v -13.558127 -16.456923 -9.044506
v -13.601078 -16.500065 -6.4188175
v -13.426115 -16.325102 -6.417516
v 13.43343 16.332235 -8.870928
v 13.55812 16.456926 -9.044506
v 13.601071 16.500065 -6.4188175
v 13.42611 16.325102 -6.417516
v -13.507153 16.406858 1.4234129
v -13.540368 16.440075 1.1804758
v -13.601078 16.500065 -6.4188175
v -13.426115 16.325102 -6.417516
v 11.524907 14.354137 -6.4102902
v 11.349942 14.179173 -6.4105215
v 11.409454 14.238503 -9.047266
v 11.532211 14.36126 -8.870954
v -16.406858 -13.507154 1.4234132
v -16.440075 -13.540371 1.1804762
v -16.500065 -13.60108 -6.4188175
v -16.325102 -13.426118 -6.417516
v 13.507148 -16.406858 1.4234128
v 13.540364 -16.440075 1.1804757
v 13.601071 -16.500065 -6.4188175
v 13.42611 -16.325102 -6.417516
v 16.406853 13.507154 1.4234132
v 16.440067 13.540371 1.1804762
v 16.50006 13.601078 -6.4188175
v 16.325096 13.426115 -6.417516
v 16.325096 -13.426118 -6.417516
v 16.50006 -13.60108 -6.4188175
v 16.440065 -13.540371 1.1804773
v 16.406849 -13.507154 1.4234142
v -16.325102 13.426115 -6.417516
v -16.500065 13.601078 -6.4188175
v -16.440075 13.540371 1.1804752
v -16.406858 13.507154 1.4234123
v -13.426115 -16.325102 -6.417516
v -13.601078 -16.500065 -6.4188175
v -13.540371 -16.440075 1.1804757
v -13.507154 -16.406858 1.4234129
v -13.619407 16.678009 1.1522671
v -13.495678 16.554281 0.97731483
v -13.540368 16.440075 1.1804758
v -13.507153 16.406858 1.4234129
v 13.42611 16.325102 -6.417516
v 13.601071 16.500065 -6.4188175
v 13.540364 16.440075 1.1804763
v 13.507148 16.406858 1.4234134
v -16.678009 13.619408 1.1522671
v -16.554283 13.495681 0.97731483
v -13.495678 16.554281 0.97731483
v -13.619407 16.678009 1.1522671
v -16.678009 -13.619408 1.1522676
v -16.554281 -13.495681 0.9773152
v -16.440075 -13.540371 1.1804762
v -16.406858 -13.507154 1.4234132
v -12.226985 15.215338 1.1778488
v -12.267039 15.255391 1.418715
v -15.255391 12.267041 1.418715
v -15.215338 12.226987 1.1778488
v -13.619408 -16.678009 1.1522677
v -13.495681 -16.554283 0.97731537
v -16.554281 -13.495681 0.9773152
v -16.678009 -13.619408 1.1522676
v -14.36126 11.532218 -8.870954
v -14.238503 11.40946 -9.047266
v -16.456923 13.558127 -9.044506
v -16.332233 13.4334345 -8.870928
v 12.244513 17.089016 -1.6416557
v -12.244517 17.089016 -1.6416558
v -12.243893 17.089016 0.8832306
v 12.243885 17.089016 0.88323075
v -12.244517 -17.089016 -1.6416557
v 12.244512 -17.089016 -1.6416558
v 12.243886 -17.089016 0.8832306
v -12.243893 -17.089016 0.88323075
v -17.107588 12.176849 -1.6416557
v -17.107588 -12.176847 -1.6416557
v -17.107588 -12.176227 0.88323075
v -17.107588 12.176228 0.88323075
v 17.107582 -12.176847 -1.6416557
v 17.107582 12.176847 -1.6416558
v 17.107582 12.176228 0.8832306
v 17.107582 -12.176227 0.88323075
v 12.1754 17.577644 -1.5751846
v 12.174785 17.577662 0.8167338
v -12.174792 17.577662 0.8167336
v -12.175405 17.577644 -1.5751847
v -12.175406 -17.577644 -1.5751846
v -12.174792 -17.577662 0.8167338
v 12.174787 -17.577662 0.8167336
v 12.1754 -17.577644 -1.5751847
v -17.59675 12.10812 -1.5751846
v -17.596766 12.107509 0.8167338
v -17.596766 -12.107507 0.8167338
v -17.59675 -12.108119 -1.5751846
v 17.596745 -12.108119 -1.5751846
v 17.59676 -12.107507 0.8167338
v 17.59676 12.10751 0.8167336
v 17.596745 12.108119 -1.5751847
v -17.107588 12.176228 0.88323075
v -17.107588 -12.176227 0.88323075
v -17.596766 -12.107507 0.8167338
v -17.596766 12.107509 0.8167338
v 17.107582 12.176228 0.8832306
v 17.107582 12.176847 -1.6416558
v 17.596745 12.108119 -1.5751847
v 17.59676 12.10751 0.8167336
v -12.244517 17.089016 -1.6416558
v 12.244513 17.089016 -1.6416557
v 12.1754 17.577644 -1.5751846
v -12.175405 17.577644 -1.5751847
v 17.107582 -12.176227 0.88323075
v 17.107582 12.176228 0.8832306
v 17.59676 12.10751 0.8167336
v 17.59676 -12.107507 0.8167338
v -12.244517 -17.089016 -1.6416557
v -12.243893 -17.089016 0.88323075
v -12.174792 -17.577662 0.8167338
v -12.175406 -17.577644 -1.5751846
v 17.107582 12.176847 -1.6416558
v 17.107582 -12.176847 -1.6416557
v 17.596745 -12.108119 -1.5751846
v 17.596745 12.108119 -1.5751847
v 12.244513 17.089016 -1.6416557
v 12.243885 17.089016 0.88323075
v 12.174785 17.577662 0.8167338
v 12.1754 17.577644 -1.5751846
v 12.244512 -17.089016 -1.6416558
v -12.244517 -17.089016 -1.6416557
v -12.175406 -17.577644 -1.5751846
v 12.1754 -17.577644 -1.5751847
v -17.107588 12.176849 -1.6416557
v -17.107588 12.176228 0.88323075
v -17.596766 12.107509 0.8167338
v -17.59675 12.10812 -1.5751846
v -17.107588 -12.176847 -1.6416557
v -17.107588 12.176849 -1.6416557
v -17.59675 12.10812 -1.5751846
v -17.59675 -12.108119 -1.5751846
v 17.107582 -12.176847 -1.6416557
v 17.107582 -12.176227 0.88323075
v 17.59676 -12.107507 0.8167338
v 17.596745 -12.108119 -1.5751846
v -12.243893 17.089016 0.8832306
v -12.244517 17.089016 -1.6416558
v -12.175405 17.577644 -1.5751847
v -12.174792 17.577662 0.8167336
v 12.243885 17.089016 0.88323075
v -12.243893 17.089016 0.8832306
v -12.174792 17.577662 0.8167336
v 12.174785 17.577662 0.8167338
v 12.243886 -17.089016 0.8832306
v 12.244512 -17.089016 -1.6416558
v 12.1754 -17.577644 -1.5751847
v 12.174787 -17.577662 0.8167336
v -12.243893 -17.089016 0.88323075
v 12.243886 -17.089016 0.8832306
v 12.174787 -17.577662 0.8167336
v -12.174792 -17.577662 0.8167338
v -17.107588 -12.176227 0.88323075
v -17.107588 -12.176847 -1.6416557
v -17.59675 -12.108119 -1.5751846
v -17.596766 -12.107507 0.8167338
v 12.244513 17.089016 -7.40224
v 12.243885 17.089016 -8.823146
v -12.243893 17.089016 -8.823146
v -12.244517 17.089016 -7.40224
v -12.244517 -17.089016 -7.653724
v -12.243893 -17.089016 -9.074631
v 12.243886 -17.089016 -9.074631
v 12.244512 -17.089016 -7.653724
v -17.107588 12.176849 -7.40224
v -17.107588 12.176228 -8.823146
v -17.107588 -12.176227 -8.823146
v -17.107588 -12.176847 -7.40224
v 17.107582 -12.176847 -7.40224
v 17.107582 -12.176227 -8.823146
v 17.107582 12.176228 -8.823146
v 17.107582 12.176847 -7.40224
v 12.1754 17.577644 -7.4396462
v -12.175405 17.577644 -7.4396462
v -12.174792 17.577662 -8.785724
v 12.174785 17.577662 -8.785724
v -12.175406 -17.577644 -7.6911316
v 12.1754 -17.577644 -7.6911316
v 12.174787 -17.577662 -9.037208
v -12.174792 -17.577662 -9.037208
v -17.59675 12.10812 -7.4396462
v -17.59675 -12.108119 -7.4396462
v -17.596766 -12.107507 -8.785724
v -17.596766 12.107509 -8.785724
v 17.596745 -12.108119 -7.4396462
v 17.596745 12.108119 -7.4396462
v 17.59676 12.10751 -8.785724
v 17.59676 -12.107507 -8.785724
v -17.107588 12.176228 -8.823146
v -17.596766 12.107509 -8.785724
v -17.596766 -12.107507 -8.785724
v -17.107588 -12.176227 -8.823146
v 17.107582 12.176228 -8.823146
v 17.59676 12.10751 -8.785724
v 17.596745 12.108119 -7.4396462
v 17.107582 12.176847 -7.40224
v -12.244517 17.089016 -7.40224
v -12.175405 17.577644 -7.4396462
v 12.1754 17.577644 -7.4396462
v 12.244513 17.089016 -7.40224
v 17.107582 -12.176227 -8.823146
v 17.59676 -12.107507 -8.785724
v 17.59676 12.10751 -8.785724
v 17.107582 12.176228 -8.823146
v -12.244517 -17.089016 -7.653724
v -12.175406 -17.577644 -7.6911316
v -12.174792 -17.577662 -9.037208
v -12.243893 -17.089016 -9.074631
v 17.107582 12.176847 -7.40224
v 17.596745 12.108119 -7.4396462
v 17.596745 -12.108119 -7.4396462
v 17.107582 -12.176847 -7.40224
v 12.244513 17.089016 -7.40224
v 12.1754 17.577644 -7.4396462
v 12.174785 17.577662 -8.785724
v 12.243885 17.089016 -8.823146
v 12.244512 -17.089016 -7.653724
v 12.1754 -17.577644 -7.6911316
v -12.175406 -17.577644 -7.6911316
v -12.244517 -17.089016 -7.653724
v -17.107588 12.176849 -7.40224
v -17.59675 12.10812 -7.4396462
v -17.596766 12.107509 -8.785724
v -17.107588 12.176228 -8.823146
v -17.107588 -12.176847 -7.40224
v -17.59675 -12.108119 -7.4396462
v -17.59675 12.10812 -7.4396462
v -17.107588 12.176849 -7.40224
v 17.107582 -12.176847 -7.40224
v 17.596745 -12.108119 -7.4396462
v 17.59676 -12.107507 -8.785724
v 17.107582 -12.176227 -8.823146
v -12.243893 17.089016 -8.823146
v -12.174792 17.577662 -8.785724
v -12.175405 17.577644 -7.4396462
v -12.244517 17.089016 -7.40224
v 12.243885 17.089016 -8.823146
v 12.174785 17.577662 -8.785724
v -12.174792 17.577662 -8.785724
v -12.243893 17.089016 -8.823146
v 12.243886 -17.089016 -9.074631
v 12.174787 -17.577662 -9.037208
v 12.1754 -17.577644 -7.6911316
v 12.244512 -17.089016 -7.653724
v -12.243893 -17.089016 -9.074631
v -12.174792 -17.577662 -9.037208
v 12.174787 -17.577662 -9.037208
v 12.243886 -17.089016 -9.074631
v -17.107588 -12.176227 -8.823146
v -17.596766 -12.107507 -8.785724
v -17.59675 -12.108119 -7.4396462
v -17.107588 -12.176847 -7.40224
v 17.821983 13.278653 2.8595233
v 18.234768 12.2821045 2.8595233
v 18.234768 -12.2821045 2.8595233
v 17.821983 -13.278653 2.8595233
v 13.278648 17.82199 2.8595233
v 13.278648 -17.82199 2.8595233
v 12.282097 18.234774 2.8595233
v 12.282097 -18.234774 2.8595233
v -12.282103 18.234774 2.8595233
v -12.2821045 -18.234774 2.8595233
v -13.278653 17.82199 2.8595233
v -13.278656 -17.82199 2.8595233
v -17.82199 13.278656 2.8595233
v -17.82199 -13.278653 2.8595233
v -18.234774 12.2821045 2.8595233
v -18.234774 -12.2821045 2.8595233
v 17.821983 -13.278653 1.9937435
v 18.234768 -12.2821045 1.9937435
v 18.234768 12.2821045 1.9937435
v 17.821983 13.278653 1.9937435
v 13.278648 -17.82199 1.9937435
v 13.278648 17.82199 1.9937435
v 12.282097 -18.234774 1.9937435
v 12.282097 18.234774 1.9937435
v -12.2821045 -18.234774 1.9937435
v -12.282103 18.234774 1.9937435
v -13.278653 17.82199 1.9937435
v -13.278656 -17.82199 1.9937435
v -17.82199 13.278656 1.9937435
v -17.82199 -13.278653 1.9937435
v -18.234774 -12.2821045 1.9937435
v -18.234774 12.2821045 1.9937435
v 13.278648 17.82199 2.8595233
v 12.282097 18.234774 1.9937435
v 13.278648 17.82199 1.9937435
v 12.282097 18.234774 2.8595233
v -12.282103 18.234774 1.9937435
v -12.282103 18.234774 2.8595233
v -13.278653 17.82199 1.9937435
v -13.278653 17.82199 2.8595233
v -17.82199 13.278656 1.9937435
v -17.82199 13.278656 2.8595233
v 18.234768 12.2821045 2.8595233
v 17.821983 13.278653 2.8595233
v 17.821983 13.278653 1.9937435
v 18.234768 12.2821045 1.9937435
v 18.234768 -12.2821045 2.8595233
v 18.234768 -12.2821045 1.9937435
v 17.821983 -13.278653 2.8595233
v 17.821983 -13.278653 1.9937435
v 17.821983 13.278653 2.8595233
v 13.278648 17.82199 1.9937435
v 13.278648 17.82199 2.8595233
v -17.82199 13.278656 2.8595233
v -18.234774 12.2821045 1.9937435
v -17.82199 13.278656 1.9937435
v -18.234774 12.2821045 2.8595233
v -18.234774 -12.2821045 1.9937435
v -18.234774 -12.2821045 2.8595233
v -17.82199 -13.278653 1.9937435
v -17.82199 -13.278653 2.8595233
v -13.278656 -17.82199 1.9937435
v -13.278656 -17.82199 2.8595233
v -13.278656 -17.82199 2.8595233
v -12.2821045 -18.234774 1.9937435
v -13.278656 -17.82199 1.9937435
v -12.2821045 -18.234774 2.8595233
v 12.282097 -18.234774 1.9937435
v 12.282097 -18.234774 2.8595233
v 13.278648 -17.82199 1.9937435
v 13.278648 -17.82199 2.8595233
v 13.278648 -17.82199 2.8595233
v 17.821983 -13.278653 2.8595233
v 17.821983 -13.278653 1.9937435
v 13.278648 -17.82199 1.9937435
v -4.109578 17.563257 1.3718976
v -5.890427 17.563257 1.3718976
v -5.890388 17.563257 -8.616998
v -4.109617 17.563257 -8.616998
v -4.109578 17.017885 1.3718976
v -4.109617 17.017885 -8.616998
v -5.890388 17.017885 -8.616998
v -5.890427 17.017885 1.3718976
v -5.890388 17.563257 -8.616998
v -5.890427 17.563257 1.3718976
v -5.890427 17.017885 1.3718976
v -5.890388 17.017885 -8.616998
v -4.109578 17.563257 1.3718976
v -4.109617 17.563257 -8.616998
v -4.109617 17.017885 -8.616998
v -4.109578 17.017885 1.3718976
v -5.890427 17.563257 1.3718976
v -4.109578 17.563257 1.3718976
v -4.109578 17.017885 1.3718976
v -5.890427 17.017885 1.3718976
v -4.109617 17.563257 -8.616998
v -5.890388 17.563257 -8.616998
v -5.890388 17.017885 -8.616998
v -4.109617 17.017885 -8.616998
v 5.8904214 17.563257 1.3718976
v 4.109573 17.563257 1.3718976
v 4.1096115 17.563257 -8.616998
v 5.890383 17.563257 -8.616998
v 5.8904214 17.017885 1.3718976
v 5.890383 17.017885 -8.616998
v 4.1096115 17.017885 -8.616998
v 4.109573 17.017885 1.3718976
v 4.1096115 17.563257 -8.616998
v 4.109573 17.563257 1.3718976
v 4.109573 17.017885 1.3718976
v 4.1096115 17.017885 -8.616998
v 5.8904214 17.563257 1.3718976
v 5.890383 17.563257 -8.616998
v 5.890383 17.017885 -8.616998
v 5.8904214 17.017885 1.3718976
v 4.109573 17.563257 1.3718976
v 5.8904214 17.563257 1.3718976
v 5.8904214 17.017885 1.3718976
v 4.109573 17.017885 1.3718976
v 5.890383 17.563257 -8.616998
v 4.1096115 17.563257 -8.616998
v 4.1096115 17.017885 -8.616998
v 5.890383 17.017885 -8.616998
v -17.563257 -4.109579 1.3718975
v -17.563257 -5.8904276 1.3718975
v -17.563257 -5.8903885 -8.616997
v -17.56326 -4.109618 -8.616997
v -17.017885 -4.109579 1.3718975
v -17.017885 -4.109618 -8.616997
v -17.017885 -5.8903885 -8.616997
v -17.017885 -5.8904276 1.3718975
v -17.563257 -5.8903885 -8.616997
v -17.563257 -5.8904276 1.3718975
v -17.017885 -5.8904276 1.3718975
v -17.017885 -5.8903885 -8.616997
v -17.563257 -4.109579 1.3718975
v -17.56326 -4.109618 -8.616997
v -17.017885 -4.109618 -8.616997
v -17.017885 -4.109579 1.3718975
v -17.563257 -5.8904276 1.3718975
v -17.563257 -4.109579 1.3718975
v -17.017885 -4.109579 1.3718975
v -17.017885 -5.8904276 1.3718975
v -17.56326 -4.109618 -8.616997
v -17.563257 -5.8903885 -8.616997
v -17.017885 -5.8903885 -8.616997
v -17.017885 -4.109618 -8.616997
v -17.563257 5.890421 1.3718975
v -17.563257 4.109572 1.3718975
v -17.563257 4.1096106 -8.616997
v -17.563257 5.890382 -8.616997
v -17.017885 5.890421 1.3718975
v -17.017885 5.890382 -8.616997
v -17.017885 4.1096106 -8.616997
v -17.017885 4.109572 1.3718975
v -17.563257 4.1096106 -8.616997
v -17.563257 4.109572 1.3718975
v -17.017885 4.109572 1.3718975
v -17.017885 4.1096106 -8.616997
v -17.563257 5.890421 1.3718975
v -17.563257 5.890382 -8.616997
v -17.017885 5.890382 -8.616997
v -17.017885 5.890421 1.3718975
v -17.563257 4.109572 1.3718975
v -17.563257 5.890421 1.3718975
v -17.017885 5.890421 1.3718975
v -17.017885 4.109572 1.3718975
v -17.563257 5.890382 -8.616997
v -17.563257 4.1096106 -8.616997
v -17.017885 4.1096106 -8.616997
v -17.017885 5.890382 -8.616997
v 4.109581 -17.563257 1.3718972
v 5.8904276 -17.563257 1.3718972
v 5.8903885 -17.563257 -8.616996
v 4.109618 -17.56326 -8.616996
v 4.109579 -17.017885 1.3718972
v 4.109618 -17.017885 -8.616996
v 5.8903904 -17.017885 -8.616996
v 5.890429 -17.017885 1.3718972
v 5.8903885 -17.563257 -8.616996
v 5.8904276 -17.563257 1.3718972
v 5.890429 -17.017885 1.3718972
v 5.8903904 -17.017885 -8.616996
v 4.109581 -17.563257 1.3718972
v 4.109618 -17.56326 -8.616996
v 4.109618 -17.017885 -8.616996
v 4.109579 -17.017885 1.3718972
v 5.8904276 -17.563257 1.3718972
v 4.109581 -17.563257 1.3718972
v 4.109579 -17.017885 1.3718972
v 5.890429 -17.017885 1.3718972
v 4.109618 -17.56326 -8.616996
v 5.8903885 -17.563257 -8.616996
v 5.8903904 -17.017885 -8.616996
v 4.109618 -17.017885 -8.616996
v -5.890421 -17.563257 1.3718972
v -4.109572 -17.563257 1.3718972
v -4.1096106 -17.563257 -8.616996
v -5.8903813 -17.56326 -8.616996
v -5.890421 -17.017885 1.3718972
v -5.8903813 -17.017885 -8.616996
v -4.109609 -17.017885 -8.616996
v -4.1095705 -17.017885 1.3718972
v -4.1096106 -17.563257 -8.616996
v -4.109572 -17.563257 1.3718972
v -4.1095705 -17.017885 1.3718972
v -4.109609 -17.017885 -8.616996
v -5.890421 -17.563257 1.3718972
v -5.8903813 -17.56326 -8.616996
v -5.8903813 -17.017885 -8.616996
v -5.890421 -17.017885 1.3718972
v -4.109572 -17.563257 1.3718972
v -5.890421 -17.563257 1.3718972
v -5.890421 -17.017885 1.3718972
v -4.1095705 -17.017885 1.3718972
v -5.8903813 -17.56326 -8.616996
v -4.1096106 -17.563257 -8.616996
v -4.109609 -17.017885 -8.616996
v -5.8903813 -17.017885 -8.616996
v 17.563257 4.109581 1.3718972
v 17.563257 5.8904276 1.3718972
v 17.563257 5.8903885 -8.616995
v 17.56326 4.109618 -8.616995
v 17.017885 4.109579 1.3718972
v 17.017885 4.109618 -8.616995
v 17.017885 5.8903904 -8.616995
v 17.017885 5.890429 1.3718972
v 17.563257 5.8903885 -8.616995
v 17.563257 5.8904276 1.3718972
v 17.017885 5.890429 1.3718972
v 17.017885 5.8903904 -8.616995
v 17.563257 4.109581 1.3718972
v 17.56326 4.109618 -8.616995
v 17.017885 4.109618 -8.616995
v 17.017885 4.109579 1.3718972
v 17.563257 5.8904276 1.3718972
v 17.563257 4.109581 1.3718972
v 17.017885 4.109579 1.3718972
v 17.017885 5.890429 1.3718972
v 17.56326 4.109618 -8.616995
v 17.563257 5.8903885 -8.616995
v 17.017885 5.8903904 -8.616995
v 17.017885 4.109618 -8.616995
v 17.56326 -5.89042 1.3718972
v 17.563257 -4.109572 1.3718972
v 17.563257 -4.1096106 -8.616995
v 17.56326 -5.89038 -8.616995
v 17.017885 -5.89042 1.3718972
v 17.017885 -5.89038 -8.616995
v 17.017885 -4.109609 -8.616995
v 17.017885 -4.1095705 1.3718972
v 17.563257 -4.1096106 -8.616995
v 17.563257 -4.109572 1.3718972
v 17.017885 -4.1095705 1.3718972
v 17.017885 -4.109609 -8.616995
v 17.56326 -5.89042 1.3718972
v 17.56326 -5.89038 -8.616995
v 17.017885 -5.89038 -8.616995
v 17.017885 -5.89042 1.3718972
v 17.563257 -4.109572 1.3718972
v 17.56326 -5.89042 1.3718972
v 17.017885 -5.89042 1.3718972
v 17.017885 -4.1095705 1.3718972
v 17.56326 -5.89038 -8.616995
v 17.563257 -4.1096106 -8.616995
v 17.017885 -4.109609 -8.616995
v 17.017885 -5.89038 -8.616995
v -10.5257015 -14.751834 0.95638776
v 10.692003 -15.257365 0.95638776
v -10.88029 -15.253163 0.95638776
v -15.346368 -10.78114 0.95638776
v 10.337595 -14.755903 0.95638776
v -14.844995 -10.426792 0.95638776
v -14.844995 10.426695 0.95638776
v -15.346368 10.781011 0.95638776
v -10.515884 14.755801 0.95638776
v -10.870141 15.257231 0.95638776
v 14.662639 -10.436608 0.95638776
v 15.1640215 -10.791292 0.95638776
v 10.337595 14.755801 0.95638776
v 10.692003 15.257231 0.95638776
v 15.1640215 10.791157 0.95638776
v 14.662639 10.436508 0.95638776
v -10.436347 -14.751833 -9.038639
v 10.781357 -15.257364 -9.038639
v 10.426948 -14.7559 -9.038639
v 14.751993 -10.436607 -9.038639
v -10.790937 -15.253162 -9.038639
v 15.253376 -10.79129 -9.038639
v -15.257012 -10.781138 -9.038639
v -14.755641 -10.42679 -9.038639
v -14.755641 10.426697 -9.038639
v -15.257012 10.781012 -9.038639
v -10.426531 14.755803 -9.038639
v -10.780786 15.257234 -9.038639
v 15.253376 10.791159 -9.038639
v 14.751993 10.436511 -9.038639
v 10.426948 14.755803 -9.038639
v 10.781357 15.257234 -9.038639
v 1.3400445 -18.217905 -8.6399555
v 1.3400445 -18.314629 -8.6399555
v 1.3400445 -18.27828 -8.822691
v 1.3400445 -18.188917 -8.785677
v 1.3400445 -18.188917 -8.494234
v 1.3400445 -18.174767 -8.977604
v 1.3400445 -18.27828 -8.45722
v 1.3400445 -18.106373 -8.909225
v 1.3400445 -18.106373 -8.370686
v 1.3400445 -18.019848 -9.081125
v 1.3400445 -18.174767 -8.302296
v 1.3400445 -17.982834 -8.991766
v 1.3400445 -17.982834 -8.288145
v 1.3400445 -17.83711 -9.117472
v 1.3400445 -18.019848 -8.198786
v 1.3400445 -17.83711 -9.020746
v 1.3400444 -17.83711 -8.259165
v 1.3400445 -17.654371 -9.081125
v 1.3400444 -17.83711 -8.162439
v 1.3400445 -17.691387 -8.991766
v 1.3400445 -17.691387 -8.288145
v 1.3400445 -17.499454 -8.977604
v 1.3400445 -17.654371 -8.198786
v 1.3400445 -17.567848 -8.909225
v 1.3400445 -17.567848 -8.370686
v 1.3400445 -17.395943 -8.822691
v 1.3400445 -17.499456 -8.302296
v 1.3400445 -17.485302 -8.785677
v 1.3400445 -17.485302 -8.494234
v 1.3400445 -17.359592 -8.6399555
v 1.3400445 -17.395943 -8.45722
v 1.3400445 -17.456318 -8.6399555
v -1.3400617 -18.106373 -8.909225
v -1.3400617 -18.27828 -8.822691
v -1.3400617 -18.188917 -8.785677
v -1.3400617 -18.174767 -8.977604
v -1.3400617 -18.314629 -8.6399555
v -1.3400617 -17.982834 -8.991766
v -1.3400617 -18.217905 -8.6399555
v -1.3400617 -18.019848 -9.081125
v -1.3400617 -18.27828 -8.45722
v -1.3400617 -17.83711 -9.020746
v -1.3400617 -18.188917 -8.494234
v -1.3400617 -17.83711 -9.117472
v -1.3400617 -18.174767 -8.302296
v -1.3400617 -17.691387 -8.991766
v -1.3400617 -18.106373 -8.370686
v -1.3400617 -17.654371 -9.081125
v -1.3400617 -18.019848 -8.198786
v -1.3400617 -17.567848 -8.909225
v -1.3400617 -17.982834 -8.288145
v -1.3400617 -17.499454 -8.977604
v -1.3400623 -17.83711 -8.162439
v -1.3400617 -17.485302 -8.785677
v -1.3400623 -17.83711 -8.259165
v -1.3400617 -17.39594 -8.822691
v -1.3400617 -17.654371 -8.198786
v -1.3400617 -17.456318 -8.6399555
v -1.3400617 -17.691387 -8.288145
v -1.3400617 -17.359592 -8.6399555
v -1.3400617 -17.499456 -8.302296
v -1.3400617 -17.485302 -8.494234
v -1.3400617 -17.567848 -8.370686
v -1.3400617 -17.39594 -8.45722
v 1.8424829 -17.83711 -9.020746
v 1.8424829 -17.83711 -9.117472
v 1.8424829 -18.019848 -9.081125
v 1.8424829 -17.982834 -8.991766
v 1.8424829 -17.691387 -8.991766
v 1.8424829 -18.174767 -8.977604
v 1.8424829 -17.654371 -9.081125
v 1.8424829 -18.106373 -8.909225
v 1.8424829 -17.567848 -8.909225
v 1.8424829 -18.27828 -8.822691
v 1.8424829 -17.499454 -8.977604
v 1.8424829 -18.188917 -8.785677
v 1.8424829 -17.485302 -8.785677
v 1.8424829 -18.314629 -8.6399555
v 1.8424829 -17.395943 -8.822691
v 1.8424829 -18.217905 -8.6399555
v 1.8424829 -17.456318 -8.6399555
v 1.8424829 -18.27828 -8.45722
v 1.8424829 -17.359592 -8.6399555
v 1.8424829 -18.188917 -8.494234
v 1.8424829 -17.485302 -8.494234
v 1.8424829 -18.174767 -8.302296
v 1.8424829 -17.395943 -8.45722
v 1.8424829 -18.106373 -8.370686
v 1.8424829 -17.567848 -8.370686
v 1.8424829 -18.019848 -8.198786
v 1.8424829 -17.499456 -8.302296
v 1.8424829 -17.982834 -8.288145
v 1.8424829 -17.691387 -8.288145
v 1.8424829 -17.83711 -8.162439
v 1.8424829 -17.654371 -8.198786
v 1.8424829 -17.83711 -8.259165
v -1.8425004 -18.106373 -8.909225
v -1.8425004 -18.019848 -9.081125
v -1.8425004 -17.982834 -8.991766
v -1.8425004 -18.174767 -8.977604
v -1.8425004 -17.83711 -9.117472
v -1.8425004 -18.188917 -8.785677
v -1.8425004 -17.83711 -9.020746
v -1.8425004 -18.27828 -8.822691
v -1.8425004 -17.654371 -9.081125
v -1.8425004 -18.217905 -8.6399555
v -1.8425004 -17.691387 -8.991766
v -1.8425004 -18.314629 -8.6399555
v -1.8425004 -17.499454 -8.977604
v -1.8425004 -18.188917 -8.494234
v -1.8425004 -17.567848 -8.909225
v -1.8425004 -18.27828 -8.45722
v -1.8425004 -17.39594 -8.822691
v -1.8425004 -18.106373 -8.370686
v -1.8425004 -17.485302 -8.785677
v -1.8425004 -18.174767 -8.302296
v -1.8425004 -17.359592 -8.6399555
v -1.8425004 -17.982834 -8.288145
v -1.8425004 -17.456318 -8.6399555
v -1.8425004 -18.019848 -8.198786
v -1.8425004 -17.39594 -8.45722
v -1.8425004 -17.83711 -8.259165
v -1.8425004 -17.485302 -8.494234
v -1.8425004 -17.83711 -8.162439
v -1.8425004 -17.499456 -8.302296
v -1.8425004 -17.691387 -8.288145
v -1.8425004 -17.567848 -8.370686
v -1.8425004 -17.654371 -8.198786
vt 0.4477539 0.21362305
vt 0.4477539 0.21362305
vt 0.4477539 0.21362305
vt 0.4272461 0.52978516
vt 0.4272461 0.52978516
vt 0.4272461 0.52978516
vt 0.4272461 0.52978516
vt 0.4272461 0.52978516
vt 0.4272461 0.52978516
vt 0.4272461 0.52978516
vt 0.4272461 0.52978516
vt 0.4272461 0.52978516
vt 0.4477539 0.21362305
vt 0.4477539 0.21362305
vt 0.4477539 0.21362305
vt 0.4477539 0.21362305
vt 0.4477539 0.21362305
vt 0.4477539 0.21362305
vt 0.4477539 0.21362305
vt 0.4477539 0.21362305
vt 0.4477539 0.21362305
vt 0.4477539 0.21362305
vt 0.4477539 0.21362305
vt 0.4477539 0.21362305
vt 0.4477539 0.21362305
vt 0.4477539 0.21362305
vt 0.4477539 0.21362305
vt 0.4477539 0.21362305
vt 0.4477539 0.21362305
vt 0.4477539 0.21362305
vt 0.4477539 0.21362305
vt 0.4477539 0.21362305
vt 0.4477539 0.21362305
vt 0.4272461 0.52978516
vt 0.4272461 0.52978516
vt 0.4272461 0.52978516
vt 0.4272461 0.52978516
vt 0.4272461 0.52978516
vt 0.4272461 0.52978516
vt 0.4272461 0.52978516
vt 0.4272461 0.52978516
vt 0.4272461 0.52978516
vt 0.4272461 0.52978516
vt 0.4272461 0.52978516
vt 0.4272461 0.52978516
vt 0.4272461 0.52978516
vt 0.4272461 0.52978516
vt 0.4272461 0.52978516
vt 0.6386719 0.5957031
vt 0.6386719 0.5957031
vt 0.6386719 0.5957031
vt 0.6386719 0.5957031
vt 0.6386719 0.5957031
vt 0.6386719 0.5957031
vt 0.6386719 0.5957031
vt 0.6386719 0.5957031
vt 0.6386719 0.5957031
vt 0.6386719 0.5957031
vt 0.6386719 0.5957031
vt 0.6386719 0.5957031
vt 0.6386719 0.5957031
vt 0.6386719 0.5957031
vt 0.6386719 0.5957031
vt 0.6386719 0.5957031
vt 0.6767578 0.4724121
vt 0.6767578 0.4724121
vt 0.6767578 0.4724121
vt 0.6767578 0.4724121
vt 0.6767578 0.4724121
vt 0.6767578 0.4724121
vt 0.6767578 0.4724121
vt 0.6767578 0.4724121
vt 0.6767578 0.4724121
vt 0.6767578 0.4724121
vt 0.6767578 0.4724121
vt 0.6767578 0.4724121
vt 0.6767578 0.4724121
vt 0.6767578 0.4724121
vt 0.6767578 0.4724121
vt 0.6767578 0.4724121
vt 0.6386719 0.5957031
vt 0.6386719 0.5957031
vt 0.6386719 0.5957031
vt 0.6386719 0.5957031
vt 0.6386719 0.5957031
vt 0.6386719 0.5957031
vt 0.6386719 0.5957031
vt 0.6386719 0.5957031
vt 0.6386719 0.5957031
vt 0.6386719 0.5957031
vt 0.6386719 0.5957031
vt 0.6386719 0.5957031
vt 0.6386719 0.5957031
vt 0.6386719 0.5957031
vt 0.6386719 0.5957031
vt 0.6386719 0.5957031
vt 0.6386719 0.5957031
vt 0.6386719 0.5957031
vt 0.6386719 0.5957031
vt 0.6386719 0.5957031
vt 0.6386719 0.5957031
vt 0.6386719 0.5957031
vt 0.6386719 0.5957031
vt 0.6386719 0.5957031
vt 0.6386719 0.5957031
vt 0.6386719 0.5957031
vt 0.6386719 0.5957031
vt 0.6386719 0.5957031
vt 0.6386719 0.5957031
vt 0.6386719 0.5957031
vt 0.6386719 0.5957031
vt 0.6386719 0.5957031
vt 0.6386719 0.5957031
vt 0.6386719 0.5957031
vt 0.6386719 0.5957031
vt 0.6386719 0.5957031
vt 0.6386719 0.5957031
vt 0.6386719 0.5957031
vt 0.6386719 0.5957031
vt 0.6386719 0.5957031
vt 0.6386719 0.5957031
vt 0.6386719 0.5957031
vt 0.6386719 0.5957031
vt 0.4477539 0.21362305
vt 0.4477539 0.21362305
vt 0.4477539 0.21362305
vt 0.4477539 0.21362305
vt 0.6616211 0.5307617
vt 0.6616211 0.5307617
vt 0.6616211 0.5307617
vt 0.6616211 0.5307617
vt 0.6616211 0.5307617
vt 0.6616211 0.5307617
vt 0.6821289 0.21496582
vt 0.6821289 0.21496582
vt 0.6821289 0.21496582
vt 0.6821289 0.21496582
vt 0.6616211 0.5307617
vt 0.6616211 0.5307617
vt 0.6616211 0.5307617
vt 0.6616211 0.5307617
vt 0.6616211 0.5307617
vt 0.6616211 0.5307617
vt 0.6616211 0.5307617
vt 0.6616211 0.5307617
vt 0.4477539 0.21362305
vt 0.4477539 0.21362305
vt 0.4477539 0.21362305
vt 0.4477539 0.21362305
vt 0.4272461 0.52978516
vt 0.4272461 0.52978516
vt 0.4272461 0.52978516
vt 0.4272461 0.52978516
vt 0.4477539 0.21362305
vt 0.4477539 0.21362305
vt 0.4477539 0.21362305
vt 0.4477539 0.21362305
vt 0.6821289 0.21496582
vt 0.6821289 0.21496582
vt 0.6821289 0.21496582
vt 0.6821289 0.21496582
vt 0.6616211 0.5307617
vt 0.6616211 0.5307617
vt 0.6616211 0.5307617
vt 0.6616211 0.5307617
vt 0.6616211 0.5307617
vt 0.6616211 0.5307617
vt 0.6616211 0.5307617
vt 0.6616211 0.5307617
vt 0.4477539 0.21362305
vt 0.4477539 0.21362305
vt 0.4477539 0.21362305
vt 0.4477539 0.21362305
vt 0.4272461 0.52978516
vt 0.4272461 0.52978516
vt 0.4272461 0.52978516
vt 0.4272461 0.52978516
vt 0.4272461 0.52978516
vt 0.4272461 0.52978516
vt 0.4272461 0.52978516
vt 0.4272461 0.52978516
vt 0.6616211 0.5307617
vt 0.6616211 0.5307617
vt 0.6616211 0.5307617
vt 0.6616211 0.5307617
vt 0.6616211 0.5307617
vt 0.6616211 0.5307617
vt 0.6616211 0.5307617
vt 0.6616211 0.5307617
vt 0.6616211 0.5307617
vt 0.6616211 0.5307617
vt 0.6616211 0.5307617
vt 0.6616211 0.5307617
vt 0.4477539 0.21362305
vt 0.4477539 0.21362305
vt 0.4477539 0.21362305
vt 0.4477539 0.21362305
vt 0.4272461 0.52978516
vt 0.4272461 0.52978516
vt 0.4272461 0.52978516
vt 0.4272461 0.52978516
vt 0.4477539 0.21362305
vt 0.4477539 0.21362305
vt 0.4477539 0.21362305
vt 0.4477539 0.21362305
vt 0.4477539 0.21362305
vt 0.4477539 0.21362305
vt 0.4477539 0.21362305
vt 0.4477539 0.21362305
vt 0.4477539 0.21362305
vt 0.4477539 0.21362305
vt 0.4477539 0.21362305
vt 0.4477539 0.21362305
vt 0.4477539 0.21362305
vt 0.4477539 0.21362305
vt 0.4477539 0.21362305
vt 0.4477539 0.21362305
vt 0.4477539 0.21362305
vt 0.4477539 0.21362305
vt 0.4477539 0.21362305
vt 0.4477539 0.21362305
vt 0.4477539 0.21362305
vt 0.4477539 0.21362305
vt 0.4477539 0.21362305
vt 0.4477539 0.21362305
vt 0.4477539 0.21362305
vt 0.4477539 0.21362305
vt 0.4477539 0.21362305
vt 0.4477539 0.21362305
vt 0.4477539 0.21362305
vt 0.4477539 0.21362305
vt 0.4477539 0.21362305
vt 0.4477539 0.21362305
vt 0.4477539 0.21362305
vt 0.4477539 0.21362305
vt 0.4477539 0.21362305
vt 0.4477539 0.21362305
vt 0.4477539 0.21362305
vt 0.4477539 0.21362305
vt 0.4477539 0.21362305
vt 0.4477539 0.21362305
vt 0.4477539 0.21362305
vt 0.4477539 0.21362305
vt 0.4477539 0.21362305
vt 0.4477539 0.21362305
vt 0.4477539 0.21362305
vt 0.4477539 0.21362305
vt 0.4477539 0.21362305
vt 0.4477539 0.21362305
vt 0.4477539 0.21362305
vt 0.4477539 0.21362305
vt 0.4477539 0.21362305
vt 0.4477539 0.21362305
vt 0.4477539 0.21362305
vt 0.4477539 0.21362305
vt 0.4477539 0.21362305
vt 0.4477539 0.21362305
vt 0.4477539 0.21362305
vt 0.4477539 0.21362305
vt 0.4477539 0.21362305
vt 0.4477539 0.21362305
vt 0.4477539 0.21362305
vt 0.4477539 0.21362305
vt 0.4477539 0.21362305
vt 0.4477539 0.21362305
vt 0.4477539 0.21362305
vt 0.4477539 0.21362305
vt 0.4477539 0.21362305
vt 0.4477539 0.21362305
vt 0.4477539 0.21362305
vt 0.4477539 0.21362305
vt 0.4477539 0.21362305
vt 0.4477539 0.21362305
vt 0.4477539 0.21362305
vt 0.4477539 0.21362305
vt 0.4477539 0.21362305
vt 0.4477539 0.21362305
vt 0.4477539 0.21362305
vt 0.4477539 0.21362305
vt 0.4477539 0.21362305
vt 0.4477539 0.21362305
vt 0.4477539 0.21362305
vt 0.4477539 0.21362305
vt 0.4477539 0.21362305
vt 0.4477539 0.21362305
vt 0.4477539 0.21362305
vt 0.4477539 0.21362305
vt 0.4477539 0.21362305
vt 0.4477539 0.21362305
vt 0.4477539 0.21362305
vt 0.4477539 0.21362305
vt 0.4477539 0.21362305
vt 0.4477539 0.21362305
vt 0.4477539 0.21362305
vt 0.4477539 0.21362305
vt 0.4477539 0.21362305
vt 0.4477539 0.21362305
vt 0.4477539 0.21362305
vt 0.4477539 0.21362305
vt 0.4477539 0.21362305
vt 0.4477539 0.21362305
vt 0.4477539 0.21362305
vt 0.4477539 0.21362305
vt 0.4477539 0.21362305
vt 0.4477539 0.21362305
vt 0.4477539 0.21362305
vt 0.4477539 0.21362305
vt 0.4477539 0.21362305
vt 0.4477539 0.21362305
vt 0.4477539 0.21362305
vt 0.4477539 0.21362305
vt 0.4477539 0.21362305
vt 0.4477539 0.21362305
vt 0.4477539 0.21362305
vt 0.4477539 0.21362305
vt 0.4477539 0.21362305
vt 0.4477539 0.21362305
vt 0.4477539 0.21362305
vt 0.4477539 0.21362305
vt 0.4477539 0.21362305
vt 0.4477539 0.21362305
vt 0.4477539 0.21362305
vt 0.4477539 0.21362305
vt 0.4477539 0.21362305
vt 0.4477539 0.21362305
vt 0.4477539 0.21362305
vt 0.4477539 0.21362305
vt 0.4477539 0.21362305
vt 0.4477539 0.21362305
vt 0.4477539 0.21362305
vt 0.4477539 0.21362305
vt 0.4477539 0.21362305
vt 0.4477539 0.21362305
vt 0.4477539 0.21362305
vt 0.4477539 0.21362305
vt 0.4477539 0.21362305
vt 0.4477539 0.21362305
vt 0.4477539 0.21362305
vt 0.4477539 0.21362305
vt 0.4477539 0.21362305
vt 0.4477539 0.21362305
vt 0.4477539 0.21362305
vt 0.4477539 0.21362305
vt 0.4477539 0.21362305
vt 0.4477539 0.21362305
vt 0.4477539 0.21362305
vt 0.4477539 0.21362305
vt 0.4477539 0.21362305
vt 0.4477539 0.21362305
vt 0.4477539 0.21362305
vt 0.4477539 0.21362305
vt 0.4477539 0.21362305
vt 0.4477539 0.21362305
vt 0.4477539 0.21362305
vt 0.4477539 0.21362305
vt 0.4477539 0.21362305
vt 0.4477539 0.21362305
vt 0.4477539 0.21362305
vt 0.4477539 0.21362305
vt 0.4477539 0.21362305
vt 0.4477539 0.21362305
vt 0.4477539 0.21362305
vt 0.4477539 0.21362305
vt 0.4477539 0.21362305
vt 0.4477539 0.21362305
vt 0.4477539 0.21362305
vt 0.4477539 0.21362305
vt 0.4477539 0.21362305
vt 0.4477539 0.21362305
vt 0.4477539 0.21362305
vt 0.4477539 0.21362305
vt 0.4477539 0.21362305
vt 0.4477539 0.21362305
vt 0.4477539 0.21362305
vt 0.4477539 0.21362305
vt 0.4477539 0.21362305
vt 0.4477539 0.21362305
vt 0.4477539 0.21362305
vt 0.4477539 0.21362305
vt 0.4477539 0.21362305
vt 0.4477539 0.21362305
vt 0.4477539 0.21362305
vt 0.4477539 0.21362305
vt 0.4477539 0.21362305
vt 0.4477539 0.21362305
vt 0.4477539 0.21362305
vt 0.4477539 0.21362305
vt 0.4477539 0.21362305
vt 0.4477539 0.21362305
vt 0.4477539 0.21362305
vt 0.4477539 0.21362305
vt 0.4477539 0.21362305
vt 0.4477539 0.21362305
vt 0.4477539 0.21362305
vt 0.4477539 0.21362305
vt 0.4477539 0.21362305
vt 0.4477539 0.21362305
vt 0.4477539 0.21362305
vt 0.4477539 0.21362305
vt 0.4477539 0.21362305
vt 0.4477539 0.21362305
vt 0.4477539 0.21362305
vt 0.4477539 0.21362305
vt 0.4477539 0.21362305
vt 0.4477539 0.21362305
vt 0.4477539 0.21362305
vt 0.4477539 0.21362305
vt 0.4477539 0.21362305
vt 0.4477539 0.21362305
vt 0.4477539 0.21362305
vt 0.4477539 0.21362305
vt 0.4477539 0.21362305
vt 0.4477539 0.21362305
vt 0.4477539 0.21362305
vt 0.4477539 0.21362305
vt 0.4477539 0.21362305
vt 0.4477539 0.21362305
vt 0.4477539 0.21362305
vt 0.4477539 0.21362305
vt 0.4477539 0.21362305
vt 0.4477539 0.21362305
vt 0.4477539 0.21362305
vt 0.4477539 0.21362305
vt 0.4477539 0.21362305
vt 0.4477539 0.21362305
vt 0.4477539 0.21362305
vt 0.4477539 0.21362305
vt 0.4477539 0.21362305
vt 0.4477539 0.21362305
vt 0.4477539 0.21362305
vt 0.4477539 0.21362305
vt 0.4477539 0.21362305
vt 0.4477539 0.21362305
vt 0.4477539 0.21362305
vt 0.4477539 0.21362305
vt 0.4477539 0.21362305
vt 0.4477539 0.21362305
vt 0.4477539 0.21362305
vt 0.4477539 0.21362305
vt 0.4477539 0.21362305
vt 0.4477539 0.21362305
vt 0.4477539 0.21362305
vt 0.4477539 0.21362305
vt 0.4477539 0.21362305
vt 0.4477539 0.21362305
vt 0.4477539 0.21362305
vt 0.4477539 0.21362305
vt 0.4477539 0.21362305
vt 0.4477539 0.21362305
vt 0.4477539 0.21362305
vt 0.4477539 0.21362305
vt 0.4477539 0.21362305
vt 0.4477539 0.21362305
vt 0.4272461 0.52978516
vt 0.4272461 0.52978516
vt 0.4272461 0.52978516
vt 0.4272461 0.52978516
vt 0.6616211 0.5307617
vt 0.6616211 0.5307617
vt 0.6616211 0.5307617
vt 0.6616211 0.5307617
vt 0.6616211 0.5307617
vt 0.6616211 0.5307617
vt 0.6616211 0.5307617
vt 0.6616211 0.5307617
vt 0.6616211 0.5307617
vt 0.6616211 0.5307617
vt 0.6616211 0.5307617
vt 0.6616211 0.5307617
vt 0.4272461 0.52978516
vt 0.4272461 0.52978516
vt 0.4272461 0.52978516
vt 0.4272461 0.52978516
vt 0.4272461 0.52978516
vt 0.4272461 0.52978516
vt 0.4272461 0.52978516
vt 0.4272461 0.52978516
vt 0.6616211 0.5307617
vt 0.6616211 0.5307617
vt 0.6616211 0.5307617
vt 0.6616211 0.5307617
vt 0.6616211 0.5307617
vt 0.6616211 0.5307617
vt 0.6616211 0.5307617
vt 0.6616211 0.5307617
vt 0.4272461 0.52978516
vt 0.4272461 0.52978516
vt 0.4272461 0.52978516
vt 0.4272461 0.52978516
vt 0.4272461 0.52978516
vt 0.4272461 0.52978516
vt 0.4272461 0.52978516
vt 0.4272461 0.52978516
vt 0.6616211 0.5307617
vt 0.6616211 0.5307617
vt 0.6616211 0.5307617
vt 0.6616211 0.5307617
vt 0.6616211 0.5307617
vt 0.6616211 0.5307617
vt 0.6616211 0.5307617
vt 0.6616211 0.5307617
vt 0.6616211 0.5307617
vt 0.6616211 0.5307617
vt 0.6616211 0.5307617
vt 0.6616211 0.5307617
vt 0.4272461 0.52978516
vt 0.4272461 0.52978516
vt 0.4272461 0.52978516
vt 0.4272461 0.52978516
vt 0.4272461 0.52978516
vt 0.4272461 0.52978516
vt 0.4272461 0.52978516
vt 0.4272461 0.52978516
vt 0.4272461 0.52978516
vt 0.4272461 0.52978516
vt 0.4272461 0.52978516
vt 0.4272461 0.52978516
vt 0.4272461 0.52978516
vt 0.4272461 0.52978516
vt 0.6616211 0.5307617
vt 0.6616211 0.5307617
vt 0.6616211 0.5307617
vt 0.6616211 0.5307617
vt 0.4272461 0.52978516
vt 0.4272461 0.52978516
vt 0.4272461 0.52978516
vt 0.4272461 0.52978516
vt 0.4272461 0.52978516
vt 0.4272461 0.52978516
vt 0.4272461 0.52978516
vt 0.4272461 0.52978516
vt 0.4272461 0.52978516
vt 0.4272461 0.52978516
vt 0.4272461 0.52978516
vt 0.4272461 0.52978516
vt 0.4272461 0.52978516
vt 0.4272461 0.52978516
vt 0.4272461 0.52978516
vt 0.4272461 0.52978516
vt 0.6821289 0.21496582
vt 0.6821289 0.21496582
vt 0.6821289 0.21496582
vt 0.6821289 0.21496582
vt 0.6616211 0.5307617
vt 0.6616211 0.5307617
vt 0.6616211 0.5307617
vt 0.6616211 0.5307617
vt 0.6616211 0.5307617
vt 0.6616211 0.5307617
vt 0.6616211 0.5307617
vt 0.6616211 0.5307617
vt 0.4272461 0.52978516
vt 0.4272461 0.52978516
vt 0.4272461 0.52978516
vt 0.4272461 0.52978516
vt 0.4272461 0.52978516
vt 0.4272461 0.52978516
vt 0.4477539 0.21362305
vt 0.4477539 0.21362305
vt 0.4477539 0.21362305
vt 0.4477539 0.21362305
vt 0.4477539 0.21362305
vt 0.4477539 0.21362305
vt 0.4477539 0.21362305
vt 0.4477539 0.21362305
vt 0.4477539 0.21362305
vt 0.4477539 0.21362305
vt 0.4477539 0.21362305
vt 0.4477539 0.21362305
vt 0.4477539 0.21362305
vt 0.4477539 0.21362305
vt 0.4477539 0.21362305
vt 0.4477539 0.21362305
vt 0.4477539 0.21362305
vt 0.4477539 0.21362305
vt 0.4477539 0.21362305
vt 0.4477539 0.21362305
vt 0.4477539 0.21362305
vt 0.4477539 0.21362305
vt 0.4477539 0.21362305
vt 0.4477539 0.21362305
vt 0.4477539 0.21362305
vt 0.4477539 0.21362305
vt 0.4477539 0.21362305
vt 0.4477539 0.21362305
vt 0.4477539 0.21362305
vt 0.4477539 0.21362305
vt 0.4477539 0.21362305
vt 0.4477539 0.21362305
vt 0.4477539 0.21362305
vt 0.4477539 0.21362305
vt 0.4477539 0.21362305
vt 0.4477539 0.21362305
vt 0.4477539 0.21362305
vt 0.4477539 0.21362305
vt 0.4477539 0.21362305
vt 0.4477539 0.21362305
vt 0.4272461 0.52978516
vt 0.4272461 0.52978516
vt 0.4272461 0.52978516
vt 0.4272461 0.52978516
vt 0.4272461 0.52978516
vt 0.4272461 0.52978516
vt 0.4272461 0.52978516
vt 0.4272461 0.52978516
vt 0.4272461 0.52978516
vt 0.4272461 0.52978516
vt 0.4272461 0.52978516
vt 0.4272461 0.52978516
vt 0.4272461 0.52978516
vt 0.4272461 0.52978516
vt 0.4272461 0.52978516
vt 0.4272461 0.52978516
vt 0.4477539 0.21362305
vt 0.4477539 0.21362305
vt 0.4477539 0.21362305
vt 0.4477539 0.21362305
vt 0.4477539 0.21362305
vt 0.4477539 0.21362305
vt 0.4477539 0.21362305
vt 0.4477539 0.21362305
vt 0.4477539 0.21362305
vt 0.4477539 0.21362305
vt 0.4477539 0.21362305
vt 0.4477539 0.21362305
vt 0.4477539 0.21362305
vt 0.4477539 0.21362305
vt 0.4477539 0.21362305
vt 0.4477539 0.21362305
vt 0.4477539 0.21362305
vt 0.4477539 0.21362305
vt 0.4477539 0.21362305
vt 0.4477539 0.21362305
vt 0.4477539 0.21362305
vt 0.4477539 0.21362305
vt 0.4477539 0.21362305
vt 0.4477539 0.21362305
vt 0.4477539 0.21362305
vt 0.4477539 0.21362305
vt 0.4477539 0.21362305
vt 0.4477539 0.21362305
vt 0.4477539 0.21362305
vt 0.4477539 0.21362305
vt 0.4477539 0.21362305
vt 0.4477539 0.21362305
vt 0.4477539 0.21362305
vt 0.4477539 0.21362305
vt 0.4477539 0.21362305
vt 0.4477539 0.21362305
vt 0.4477539 0.21362305
vt 0.4477539 0.21362305
vt 0.4477539 0.21362305
vt 0.4477539 0.21362305
vt 0.4477539 0.21362305
vt 0.4477539 0.21362305
vt 0.4477539 0.21362305
vt 0.4477539 0.21362305
vt 0.4477539 0.21362305
vt 0.4477539 0.21362305
vt 0.4477539 0.21362305
vt 0.4477539 0.21362305
vt 0.4477539 0.21362305
vt 0.4477539 0.21362305
vt 0.4477539 0.21362305
vt 0.4477539 0.21362305
vt 0.4477539 0.21362305
vt 0.4477539 0.21362305
vt 0.4477539 0.21362305
vt 0.4477539 0.21362305
vt 0.4477539 0.21362305
vt 0.4477539 0.21362305
vt 0.4477539 0.21362305
vt 0.4477539 0.21362305
vt 0.4477539 0.21362305
vt 0.4477539 0.21362305
vt 0.4477539 0.21362305
vt 0.4477539 0.21362305
vt 0.4477539 0.21362305
vt 0.4477539 0.21362305
vt 0.4477539 0.21362305
vt 0.4477539 0.21362305
vt 0.4477539 0.21362305
vt 0.4477539 0.21362305
vt 0.4477539 0.21362305
vt 0.4477539 0.21362305
vt 0.4477539 0.21362305
vt 0.4477539 0.21362305
vt 0.4477539 0.21362305
vt 0.4477539 0.21362305
vt 0.4477539 0.21362305
vt 0.4477539 0.21362305
vt 0.4477539 0.21362305
vt 0.4477539 0.21362305
vt 0.4477539 0.21362305
vt 0.4477539 0.21362305
vt 0.4477539 0.21362305
vt 0.4477539 0.21362305
vt 0.4477539 0.21362305
vt 0.4477539 0.21362305
vt 0.4477539 0.21362305
vt 0.4477539 0.21362305
vt 0.4477539 0.21362305
vt 0.4477539 0.21362305
vt 0.4477539 0.21362305
vt 0.4477539 0.21362305
vt 0.4477539 0.21362305
vt 0.4477539 0.21362305
vt 0.4477539 0.21362305
vt 0.4477539 0.21362305
vt 0.4477539 0.21362305
vt 0.4477539 0.21362305
vt 0.4477539 0.21362305
vt 0.4477539 0.21362305
vt 0.4477539 0.21362305
vt 0.4477539 0.21362305
vt 0.4477539 0.21362305
vt 0.4477539 0.21362305
vt 0.4477539 0.21362305
vt 0.4477539 0.21362305
vt 0.4477539 0.21362305
vt 0.4477539 0.21362305
vt 0.4477539 0.21362305
vt 0.4477539 0.21362305
vt 0.4477539 0.21362305
vt 0.4477539 0.21362305
vt 0.4477539 0.21362305
vt 0.4477539 0.21362305
vt 0.4477539 0.21362305
vt 0.4477539 0.21362305
vt 0.4477539 0.21362305
vt 0.4477539 0.21362305
vt 0.4477539 0.21362305
vt 0.4477539 0.21362305
vt 0.4477539 0.21362305
vt 0.4477539 0.21362305
vt 0.4477539 0.21362305
vt 0.4477539 0.21362305
vt 0.4477539 0.21362305
vt 0.4477539 0.21362305
vt 0.4477539 0.21362305
vt 0.4477539 0.21362305
vt 0.4477539 0.21362305
vt 0.4477539 0.21362305
vt 0.4477539 0.21362305
vt 0.4477539 0.21362305
vt 0.4477539 0.21362305
vt 0.4477539 0.21362305
vt 0.4477539 0.21362305
vt 0.4477539 0.21362305
vt 0.4477539 0.21362305
vt 0.4477539 0.21362305
vt 0.4477539 0.21362305
vt 0.4477539 0.21362305
vt 0.4477539 0.21362305
vt 0.4477539 0.21362305
vt 0.4477539 0.21362305
vt 0.4477539 0.21362305
vt 0.4477539 0.21362305
vt 0.4477539 0.21362305
vt 0.4477539 0.21362305
vt 0.4477539 0.21362305
vt 0.4477539 0.21362305
vt 0.4477539 0.21362305
vt 0.4477539 0.21362305
vt 0.4477539 0.21362305
vt 0.4477539 0.21362305
vt 0.4477539 0.21362305
vt 0.4477539 0.21362305
vt 0.4477539 0.21362305
vt 0.4477539 0.21362305
vt 0.4477539 0.21362305
vt 0.4477539 0.21362305
vt 0.4477539 0.21362305
vt 0.4477539 0.21362305
vt 0.4477539 0.21362305
vt 0.4477539 0.21362305
vt 0.4477539 0.21362305
vt 0.4477539 0.21362305
vt 0.4477539 0.21362305
vt 0.4477539 0.21362305
vt 0.4477539 0.21362305
vt 0.4477539 0.21362305
vt 0.4477539 0.21362305
vt 0.4477539 0.21362305
vt 0.4477539 0.21362305
vt 0.4477539 0.21362305
vt 0.4477539 0.21362305
vt 0.4477539 0.21362305
vt 0.4477539 0.21362305
vt 0.4477539 0.21362305
vt 0.4477539 0.21362305
vt 0.4477539 0.21362305
vt 0.4477539 0.21362305
vt 0.4477539 0.21362305
vt 0.4477539 0.21362305
vt 0.4477539 0.21362305
vt 0.4477539 0.21362305
vt 0.6821289 0.21496582
vt 0.6821289 0.21496582
vt 0.6821289 0.21496582
vt 0.6821289 0.21496582
vt 0.6616211 0.5307617
vt 0.6616211 0.5307617
vt 0.6616211 0.5307617
vt 0.6616211 0.5307617
vt 0.6821289 0.21496582
vt 0.6821289 0.21496582
vt 0.6821289 0.21496582
vt 0.6821289 0.21496582
vt 0.4477539 0.21362305
vt 0.4477539 0.21362305
vt 0.4477539 0.21362305
vt 0.4477539 0.21362305
vt 0.4477539 0.21362305
vt 0.4477539 0.21362305
vt 0.4477539 0.21362305
vt 0.4477539 0.21362305
vt 0.4477539 0.21362305
vt 0.4477539 0.21362305
vt 0.4477539 0.21362305
vt 0.4477539 0.21362305
vt 0.4477539 0.21362305
vt 0.4477539 0.21362305
vt 0.4477539 0.21362305
vt 0.4477539 0.21362305
vt 0.4272461 0.52978516
vt 0.4272461 0.52978516
vt 0.4272461 0.52978516
vt 0.4272461 0.52978516
vt 0.4477539 0.21362305
vt 0.4477539 0.21362305
vt 0.4477539 0.21362305
vt 0.4477539 0.21362305
vt 0.4477539 0.21362305
vt 0.4477539 0.21362305
vt 0.4477539 0.21362305
vt 0.4477539 0.21362305
vt 0.6616211 0.5307617
vt 0.6616211 0.5307617
vt 0.6616211 0.5307617
vt 0.6616211 0.5307617
vt 0.6616211 0.5307617
vt 0.6616211 0.5307617
vt 0.6616211 0.5307617
vt 0.6616211 0.5307617
vt 0.4477539 0.21362305
vt 0.4477539 0.21362305
vt 0.4477539 0.21362305
vt 0.4477539 0.21362305
vt 0.4477539 0.21362305
vt 0.4477539 0.21362305
vt 0.4477539 0.21362305
vt 0.4477539 0.21362305
vt 0.4477539 0.21362305
vt 0.4477539 0.21362305
vt 0.4477539 0.21362305
vt 0.4477539 0.21362305
vt 0.4272461 0.52978516
vt 0.4272461 0.52978516
vt 0.4272461 0.52978516
vt 0.4272461 0.52978516
vt 0.4477539 0.21362305
vt 0.4477539 0.21362305
vt 0.4477539 0.21362305
vt 0.4477539 0.21362305
vt 0.4477539 0.21362305
vt 0.4477539 0.21362305
vt 0.4477539 0.21362305
vt 0.4477539 0.21362305
vt 0.4477539 0.21362305
vt 0.4477539 0.21362305
vt 0.4477539 0.21362305
vt 0.4477539 0.21362305
vt 0.4477539 0.21362305
vt 0.4477539 0.21362305
vt 0.4477539 0.21362305
vt 0.4477539 0.21362305
vt 0.4477539 0.21362305
vt 0.4477539 0.21362305
vt 0.4477539 0.21362305
vt 0.4477539 0.21362305
vt 0.4477539 0.21362305
vt 0.4477539 0.21362305
vt 0.6821289 0.21496582
vt 0.6821289 0.21496582
vt 0.6821289 0.21496582
vt 0.6821289 0.21496582
vt 0.4477539 0.21362305
vt 0.4477539 0.21362305
vt 0.4477539 0.21362305
vt 0.4477539 0.21362305
vt 0.4477539 0.21362305
vt 0.4477539 0.21362305
vt 0.4477539 0.21362305
vt 0.4477539 0.21362305
vt 0.4477539 0.21362305
vt 0.4477539 0.21362305
vt 0.4272461 0.52978516
vt 0.4272461 0.52978516
vt 0.4272461 0.52978516
vt 0.4272461 0.52978516
vt 0.4477539 0.21362305
vt 0.4477539 0.21362305
vt 0.4477539 0.21362305
vt 0.4477539 0.21362305
vt 0.6616211 0.5307617
vt 0.6616211 0.5307617
vt 0.6616211 0.5307617
vt 0.6616211 0.5307617
vt 0.6616211 0.5307617
vt 0.6616211 0.5307617
vt 0.4477539 0.21362305
vt 0.4477539 0.21362305
vt 0.4477539 0.21362305
vt 0.4477539 0.21362305
vt 0.4477539 0.21362305
vt 0.4477539 0.21362305
vt 0.4272461 0.52978516
vt 0.4272461 0.52978516
vt 0.4272461 0.52978516
vt 0.4272461 0.52978516
vt 0.4477539 0.21362305
vt 0.4477539 0.21362305
vt 0.4477539 0.21362305
vt 0.4477539 0.21362305
vt 0.5727539 0.5888672
vt 0.5727539 0.5888672
vt 0.5727539 0.5888672
vt 0.5727539 0.5888672
vt 0.5727539 0.5888672
vt 0.5727539 0.5888672
vt 0.5727539 0.5888672
vt 0.5727539 0.5888672
vt 0.5727539 0.5888672
vt 0.5727539 0.5888672
vt 0.5727539 0.5888672
vt 0.5727539 0.5888672
vt 0.5727539 0.5888672
vt 0.5727539 0.5888672
vt 0.5727539 0.5888672
vt 0.5727539 0.5888672
vt 0.5727539 0.5888672
vt 0.5727539 0.5888672
vt 0.5727539 0.5888672
vt 0.5727539 0.5888672
vt 0.5727539 0.5888672
vt 0.5727539 0.5888672
vt 0.5727539 0.5888672
vt 0.5727539 0.5888672
vt 0.5727539 0.5888672
vt 0.5727539 0.5888672
vt 0.5727539 0.5888672
vt 0.5727539 0.5888672
vt 0.5727539 0.5888672
vt 0.5727539 0.5888672
vt 0.5727539 0.5888672
vt 0.5727539 0.5888672
vt 0.45458984 0.22265625
vt 0.45458984 0.22265625
vt 0.45458984 0.22265625
vt 0.45458984 0.22265625
vt 0.45458984 0.22265625
vt 0.45458984 0.22265625
vt 0.45458984 0.22265625
vt 0.45458984 0.22265625
vt 0.45458984 0.22265625
vt 0.45458984 0.22265625
vt 0.45458984 0.22265625
vt 0.45458984 0.22265625
vt 0.45458984 0.22265625
vt 0.45458984 0.22265625
vt 0.45458984 0.22265625
vt 0.45458984 0.22265625
vt 0.45458984 0.22265625
vt 0.45458984 0.22265625
vt 0.45458984 0.22265625
vt 0.45458984 0.22265625
vt 0.45458984 0.22265625
vt 0.45458984 0.22265625
vt 0.45458984 0.22265625
vt 0.45458984 0.22265625
vt 0.45458984 0.22265625
vt 0.45458984 0.22265625
vt 0.45458984 0.22265625
vt 0.45458984 0.22265625
vt 0.45458984 0.22265625
vt 0.45458984 0.22265625
vt 0.45458984 0.22265625
vt 0.45458984 0.22265625
vt 0.45458984 0.22265625
vt 0.45458984 0.22265625
vt 0.45458984 0.22265625
vt 0.45458984 0.22265625
vt 0.45458984 0.22265625
vt 0.45458984 0.22265625
vt 0.45458984 0.22265625
vt 0.45458984 0.22265625
vt 0.5727539 0.5888672
vt 0.5727539 0.5888672
vt 0.5727539 0.5888672
vt 0.5727539 0.5888672
vt 0.5727539 0.5888672
vt 0.5727539 0.5888672
vt 0.5727539 0.5888672
vt 0.5727539 0.5888672
vt 0.5727539 0.5888672
vt 0.5727539 0.5888672
vt 0.5727539 0.5888672
vt 0.5727539 0.5888672
vt 0.5727539 0.5888672
vt 0.5727539 0.5888672
vt 0.5727539 0.5888672
vt 0.5727539 0.5888672
vt 0.5727539 0.5888672
vt 0.5727539 0.5888672
vt 0.5727539 0.5888672
vt 0.5727539 0.5888672
vt 0.5727539 0.5888672
vt 0.5727539 0.5888672
vt 0.5727539 0.5888672
vt 0.5727539 0.5888672
vt 0.5727539 0.5888672
vt 0.5727539 0.5888672
vt 0.5727539 0.5888672
vt 0.5727539 0.5888672
vt 0.5727539 0.5888672
vt 0.5727539 0.5888672
vt 0.5727539 0.5888672
vt 0.5727539 0.5888672
vt 0.5727539 0.5888672
vt 0.5727539 0.5888672
vt 0.5727539 0.5888672
vt 0.5727539 0.5888672
vt 0.5727539 0.5888672
vt 0.5727539 0.5888672
vt 0.5727539 0.5888672
vt 0.5727539 0.5888672
vt 0.5727539 0.5888672
vt 0.5727539 0.5888672
vt 0.5727539 0.5888672
vt 0.5727539 0.5888672
vt 0.5727539 0.5888672
vt 0.5727539 0.5888672
vt 0.5727539 0.5888672
vt 0.5727539 0.5888672
vt 0.5727539 0.5888672
vt 0.5727539 0.5888672
vt 0.5727539 0.5888672
vt 0.5727539 0.5888672
vt 0.5727539 0.5888672
vt 0.5727539 0.5888672
vt 0.5727539 0.5888672
vt 0.5727539 0.5888672
vt 0.5727539 0.5888672
vt 0.5727539 0.5888672
vt 0.5727539 0.5888672
vt 0.5727539 0.5888672
vt 0.5727539 0.5888672
vt 0.5727539 0.5888672
vt 0.5727539 0.5888672
vt 0.5727539 0.5888672
vt 0.5727539 0.5888672
vt 0.5727539 0.5888672
vt 0.5727539 0.5888672
vt 0.5727539 0.5888672
vt 0.5727539 0.5888672
vt 0.5727539 0.5888672
vt 0.5727539 0.5888672
vt 0.5727539 0.5888672
vt 0.5727539 0.5888672
vt 0.5727539 0.5888672
vt 0.5727539 0.5888672
vt 0.5727539 0.5888672
vt 0.5727539 0.5888672
vt 0.5727539 0.5888672
vt 0.5727539 0.5888672
vt 0.5727539 0.5888672
vt 0.45458984 0.22265625
vt 0.45458984 0.22265625
vt 0.45458984 0.22265625
vt 0.45458984 0.22265625
vt 0.45458984 0.22265625
vt 0.45458984 0.22265625
vt 0.45458984 0.22265625
vt 0.45458984 0.22265625
vt 0.45458984 0.22265625
vt 0.45458984 0.22265625
vt 0.45458984 0.22265625
vt 0.45458984 0.22265625
vt 0.45458984 0.22265625
vt 0.45458984 0.22265625
vt 0.45458984 0.22265625
vt 0.45458984 0.22265625
vt 0.45458984 0.22265625
vt 0.45458984 0.22265625
vt 0.45458984 0.22265625
vt 0.45458984 0.22265625
vt 0.45458984 0.22265625
vt 0.45458984 0.22265625
vt 0.45458984 0.22265625
vt 0.45458984 0.22265625
vt 0.45458984 0.22265625
vt 0.45458984 0.22265625
vt 0.45458984 0.22265625
vt 0.45458984 0.22265625
vt 0.45458984 0.22265625
vt 0.45458984 0.22265625
vt 0.45458984 0.22265625
vt 0.45458984 0.22265625
vt 0.45458984 0.22265625
vt 0.45458984 0.22265625
vt 0.4272461 0.52978516
vt 0.4272461 0.52978516
vt 0.4272461 0.52978516
vt 0.4272461 0.52978516
vt 0.68603516 0.46118164
vt 0.68603516 0.46118164
vt 0.68603516 0.46118164
vt 0.68603516 0.46118164
vt 0.4272461 0.52978516
vt 0.4272461 0.52978516
vt 0.4272461 0.52978516
vt 0.4272461 0.52978516
vt 0.4272461 0.52978516
vt 0.4272461 0.52978516
vt 0.4272461 0.52978516
vt 0.4272461 0.52978516
vt 0.68603516 0.46118164
vt 0.68603516 0.46118164
vt 0.68603516 0.46118164
vt 0.68603516 0.46118164
vt 0.4272461 0.52978516
vt 0.4272461 0.52978516
vt 0.4272461 0.52978516
vt 0.4272461 0.52978516
vt 0.68603516 0.46118164
vt 0.68603516 0.46118164
vt 0.68603516 0.46118164
vt 0.68603516 0.46118164
vt 0.68603516 0.46118164
vt 0.68603516 0.46118164
vt 0.68603516 0.46118164
vt 0.68603516 0.46118164
vt 0.4272461 0.52978516
vt 0.4272461 0.52978516
vt 0.4272461 0.52978516
vt 0.4272461 0.52978516
vt 0.68603516 0.46118164
vt 0.68603516 0.46118164
vt 0.68603516 0.46118164
vt 0.68603516 0.46118164
vt 0.68603516 0.46118164
vt 0.68603516 0.46118164
vt 0.68603516 0.46118164
vt 0.68603516 0.46118164
vt 0.4272461 0.52978516
vt 0.4272461 0.52978516
vt 0.4272461 0.52978516
vt 0.4272461 0.52978516
vt 0.68603516 0.46118164
vt 0.68603516 0.46118164
vt 0.68603516 0.46118164
vt 0.68603516 0.46118164
vt 0.4272461 0.52978516
vt 0.4272461 0.52978516
vt 0.4272461 0.52978516
vt 0.4272461 0.52978516
vt 0.4272461 0.52978516
vt 0.4272461 0.52978516
vt 0.4272461 0.52978516
vt 0.4272461 0.52978516
vt 0.68603516 0.46118164
vt 0.68603516 0.46118164
vt 0.68603516 0.46118164
vt 0.68603516 0.46118164
vt 0.4477539 0.21362305
vt 0.4477539 0.21362305
vt 0.4477539 0.21362305
vt 0.4477539 0.21362305
vt 0.4477539 0.21362305
vt 0.4477539 0.21362305
vt 0.4477539 0.21362305
vt 0.4477539 0.21362305
vt 0.4477539 0.21362305
vt 0.4477539 0.21362305
vt 0.4477539 0.21362305
vt 0.4477539 0.21362305
vt 0.4477539 0.21362305
vt 0.4477539 0.21362305
vt 0.4477539 0.21362305
vt 0.4477539 0.21362305
vt 0.4477539 0.21362305
vt 0.4477539 0.21362305
vt 0.4477539 0.21362305
vt 0.4477539 0.21362305
vt 0.4477539 0.21362305
vt 0.4477539 0.21362305
vt 0.4477539 0.21362305
vt 0.4477539 0.21362305
vt 0.4477539 0.21362305
vt 0.4477539 0.21362305
vt 0.4477539 0.21362305
vt 0.4477539 0.21362305
vt 0.4477539 0.21362305
vt 0.4477539 0.21362305
vt 0.4477539 0.21362305
vt 0.4477539 0.21362305
vt 0.4272461 0.52978516
vt 0.4272461 0.52978516
vt 0.4272461 0.52978516
vt 0.4272461 0.52978516
vt 0.4272461 0.52978516
vt 0.4272461 0.52978516
vt 0.4272461 0.52978516
vt 0.4272461 0.52978516
vt 0.4272461 0.52978516
vt 0.4272461 0.52978516
vt 0.4272461 0.52978516
vt 0.4272461 0.52978516
vt 0.4272461 0.52978516
vt 0.4272461 0.52978516
vt 0.4272461 0.52978516
vt 0.4272461 0.52978516
vt 0.4272461 0.52978516
vt 0.4272461 0.52978516
vt 0.4272461 0.52978516
vt 0.4272461 0.52978516
vt 0.4272461 0.52978516
vt 0.4272461 0.52978516
vt 0.4272461 0.52978516
vt 0.4272461 0.52978516
vt 0.4272461 0.52978516
vt 0.4272461 0.52978516
vt 0.4272461 0.52978516
vt 0.4272461 0.52978516
vt 0.4272461 0.52978516
vt 0.4272461 0.52978516
vt 0.4272461 0.52978516
vt 0.4272461 0.52978516
vt 0.4272461 0.52978516
vt 0.4272461 0.52978516
vt 0.4272461 0.52978516
vt 0.4272461 0.52978516
vt 0.4272461 0.52978516
vt 0.4272461 0.52978516
vt 0.4272461 0.52978516
vt 0.4272461 0.52978516
vt 0.4272461 0.52978516
vt 0.4272461 0.52978516
vt 0.4272461 0.52978516
vt 0.4272461 0.52978516
vt 0.4272461 0.52978516
vt 0.4272461 0.52978516
vt 0.4272461 0.52978516
vt 0.4272461 0.52978516
vt 0.4272461 0.52978516
vt 0.4272461 0.52978516
vt 0.4272461 0.52978516
vt 0.4272461 0.52978516
vt 0.4272461 0.52978516
vt 0.4272461 0.52978516
vt 0.4272461 0.52978516
vt 0.4272461 0.52978516
vt 0.4272461 0.52978516
vt 0.4272461 0.52978516
vt 0.4272461 0.52978516
vt 0.4272461 0.52978516
vt 0.4272461 0.52978516
vt 0.4272461 0.52978516
vt 0.4272461 0.52978516
vt 0.4272461 0.52978516
vt 0.4272461 0.52978516
vt 0.4272461 0.52978516
vt 0.4272461 0.52978516
vt 0.4272461 0.52978516
vt 0.4272461 0.52978516
vt 0.4272461 0.52978516
vt 0.4272461 0.52978516
vt 0.4272461 0.52978516
vt 0.4272461 0.52978516
vt 0.4272461 0.52978516
vt 0.4272461 0.52978516
vt 0.4272461 0.52978516
vt 0.4272461 0.52978516
vt 0.4272461 0.52978516
vt 0.4272461 0.52978516
vt 0.4272461 0.52978516
vt 0.4272461 0.52978516
vt 0.4272461 0.52978516
vt 0.4272461 0.52978516
vt 0.4272461 0.52978516
vt 0.4272461 0.52978516
vt 0.4272461 0.52978516
vt 0.4272461 0.52978516
vt 0.4272461 0.52978516
vt 0.4272461 0.52978516
vt 0.4272461 0.52978516
vt 0.4272461 0.52978516
vt 0.4272461 0.52978516
vt 0.4272461 0.52978516
vt 0.4272461 0.52978516
vt 0.4272461 0.52978516
vt 0.4272461 0.52978516
vt 0.4272461 0.52978516
vt 0.4272461 0.52978516
vt 0.4272461 0.52978516
vt 0.4272461 0.52978516
vt 0.4272461 0.52978516
vt 0.4272461 0.52978516
vt 0.4272461 0.52978516
vt 0.4272461 0.52978516
vt 0.4272461 0.52978516
vt 0.4272461 0.52978516
vt 0.4272461 0.52978516
vt 0.4272461 0.52978516
vt 0.4272461 0.52978516
vt 0.4272461 0.52978516
vt 0.4272461 0.52978516
vt 0.4272461 0.52978516
vt 0.4272461 0.52978516
vt 0.4272461 0.52978516
vt 0.4272461 0.52978516
vt 0.4272461 0.52978516
vt 0.4272461 0.52978516
vt 0.4272461 0.52978516
vt 0.4272461 0.52978516
vt 0.4272461 0.52978516
vt 0.4272461 0.52978516
vt 0.4272461 0.52978516
vt 0.4272461 0.52978516
vt 0.4272461 0.52978516
vt 0.4272461 0.52978516
vt 0.4272461 0.52978516
vt 0.4272461 0.52978516
vt 0.4272461 0.52978516
vt 0.4272461 0.52978516
vt 0.4272461 0.52978516
vt 0.4272461 0.52978516
vt 0.4272461 0.52978516
vt 0.4272461 0.52978516
vt 0.4272461 0.52978516
vt 0.4272461 0.52978516
vt 0.4272461 0.52978516
vt 0.4272461 0.52978516
vt 0.4272461 0.52978516
vt 0.4272461 0.52978516
vt 0.4272461 0.52978516
vt 0.4272461 0.52978516
vt 0.4272461 0.52978516
vt 0.4272461 0.52978516
vt 0.4272461 0.52978516
vt 0.4272461 0.52978516
vt 0.4272461 0.52978516
vt 0.4272461 0.52978516
vt 0.4272461 0.52978516
vt 0.4272461 0.52978516
vt 0.4272461 0.52978516
vt 0.4272461 0.52978516
vt 0.4272461 0.52978516
vt 0.4272461 0.52978516
vt 0.4272461 0.52978516
vt 0.4272461 0.52978516
vt 0.4272461 0.52978516
vt 0.4272461 0.52978516
vt 0.4272461 0.52978516
vt 0.4272461 0.52978516
vt 0.4272461 0.52978516
vt 0.4272461 0.52978516
vt 0.4272461 0.52978516
vt 0.4272461 0.52978516
vt 0.4272461 0.52978516
vt 0.4272461 0.52978516
vt 0.4272461 0.52978516
vt 0.4272461 0.52978516
vt 0.4272461 0.52978516
vt 0.4272461 0.52978516
vt 0.4272461 0.52978516
vt 0.4272461 0.52978516
vt 0.4272461 0.52978516
vt 0.4272461 0.52978516
vt 0.4272461 0.52978516
vt 0.4272461 0.52978516
vt 0.4272461 0.52978516
vt 0.4272461 0.52978516
vt 0.4272461 0.52978516
vt 0.6821289 0.21496582
vt 0.6821289 0.21496582
vt 0.6821289 0.21496582
vt 0.6821289 0.21496582
vt 0.6821289 0.21496582
vt 0.6821289 0.21496582
vt 0.6821289 0.21496582
vt 0.6821289 0.21496582
vt 0.6821289 0.21496582
vt 0.6821289 0.21496582
vt 0.6821289 0.21496582
vt 0.6821289 0.21496582
vt 0.6616211 0.5307617
vt 0.6616211 0.5307617
vt 0.6616211 0.5307617
vt 0.6616211 0.5307617
vt 0.6616211 0.5307617
vt 0.6616211 0.5307617
vt 0.6616211 0.5307617
vt 0.6616211 0.5307617
vt 0.6616211 0.5307617
vt 0.6616211 0.5307617
vt 0.6616211 0.5307617
vt 0.6616211 0.5307617
vt 0.6616211 0.5307617
vt 0.6616211 0.5307617
vt 0.6616211 0.5307617
vt 0.6616211 0.5307617
vt 0.6616211 0.5307617
vt 0.6616211 0.5307617
vt 0.6616211 0.5307617
vt 0.6616211 0.5307617
vt 0.6616211 0.5307617
vt 0.6616211 0.5307617
vt 0.6821289 0.21496582
vt 0.6821289 0.21496582
vt 0.6821289 0.21496582
vt 0.6821289 0.21496582
vt 0.6616211 0.5307617
vt 0.6616211 0.5307617
vt 0.6616211 0.5307617
vt 0.6616211 0.5307617
vt 0.6616211 0.5307617
vt 0.6616211 0.5307617
vt 0.6616211 0.5307617
vt 0.6616211 0.5307617
vt 0.6616211 0.5307617
vt 0.6616211 0.5307617
vt 0.6616211 0.5307617
vt 0.6616211 0.5307617
vt 0.6616211 0.5307617
vt 0.6616211 0.5307617
vt 0.6616211 0.5307617
vt 0.6616211 0.5307617
vt 0.6616211 0.5307617
vt 0.6616211 0.5307617
vt 0.6616211 0.5307617
vt 0.6616211 0.5307617
vt 0.6616211 0.5307617
vt 0.6616211 0.5307617
vt 0.6616211 0.5307617
vt 0.6616211 0.5307617
vt 0.6616211 0.5307617
vt 0.6616211 0.5307617
vt 0.6616211 0.5307617
vt 0.6616211 0.5307617
vt 0.6616211 0.5307617
vt 0.6616211 0.5307617
vt 0.6616211 0.5307617
vt 0.6616211 0.5307617
vt 0.6616211 0.5307617
vt 0.6616211 0.5307617
vt 0.6616211 0.5307617
vt 0.6616211 0.5307617
vt 0.6616211 0.5307617
vt 0.6616211 0.5307617
vt 0.6616211 0.5307617
vt 0.6616211 0.5307617
vt 0.6616211 0.5307617
vt 0.6616211 0.5307617
vt 0.6616211 0.5307617
vt 0.6616211 0.5307617
vt 0.6616211 0.5307617
vt 0.6616211 0.5307617
vt 0.6616211 0.5307617
vt 0.6616211 0.5307617
vt 0.6616211 0.5307617
vt 0.6616211 0.5307617
vt 0.6616211 0.5307617
vt 0.6616211 0.5307617
vt 0.6616211 0.5307617
vt 0.6616211 0.5307617
vt 0.6616211 0.5307617
vt 0.6616211 0.5307617
vt 0.6616211 0.5307617
vt 0.6616211 0.5307617
vt 0.6616211 0.5307617
vt 0.6616211 0.5307617
vt 0.6616211 0.5307617
vt 0.6616211 0.5307617
vt 0.6821289 0.21496582
vt 0.6821289 0.21496582
vt 0.6821289 0.21496582
vt 0.6821289 0.21496582
vt 0.6616211 0.5307617
vt 0.6616211 0.5307617
vt 0.6616211 0.5307617
vt 0.6616211 0.5307617
vt 0.6616211 0.5307617
vt 0.6616211 0.5307617
vt 0.6616211 0.5307617
vt 0.6616211 0.5307617
vt 0.6821289 0.21496582
vt 0.6821289 0.21496582
vt 0.6821289 0.21496582
vt 0.6821289 0.21496582
vt 0.6616211 0.5307617
vt 0.6616211 0.5307617
vt 0.6616211 0.5307617
vt 0.6616211 0.5307617
vt 0.6616211 0.5307617
vt 0.6616211 0.5307617
vt 0.6616211 0.5307617
vt 0.6616211 0.5307617
vt 0.6616211 0.5307617
vt 0.6616211 0.5307617
vt 0.6616211 0.5307617
vt 0.6616211 0.5307617
vt 0.6616211 0.5307617
vt 0.6616211 0.5307617
vt 0.6616211 0.5307617
vt 0.6616211 0.5307617
vt 0.6616211 0.5307617
vt 0.6616211 0.5307617
vt 0.6616211 0.5307617
vt 0.6616211 0.5307617
vt 0.6616211 0.5307617
vt 0.6616211 0.5307617
vt 0.6616211 0.5307617
vt 0.6616211 0.5307617
vt 0.6616211 0.5307617
vt 0.6616211 0.5307617
vt 0.6616211 0.5307617
vt 0.6616211 0.5307617
vt 0.6616211 0.5307617
vt 0.6616211 0.5307617
vt 0.6616211 0.5307617
vt 0.6616211 0.5307617
vt 0.6616211 0.5307617
vt 0.6616211 0.5307617
vt 0.6616211 0.5307617
vt 0.6616211 0.5307617
vt 0.6616211 0.5307617
vt 0.6616211 0.5307617
vt 0.6616211 0.5307617
vt 0.6616211 0.5307617
vt 0.6616211 0.5307617
vt 0.6616211 0.5307617
vt 0.6616211 0.5307617
vt 0.6616211 0.5307617
vt 0.6616211 0.5307617
vt 0.6616211 0.5307617
vt 0.6616211 0.5307617
vt 0.6616211 0.5307617
vt 0.6616211 0.5307617
vt 0.6616211 0.5307617
vt 0.6616211 0.5307617
vt 0.6616211 0.5307617
vt 0.6616211 0.5307617
vt 0.6616211 0.5307617
vt 0.6616211 0.5307617
vt 0.6616211 0.5307617
vt 0.6616211 0.5307617
vt 0.6616211 0.5307617
vt 0.6616211 0.5307617
vt 0.6616211 0.5307617
vt 0.6616211 0.5307617
vt 0.6616211 0.5307617
vt 0.6616211 0.5307617
vt 0.6616211 0.5307617
vt 0.6616211 0.5307617
vt 0.6616211 0.5307617
vt 0.6821289 0.21496582
vt 0.6821289 0.21496582
vt 0.6821289 0.21496582
vt 0.6821289 0.21496582
vt 0.6616211 0.5307617
vt 0.6616211 0.5307617
vt 0.6616211 0.5307617
vt 0.6616211 0.5307617
vt 0.6821289 0.21496582
vt 0.6821289 0.21496582
vt 0.6821289 0.21496582
vt 0.6821289 0.21496582
vt 0.6821289 0.21496582
vt 0.6821289 0.21496582
vt 0.6821289 0.21496582
vt 0.6821289 0.21496582
vt 0.6616211 0.5307617
vt 0.6616211 0.5307617
vt 0.6616211 0.5307617
vt 0.6616211 0.5307617
vt 0.6821289 0.21496582
vt 0.6821289 0.21496582
vt 0.6821289 0.21496582
vt 0.6821289 0.21496582
vt 0.6616211 0.5307617
vt 0.6616211 0.5307617
vt 0.6616211 0.5307617
vt 0.6616211 0.5307617
vt 0.66748047 0.53808594
vt 0.66748047 0.53808594
vt 0.66748047 0.53808594
vt 0.66748047 0.53808594
vt 0.66748047 0.53808594
vt 0.66748047 0.53808594
vt 0.66748047 0.53808594
vt 0.66748047 0.53808594
vt 0.66748047 0.53808594
vt 0.66748047 0.53808594
vt 0.66748047 0.53808594
vt 0.66748047 0.53808594
vt 0.6611328 0.5317383
vt 0.6611328 0.5317383
vt 0.6611328 0.5317383
vt 0.6611328 0.5317383
vt 0.66748047 0.53808594
vt 0.66748047 0.53808594
vt 0.66748047 0.53808594
vt 0.66748047 0.53808594
vt 0.66748047 0.53808594
vt 0.66748047 0.53808594
vt 0.66748047 0.53808594
vt 0.66748047 0.53808594
vt 0.66748047 0.53808594
vt 0.66748047 0.53808594
vt 0.66748047 0.53808594
vt 0.66748047 0.53808594
vt 0.6611328 0.5317383
vt 0.6611328 0.5317383
vt 0.6611328 0.5317383
vt 0.6611328 0.5317383
vt 0.66748047 0.53808594
vt 0.66748047 0.53808594
vt 0.66748047 0.53808594
vt 0.66748047 0.53808594
vt 0.6611328 0.5317383
vt 0.6611328 0.5317383
vt 0.6611328 0.5317383
vt 0.6611328 0.5317383
vt 0.66748047 0.53808594
vt 0.66748047 0.53808594
vt 0.66748047 0.53808594
vt 0.66748047 0.53808594
vt 0.6611328 0.5317383
vt 0.6611328 0.5317383
vt 0.6611328 0.5317383
vt 0.6611328 0.5317383
vt 0.66748047 0.53808594
vt 0.66748047 0.53808594
vt 0.66748047 0.53808594
vt 0.66748047 0.53808594
vt 0.6611328 0.5317383
vt 0.6611328 0.5317383
vt 0.6611328 0.5317383
vt 0.6611328 0.5317383
vt 0.66748047 0.53808594
vt 0.66748047 0.53808594
vt 0.66748047 0.53808594
vt 0.66748047 0.53808594
vt 0.66748047 0.53808594
vt 0.66748047 0.53808594
vt 0.66748047 0.53808594
vt 0.66748047 0.53808594
vt 0.66748047 0.53808594
vt 0.66748047 0.53808594
vt 0.66748047 0.53808594
vt 0.66748047 0.53808594
vt 0.66748047 0.53808594
vt 0.66748047 0.53808594
vt 0.66748047 0.53808594
vt 0.66748047 0.53808594
vt 0.6611328 0.5317383
vt 0.6611328 0.5317383
vt 0.6611328 0.5317383
vt 0.6611328 0.5317383
vt 0.66748047 0.53808594
vt 0.66748047 0.53808594
vt 0.66748047 0.53808594
vt 0.66748047 0.53808594
vt 0.66748047 0.53808594
vt 0.66748047 0.53808594
vt 0.66748047 0.53808594
vt 0.66748047 0.53808594
vt 0.66748047 0.53808594
vt 0.66748047 0.53808594
vt 0.66748047 0.53808594
vt 0.66748047 0.53808594
vt 0.66748047 0.53808594
vt 0.66748047 0.53808594
vt 0.66748047 0.53808594
vt 0.66748047 0.53808594
vt 0.66748047 0.53808594
vt 0.66748047 0.53808594
vt 0.66748047 0.53808594
vt 0.66748047 0.53808594
vt 0.66748047 0.53808594
vt 0.66748047 0.53808594
vt 0.66748047 0.53808594
vt 0.66748047 0.53808594
vt 0.66748047 0.53808594
vt 0.66748047 0.53808594
vt 0.66748047 0.53808594
vt 0.66748047 0.53808594
vt 0.66748047 0.53808594
vt 0.66748047 0.53808594
vt 0.66748047 0.53808594
vt 0.66748047 0.53808594
vt 0.6611328 0.5317383
vt 0.6611328 0.5317383
vt 0.6611328 0.5317383
vt 0.6611328 0.5317383
vt 0.66748047 0.53808594
vt 0.66748047 0.53808594
vt 0.66748047 0.53808594
vt 0.66748047 0.53808594
vt 0.66748047 0.53808594
vt 0.66748047 0.53808594
vt 0.66748047 0.53808594
vt 0.66748047 0.53808594
vt 0.66748047 0.53808594
vt 0.66748047 0.53808594
vt 0.66748047 0.53808594
vt 0.66748047 0.53808594
vt 0.6611328 0.5317383
vt 0.6611328 0.5317383
vt 0.6611328 0.5317383
vt 0.6611328 0.5317383
vt 0.66748047 0.53808594
vt 0.66748047 0.53808594
vt 0.66748047 0.53808594
vt 0.66748047 0.53808594
vt 0.6611328 0.5317383
vt 0.6611328 0.5317383
vt 0.6611328 0.5317383
vt 0.6611328 0.5317383
vt 0.66748047 0.53808594
vt 0.66748047 0.53808594
vt 0.66748047 0.53808594
vt 0.66748047 0.53808594
vt 0.6611328 0.5317383
vt 0.6611328 0.5317383
vt 0.6611328 0.5317383
vt 0.6611328 0.5317383
vt 0.66748047 0.53808594
vt 0.66748047 0.53808594
vt 0.66748047 0.53808594
vt 0.66748047 0.53808594
vt 0.6611328 0.5317383
vt 0.6611328 0.5317383
vt 0.6611328 0.5317383
vt 0.6611328 0.5317383
vt 0.66748047 0.53808594
vt 0.66748047 0.53808594
vt 0.66748047 0.53808594
vt 0.66748047 0.53808594
vt 0.66748047 0.53808594
vt 0.66748047 0.53808594
vt 0.66748047 0.53808594
vt 0.66748047 0.53808594
vt 0.66748047 0.53808594
vt 0.66748047 0.53808594
vt 0.66748047 0.53808594
vt 0.66748047 0.53808594
vt 0.66748047 0.53808594
vt 0.66748047 0.53808594
vt 0.66748047 0.53808594
vt 0.66748047 0.53808594
vt 0.6611328 0.5317383
vt 0.6611328 0.5317383
vt 0.6611328 0.5317383
vt 0.6611328 0.5317383
vt 0.66748047 0.53808594
vt 0.66748047 0.53808594
vt 0.66748047 0.53808594
vt 0.66748047 0.53808594
vt 0.66748047 0.53808594
vt 0.66748047 0.53808594
vt 0.66748047 0.53808594
vt 0.66748047 0.53808594
vt 0.66748047 0.53808594
vt 0.66748047 0.53808594
vt 0.66748047 0.53808594
vt 0.66748047 0.53808594
vt 0.66748047 0.53808594
vt 0.66748047 0.53808594
vt 0.66748047 0.53808594
vt 0.66748047 0.53808594
vt 0.66748047 0.53808594
vt 0.66748047 0.53808594
vt 0.66748047 0.53808594
vt 0.66748047 0.53808594
vt 0.6513672 0.21069336
vt 0.6513672 0.21069336
vt 0.6513672 0.21069336
vt 0.6513672 0.21069336
vt 0.6513672 0.21069336
vt 0.6513672 0.21069336
vt 0.6513672 0.21069336
vt 0.6513672 0.21069336
vt 0.6513672 0.21069336
vt 0.6513672 0.21069336
vt 0.6513672 0.21069336
vt 0.6513672 0.21069336
vt 0.6513672 0.21069336
vt 0.6513672 0.21069336
vt 0.6513672 0.21069336
vt 0.6513672 0.21069336
vt 0.6879883 0.5859375
vt 0.6879883 0.5859375
vt 0.6879883 0.5859375
vt 0.6879883 0.5859375
vt 0.6879883 0.5859375
vt 0.6879883 0.5859375
vt 0.6879883 0.5859375
vt 0.6879883 0.5859375
vt 0.6879883 0.5859375
vt 0.6879883 0.5859375
vt 0.6879883 0.5859375
vt 0.6879883 0.5859375
vt 0.6879883 0.5859375
vt 0.6879883 0.5859375
vt 0.6879883 0.5859375
vt 0.6879883 0.5859375
vt 0.6513672 0.21069336
vt 0.6513672 0.21069336
vt 0.6513672 0.21069336
vt 0.6513672 0.21069336
vt 0.6513672 0.21069336
vt 0.6513672 0.21069336
vt 0.6513672 0.21069336
vt 0.6513672 0.21069336
vt 0.6513672 0.21069336
vt 0.6513672 0.21069336
vt 0.6513672 0.21069336
vt 0.6513672 0.21069336
vt 0.6513672 0.21069336
vt 0.6513672 0.21069336
vt 0.6513672 0.21069336
vt 0.6513672 0.21069336
vt 0.6513672 0.21069336
vt 0.6513672 0.21069336
vt 0.6513672 0.21069336
vt 0.6513672 0.21069336
vt 0.6513672 0.21069336
vt 0.6513672 0.21069336
vt 0.6513672 0.21069336
vt 0.6513672 0.21069336
vt 0.6513672 0.21069336
vt 0.6513672 0.21069336
vt 0.6513672 0.21069336
vt 0.6513672 0.21069336
vt 0.6513672 0.21069336
vt 0.6513672 0.21069336
vt 0.6513672 0.21069336
vt 0.6513672 0.21069336
vt 0.6513672 0.21069336
vt 0.6513672 0.21069336
vt 0.6513672 0.21069336
vt 0.6513672 0.21069336
vt 0.6513672 0.21069336
vt 0.6513672 0.21069336
vt 0.6513672 0.21069336
vt 0.6513672 0.21069336
vt 0.6513672 0.21069336
vt 0.6513672 0.21069336
vt 0.6513672 0.21069336
vt 0.6801758 0.5913086
vt 0.6801758 0.5913086
vt 0.6801758 0.5913086
vt 0.6801758 0.5913086
vt 0.6801758 0.5913086
vt 0.6801758 0.5913086
vt 0.6801758 0.5913086
vt 0.6801758 0.5913086
vt 0.6801758 0.5913086
vt 0.6801758 0.5913086
vt 0.6801758 0.5913086
vt 0.6801758 0.5913086
vt 0.6801758 0.5913086
vt 0.6801758 0.5913086
vt 0.6801758 0.5913086
vt 0.6801758 0.5913086
vt 0.6801758 0.5913086
vt 0.6801758 0.5913086
vt 0.6801758 0.5913086
vt 0.6801758 0.5913086
vt 0.6801758 0.5913086
vt 0.6801758 0.5913086
vt 0.6801758 0.5913086
vt 0.6801758 0.5913086
vt 0.6801758 0.5913086
vt 0.6801758 0.5913086
vt 0.6801758 0.5913086
vt 0.6801758 0.5913086
vt 0.6801758 0.5913086
vt 0.6801758 0.5913086
vt 0.6801758 0.5913086
vt 0.6801758 0.5913086
vt 0.6801758 0.5913086
vt 0.6801758 0.5913086
vt 0.6801758 0.5913086
vt 0.6801758 0.5913086
vt 0.6801758 0.5913086
vt 0.6801758 0.5913086
vt 0.6801758 0.5913086
vt 0.6801758 0.5913086
vt 0.6801758 0.5913086
vt 0.6801758 0.5913086
vt 0.6801758 0.5913086
vt 0.6801758 0.5913086
vt 0.6801758 0.5913086
vt 0.6801758 0.5913086
vt 0.6801758 0.5913086
vt 0.6801758 0.5913086
vt 0.6801758 0.5913086
vt 0.6801758 0.5913086
vt 0.6801758 0.5913086
vt 0.6801758 0.5913086
vt 0.6801758 0.5913086
vt 0.6801758 0.5913086
vt 0.6801758 0.5913086
vt 0.6801758 0.5913086
vt 0.6801758 0.5913086
vt 0.6801758 0.5913086
vt 0.6801758 0.5913086
vt 0.6801758 0.5913086
vt 0.6801758 0.5913086
vt 0.6801758 0.5913086
vt 0.6801758 0.5913086
vt 0.6801758 0.5913086
vt 0.6801758 0.5913086
vt 0.6801758 0.5913086
vt 0.6801758 0.5913086
vt 0.6801758 0.5913086
vt 0.6801758 0.5913086
vt 0.6801758 0.5913086
vt 0.6801758 0.5913086
vt 0.6801758 0.5913086
vt 0.6801758 0.5913086
vt 0.6801758 0.5913086
vt 0.6801758 0.5913086
vt 0.6801758 0.5913086
vt 0.6801758 0.5913086
vt 0.6801758 0.5913086
vt 0.6801758 0.5913086
vt 0.6801758 0.5913086
vt 0.6801758 0.5913086
vt 0.6801758 0.5913086
vt 0.6801758 0.5913086
vt 0.6801758 0.5913086
vt 0.6801758 0.5913086
vt 0.6801758 0.5913086
vt 0.6801758 0.5913086
vt 0.6801758 0.5913086
vt 0.6801758 0.5913086
vt 0.6801758 0.5913086
vt 0.6801758 0.5913086
vt 0.6801758 0.5913086
vt 0.6801758 0.5913086
vt 0.6801758 0.5913086
vt 0.6801758 0.5913086
vt 0.6801758 0.5913086
vt 0.6801758 0.5913086
vt 0.6801758 0.5913086
vt 0.6801758 0.5913086
vt 0.6801758 0.5913086
vt 0.6801758 0.5913086
vt 0.6801758 0.5913086
vt 0.6801758 0.5913086
vt 0.6801758 0.5913086
vt 0.6801758 0.5913086
vt 0.6801758 0.5913086
vt 0.6801758 0.5913086
vt 0.6801758 0.5913086
vt 0.6801758 0.5913086
vt 0.6801758 0.5913086
vt 0.6801758 0.5913086
vt 0.6801758 0.5913086
vt 0.6801758 0.5913086
vt 0.6801758 0.5913086
vt 0.6801758 0.5913086
vt 0.6801758 0.5913086
vt 0.6801758 0.5913086
vt 0.6801758 0.5913086
vt 0.6801758 0.5913086
vt 0.6801758 0.5913086
vt 0.6801758 0.5913086
vt 0.6801758 0.5913086
vt 0.6801758 0.5913086
vt 0.6801758 0.5913086
vt 0.6801758 0.5913086
vt 0.6801758 0.5913086
vt 0.6801758 0.5913086
vt 0.6801758 0.5913086
vt 0.6801758 0.5913086
vt 0.6801758 0.5913086
vt 0.6801758 0.5913086
vt 0.6801758 0.5913086
vt 0.6801758 0.5913086
vt 0.6801758 0.5913086
vt 0.6801758 0.5913086
vt 0.6801758 0.5913086
vt 0.6801758 0.5913086
vt 0.6801758 0.5913086
vt 0.6801758 0.5913086
vt 0.6801758 0.5913086
vt 0.6801758 0.5913086
vt 0.6801758 0.5913086
vt 0.6801758 0.5913086
vt 0.6801758 0.5913086
vt 0.6801758 0.5913086
vt 0.6801758 0.5913086
vt 0.6801758 0.5913086
vt 0.6801758 0.5913086
vt 0.6801758 0.5913086
vt 0.6801758 0.5913086
vt 0.6801758 0.5913086
vt 0.6801758 0.5913086
vt 0.6801758 0.5913086
vt 0.6801758 0.5913086
vt 0.6801758 0.5913086
vt 0.6801758 0.5913086
vt 0.6801758 0.5913086
vt 0.6801758 0.5913086
vt 0.6801758 0.5913086
vt 0.6801758 0.5913086
vt 0.6801758 0.5913086
vt 0.6801758 0.5913086
vt 0.6801758 0.5913086
vt 0.6801758 0.5913086
vt 0.6801758 0.5913086
vt 0.6801758 0.5913086
vt 0.6801758 0.5913086
vt 0.6801758 0.5913086
vt 0.6801758 0.5913086
vt 0.6801758 0.5913086
vt 0.6801758 0.5913086
vt 0.6801758 0.5913086
vt 0.6801758 0.5913086
vt 0.6801758 0.5913086
vt 0.6801758 0.5913086
vt 0.6801758 0.5913086
vt 0.6801758 0.5913086
vt 0.6801758 0.5913086
vt 0.6801758 0.5913086
vt 0.6801758 0.5913086
vt 0.6801758 0.5913086
vt 0.6801758 0.5913086
vt 0.6801758 0.5913086
vt 0.6801758 0.5913086
vt 0.6801758 0.5913086
vt 0.6801758 0.5913086
vt 0.6801758 0.5913086
vt 0.6801758 0.5913086
vt 0.6801758 0.5913086
vt 0.6801758 0.5913086
vt 0.6801758 0.5913086
vt 0.6801758 0.5913086
vt 0.68603516 0.46118164
vt 0.68603516 0.46118164
vt 0.68603516 0.46118164
vt 0.68603516 0.46118164
vt 0.68603516 0.46118164
vt 0.68603516 0.46118164
vt 0.68603516 0.46118164
vt 0.68603516 0.46118164
vt 0.68603516 0.46118164
vt 0.68603516 0.46118164
vt 0.68603516 0.46118164
vt 0.68603516 0.46118164
vt 0.68603516 0.46118164
vt 0.68603516 0.46118164
vt 0.68603516 0.46118164
vt 0.68603516 0.46118164
vt 0.5683594 0.21130371
vt 0.5683594 0.21130371
vt 0.5683594 0.21130371
vt 0.5683594 0.21130371
vt 0.5683594 0.21130371
vt 0.5683594 0.21130371
vt 0.5683594 0.21130371
vt 0.5683594 0.21130371
vt 0.5683594 0.21130371
vt 0.5683594 0.21130371
vt 0.5683594 0.21130371
vt 0.5683594 0.21130371
vt 0.5683594 0.21130371
vt 0.5683594 0.21130371
vt 0.5683594 0.21130371
vt 0.5683594 0.21130371
vt 0.5727539 0.5888672
vt 0.5727539 0.5888672
vt 0.5727539 0.5888672
vt 0.5727539 0.5888672
vt 0.5727539 0.5888672
vt 0.5727539 0.5888672
vt 0.5727539 0.5888672
vt 0.5727539 0.5888672
vt 0.5727539 0.5888672
vt 0.5727539 0.5888672
vt 0.5727539 0.5888672
vt 0.5727539 0.5888672
vt 0.5727539 0.5888672
vt 0.5727539 0.5888672
vt 0.5727539 0.5888672
vt 0.5727539 0.5888672
vt 0.5727539 0.5888672
vt 0.5727539 0.5888672
vt 0.5727539 0.5888672
vt 0.5727539 0.5888672
vt 0.5727539 0.5888672
vt 0.5727539 0.5888672
vt 0.5727539 0.5888672
vt 0.5727539 0.5888672
vt 0.5727539 0.5888672
vt 0.5727539 0.5888672
vt 0.5727539 0.5888672
vt 0.5727539 0.5888672
vt 0.5727539 0.5888672
vt 0.5727539 0.5888672
vt 0.5727539 0.5888672
vt 0.5727539 0.5888672
vt 0.5727539 0.5888672
vt 0.5727539 0.5888672
vt 0.5727539 0.5888672
vt 0.5727539 0.5888672
vt 0.5727539 0.5888672
vt 0.5727539 0.5888672
vt 0.5727539 0.5888672
vt 0.5727539 0.5888672
vt 0.5727539 0.5888672
vt 0.5727539 0.5888672
vt 0.5727539 0.5888672
vt 0.5727539 0.5888672
vt 0.5727539 0.5888672
vt 0.5727539 0.5888672
vt 0.5727539 0.5888672
vt 0.5727539 0.5888672
vt 0.5727539 0.5888672
vt 0.5727539 0.5888672
vt 0.5727539 0.5888672
vt 0.5727539 0.5888672
vt 0.5727539 0.5888672
vt 0.5727539 0.5888672
vt 0.5727539 0.5888672
vt 0.5727539 0.5888672
vt 0.5727539 0.5888672
vt 0.5727539 0.5888672
vt 0.5727539 0.5888672
vt 0.5727539 0.5888672
vt 0.5727539 0.5888672
vt 0.5727539 0.5888672
vt 0.5727539 0.5888672
vt 0.5727539 0.5888672
vt 0.5727539 0.5888672
vt 0.5727539 0.5888672
vt 0.5727539 0.5888672
vt 0.5727539 0.5888672
vt 0.5727539 0.5888672
vt 0.5727539 0.5888672
vt 0.5727539 0.5888672
vt 0.5727539 0.5888672
vt 0.5727539 0.5888672
vt 0.5727539 0.5888672
vt 0.5727539 0.5888672
vt 0.5727539 0.5888672
vt 0.5727539 0.5888672
vt 0.5727539 0.5888672
vt 0.5727539 0.5888672
vt 0.5727539 0.5888672
vt 0.5727539 0.5888672
vt 0.5727539 0.5888672
vt 0.5727539 0.5888672
vt 0.5727539 0.5888672
vt 0.5727539 0.5888672
vt 0.5727539 0.5888672
vt 0.5727539 0.5888672
vt 0.5727539 0.5888672
vt 0.5727539 0.5888672
vt 0.5727539 0.5888672
vt 0.5727539 0.5888672
vt 0.5727539 0.5888672
vt 0.5727539 0.5888672
vt 0.5727539 0.5888672
vt 0.5727539 0.5888672
vt 0.5727539 0.5888672
vt 0.5727539 0.5888672
vt 0.5727539 0.5888672
vt 0.5727539 0.5888672
vt 0.5727539 0.5888672
vt 0.5727539 0.5888672
vt 0.5727539 0.5888672
vt 0.5727539 0.5888672
vt 0.5727539 0.5888672
vt 0.5727539 0.5888672
vt 0.5727539 0.5888672
vt 0.5727539 0.5888672
vt 0.5727539 0.5888672
vt 0.5727539 0.5888672
vt 0.5727539 0.5888672
vt 0.5727539 0.5888672
vt 0.5727539 0.5888672
vt 0.5727539 0.5888672
vt 0.5727539 0.5888672
vt 0.5727539 0.5888672
vt 0.5727539 0.5888672
vt 0.5727539 0.5888672
vt 0.5727539 0.5888672
vt 0.5727539 0.5888672
vt 0.5727539 0.5888672
vt 0.5727539 0.5888672
vt 0.5727539 0.5888672
vt 0.5727539 0.5888672
vt 0.5727539 0.5888672
vt 0.5727539 0.5888672
vt 0.5727539 0.5888672
vt 0.5727539 0.5888672
vt 0.5727539 0.5888672
vn 0.017501831 -0.0072517395 1
vn 0.017501831 -0.0072517395 1
vn 0.017501831 -0.0072517395 1
vn -0.8378906 -0.34692383 -0.42163086
vn -0.8378906 -0.34692383 -0.42163086
vn -0.8378906 -0.34692383 -0.42163086
vn -0.34692383 -0.8378906 -0.42163086
vn -0.34692383 -0.8378906 -0.42163086
vn -0.34692383 -0.8378906 -0.42163086
vn -0.34692383 0.8378906 -0.42163086
vn -0.34692383 0.8378906 -0.42163086
vn -0.34692383 0.8378906 -0.42163086
vn 0.0072517395 -0.017501831 1
vn 0.0072517395 -0.017501831 1
vn 0.0072517395 -0.017501831 1
vn 0.007247925 0.017501831 1
vn 0.007247925 0.017501831 1
vn 0.007247925 0.017501831 1
vn 0.017501831 0.007247925 1
vn 0.017501831 0.007247925 1
vn 0.017501831 0.007247925 1
vn -0.017623901 0.0070762634 1
vn -0.017623901 0.0070762634 1
vn -0.017623901 0.0070762634 1
vn -0.0072517395 0.017501831 1
vn -0.0072517395 0.017501831 1
vn -0.0072517395 0.017501831 1
vn -0.007247925 -0.017501831 1
vn -0.007247925 -0.017501831 1
vn -0.007247925 -0.017501831 1
vn -0.017501831 -0.007247925 1
vn -0.017501831 -0.007247925 1
vn -0.017501831 -0.007247925 1
vn 0.8378906 -0.34692383 -0.42163086
vn 0.8378906 -0.34692383 -0.42163086
vn 0.8378906 -0.34692383 -0.42163086
vn 0.34692383 -0.8378906 -0.42163086
vn 0.34692383 -0.8378906 -0.42163086
vn 0.34692383 -0.8378906 -0.42163086
vn 0.34692383 0.8378906 -0.42163086
vn 0.34692383 0.8378906 -0.42163086
vn 0.34692383 0.8378906 -0.42163086
vn 0.8378906 0.34692383 -0.42163086
vn 0.8378906 0.34692383 -0.42163086
vn 0.8378906 0.34692383 -0.42163086
vn -0.8378906 0.34692383 -0.42163086
vn -0.8378906 0.34692383 -0.42163086
vn -0.8378906 0.34692383 -0.42163086
vn -0 0 1
vn -0 0 1
vn -0 0 1
vn -0 0 1
vn -0 0 1
vn -0 0 1
vn -0 0 1
vn -0 0 1
vn -0 0 1
vn -0 0 1
vn -0 0 1
vn -0 0 1
vn -0 0 1
vn -0 0 1
vn -0 0 1
vn -0 0 1
vn -0 0 -1
vn -0 0 -1
vn -0 0 -1
vn -0 0 -1
vn -0 0 -1
vn -0 0 -1
vn -0 0 -1
vn -0 0 -1
vn -0 0 -1
vn -0 0 -1
vn -0 0 -1
vn -0 0 -1
vn -0 0 -1
vn -0 0 -1
vn -0 0 -1
vn -0 0 -1
vn 0.55566406 0.83154297 0
vn 0.19506836 0.98095703 0
vn 0.55566406 0.83154297 0
vn 0.19506836 0.98095703 0
vn -0.19506836 0.98095703 0
vn -0.19506836 0.98095703 0
vn -0.55566406 0.83154297 0
vn -0.55566406 0.83154297 0
vn -0.83154297 0.55566406 0
vn -0.83154297 0.55566406 0
vn 0.98095703 0.19506836 0
vn 0.83154297 0.55566406 0
vn 0.83154297 0.55566406 0
vn 0.98095703 0.19506836 0
vn 0.98095703 -0.19506836 0
vn 0.98095703 -0.19506836 0
vn 0.83154297 -0.55566406 0
vn 0.83154297 -0.55566406 0
vn 0.83154297 0.55566406 0
vn 0.55566406 0.83154297 0
vn 0.55566406 0.83154297 0
vn -0.83154297 0.55566406 0
vn -0.98095703 0.19506836 0
vn -0.83154297 0.55566406 0
vn -0.98095703 0.19506836 0
vn -0.98095703 -0.19506836 0
vn -0.98095703 -0.19506836 0
vn -0.83154297 -0.55566406 0
vn -0.83154297 -0.55566406 0
vn -0.55566406 -0.83154297 0
vn -0.55566406 -0.83154297 0
vn -0.55566406 -0.83154297 0
vn -0.19506836 -0.98095703 0
vn -0.55566406 -0.83154297 0
vn -0.19506836 -0.98095703 0
vn 0.19506836 -0.98095703 0
vn 0.19506836 -0.98095703 0
vn 0.55566406 -0.83154297 0
vn 0.55566406 -0.83154297 0
vn 0.55566406 -0.83154297 0
vn 0.83154297 -0.55566406 0
vn 0.83154297 -0.55566406 0
vn 0.55566406 -0.83154297 0
vn -0.70703125 0 0.70703125
vn -0.70703125 0 0.70703125
vn -0.70703125 0 0.70703125
vn -0.70703125 0 0.70703125
vn -0.71435547 0.69970703 -0.002298355
vn -0.71435547 0.69970703 -0.002298355
vn -0.7128906 0.7011719 -0.007167816
vn -0.7128906 0.7011719 -0.0074653625
vn -0.70947266 0.7050781 -0.0063552856
vn -0.70947266 0.7050781 -0.006324768
vn -0.42626953 -0.8989258 0.10229492
vn -0.5419922 -0.8378906 0.063964844
vn -0.32666016 -0.93603516 0.13195801
vn -0.32666016 -0.93603516 0.13195801
vn 0.7011719 -0.7128906 -9.226799E-05
vn 0.7011719 -0.7128906 -9.191036E-05
vn 0.7050781 -0.70947266 -0.0063552856
vn 0.7050781 -0.70947266 -0.006324768
vn 0.7011719 -0.7128906 -0.007171631
vn 0.7011719 -0.7128906 -0.0074691772
vn 0.69970703 -0.71435547 -0.0023059845
vn 0.69970703 -0.71435547 -0.0023059845
vn -0 -0.70703125 0.70703125
vn -0 -0.70703125 0.70703125
vn -0 -0.70703125 0.70703125
vn -0 -0.70703125 0.70703125
vn 1 0 -1.7881393E-07
vn 1 0 -1.7881393E-07
vn 1 0 -1.1920929E-07
vn 1 0 -1.1920929E-07
vn -0 0.70703125 0.70703125
vn -0 0.70703125 0.70703125
vn -0 0.70703125 0.70703125
vn -0 0.70703125 0.70703125
vn -0.8989258 0.42626953 0.10229492
vn -0.8378906 0.5419922 0.063964844
vn -0.93603516 0.32666016 0.13195801
vn -0.93603516 0.32666016 0.13195801
vn -0.7128906 -0.7011719 -9.071827E-05
vn -0.7128906 -0.7011719 -9.0420246E-05
vn -0.70947266 -0.7050781 -0.0063552856
vn -0.70947266 -0.7050781 -0.006324768
vn -0.7128906 -0.7011719 -0.007171631
vn -0.7128906 -0.7011719 -0.007472992
vn -0.71435547 -0.69970703 -0.0023059845
vn -0.71435547 -0.69970703 -0.0023059845
vn 0.70703125 0 0.70703125
vn 0.70703125 0 0.70703125
vn 0.70703125 0 0.70703125
vn 0.70703125 0 0.70703125
vn -1 0 0
vn -1 0 0
vn -1 0 0
vn -1 0 0
vn -0 -1 0
vn -0 -1 0
vn -0 -1 0
vn -0 -1 0
vn 0.70703125 -0.70703125 -5.90086E-05
vn 0.70703125 -0.70703125 -5.90086E-05
vn 0.7011719 -0.7128906 -9.268522E-05
vn 0.7011719 -0.7128906 -9.3758106E-05
vn -0.7011719 0.7128906 -9.214878E-05
vn -0.7011719 0.7128906 -9.179115E-05
vn -0.7050781 0.70947266 -0.0063552856
vn -0.7050781 0.70947266 -0.006324768
vn -0.7128906 -0.7011719 -9.202957E-05
vn -0.7128906 -0.7011719 -9.095669E-05
vn -0.7128906 -0.7011719 -9.0420246E-05
vn -0.7128906 -0.7011719 -9.071827E-05
vn -0.6538086 0.27075195 0.70654297
vn -0.6538086 0.27075195 0.70654297
vn -0.6538086 0.27075195 0.70654297
vn -0.6538086 0.27075195 0.70654297
vn -0 1 0
vn -0 1 0
vn -0 1 0
vn -0 1 0
vn -0.3828125 0.9238281 -9.196997E-05
vn -0.3828125 0.9238281 -9.196997E-05
vn -0.3828125 0.9238281 -1.7821789E-05
vn -0.3828125 0.9238281 -1.6570091E-05
vn -0.38256836 0.9238281 5.5015087E-05
vn -0.38256836 0.9238281 5.5015087E-05
vn -0.38256836 0.9238281 5.120039E-05
vn -0.38256836 0.9238281 5.120039E-05
vn 0.67871094 0.28100586 0.67871094
vn 0.67871094 0.28100586 0.67871094
vn 0.67871094 0.28100586 0.67871094
vn 0.67871094 0.28100586 0.67871094
vn 0.9238281 0.38256836 5.477667E-05
vn 0.9238281 0.38256836 5.0485134E-05
vn 0.9238281 0.38256836 5.0485134E-05
vn 0.9238281 0.38256836 5.477667E-05
vn 0.9238281 0.3828125 -1.6987324E-05
vn 0.9238281 0.3828125 -1.8239021E-05
vn 0.9238281 0.3828125 -9.292364E-05
vn 0.9238281 0.3828125 -9.292364E-05
vn -0.9238281 0.38256836 -9.292364E-05
vn -0.9238281 0.38256836 -9.292364E-05
vn -0.9238281 0.38256836 -1.8239021E-05
vn -0.9238281 0.38256836 -1.692772E-05
vn -0.9238281 0.38256836 5.4955482E-05
vn -0.9238281 0.38256836 5.4955482E-05
vn -0.9238281 0.38256836 5.0842762E-05
vn -0.9238281 0.38256836 5.0842762E-05
vn 0.28100586 0.67871094 0.67871094
vn 0.28100586 0.67871094 0.67871094
vn 0.28100586 0.67871094 0.67871094
vn 0.28100586 0.67871094 0.67871094
vn 0.9238281 -0.3828125 -1.692772E-05
vn 0.9238281 -0.3828125 -9.292364E-05
vn 0.9238281 -0.3828125 -9.292364E-05
vn 0.9238281 -0.3828125 -1.8239021E-05
vn 0.9238281 -0.38256836 5.465746E-05
vn 0.9238281 -0.38256836 5.465746E-05
vn 0.9238281 -0.38256836 5.018711E-05
vn 0.9238281 -0.38256836 5.018711E-05
vn -0.9238281 -0.38256836 -1.591444E-05
vn -0.9238281 -0.38256836 -9.095669E-05
vn -0.9238281 -0.38256836 -9.095669E-05
vn -0.9238281 -0.38256836 -1.7166138E-05
vn -0.9238281 -0.38256836 5.4836273E-05
vn -0.9238281 -0.38256836 5.4836273E-05
vn -0.9238281 -0.38256836 5.054474E-05
vn -0.9238281 -0.38256836 5.054474E-05
vn -0.38256836 0.9238281 -1.591444E-05
vn -0.38256836 0.9238281 -9.095669E-05
vn -0.38256836 0.9238281 -9.095669E-05
vn -0.38256836 0.9238281 -1.7225742E-05
vn -0.3828125 0.9238281 5.4836273E-05
vn -0.3828125 0.9238281 5.4836273E-05
vn -0.38256836 0.9238281 5.0485134E-05
vn -0.38256836 0.9238281 5.0485134E-05
vn 0.28100586 -0.67871094 0.67871094
vn 0.28100586 -0.67871094 0.67871094
vn 0.28100586 -0.67871094 0.67871094
vn 0.28100586 -0.67871094 0.67871094
vn -0 0 1
vn -0 0 1
vn -0 0 1
vn -0 0 1
vn -0 0 1
vn -0 0 1
vn -0 0 1
vn -0 0 1
vn -0 0 1
vn -0 0 1
vn -0 0 1
vn -0 0 1
vn -0 0 1
vn -0 0 1
vn -0 0 1
vn -0 0 1
vn -0.27075195 0.6538086 0.70654297
vn -0.27075195 0.6538086 0.70654297
vn -0.27075195 0.6538086 0.70654297
vn -0.27075195 0.6538086 0.70654297
vn -0.27075195 -0.6538086 0.70654297
vn -0.27075195 -0.6538086 0.70654297
vn -0.27075195 -0.6538086 0.70654297
vn -0.27075195 -0.6538086 0.70654297
vn -0.6538086 -0.27075195 0.70654297
vn -0.6538086 -0.27075195 0.70654297
vn -0.6538086 -0.27075195 0.70654297
vn -0.6538086 -0.27075195 0.70654297
vn 0.6538086 -0.27075195 0.70654297
vn 0.6538086 -0.27075195 0.70654297
vn 0.6538086 -0.27075195 0.70654297
vn 0.6538086 -0.27075195 0.70654297
vn 0.27075195 -0.6538086 0.70654297
vn 0.27075195 -0.6538086 0.70654297
vn 0.27075195 -0.6538086 0.70654297
vn 0.27075195 -0.6538086 0.70654297
vn 0.27075195 0.6538086 0.70654297
vn 0.27075195 0.6538086 0.70654297
vn 0.27075195 0.6538086 0.70654297
vn 0.27075195 0.6538086 0.70654297
vn 0.6538086 0.27075195 0.70654297
vn 0.6538086 0.27075195 0.70654297
vn 0.6538086 0.27075195 0.70654297
vn 0.6538086 0.27075195 0.70654297
vn -0.38256836 0.9238281 -3.129244E-05
vn -0.38256836 0.9238281 -2.8669834E-05
vn -0.38256836 0.9238281 -2.8669834E-05
vn -0.38256836 0.9238281 -3.129244E-05
vn -0.38256836 0.9238281 -3.385544E-05
vn -0.38256836 0.9238281 -3.385544E-05
vn -0.9238281 0.38256836 -3.1530857E-05
vn -0.9238281 0.38256836 -3.3915043E-05
vn -0.9238281 0.38256836 -3.3915043E-05
vn -0.9238281 0.38256836 -3.1530857E-05
vn -0.9238281 0.38256836 -2.9206276E-05
vn -0.9238281 0.38256836 -2.9206276E-05
vn -0.9238281 -0.38256836 -3.1352043E-05
vn -0.9238281 -0.38256836 -3.373623E-05
vn -0.9238281 -0.38256836 -3.373623E-05
vn -0.9238281 -0.38256836 -3.1352043E-05
vn -0.9238281 -0.38256836 -2.9027462E-05
vn -0.9238281 -0.38256836 -2.9027462E-05
vn 0.38256836 0.9238281 -3.1232834E-05
vn 0.38256836 0.9238281 -2.8550625E-05
vn 0.38256836 0.9238281 -2.8550625E-05
vn 0.38256836 0.9238281 -3.1232834E-05
vn 0.38256836 0.9238281 -3.3915043E-05
vn 0.38256836 0.9238281 -3.3915043E-05
vn -0.38256836 -0.9238281 -3.159046E-05
vn -0.38256836 -0.9238281 -3.3915043E-05
vn -0.38256836 -0.9238281 -3.3915043E-05
vn -0.38256836 -0.9238281 -3.159046E-05
vn -0.38256836 -0.9238281 -2.926588E-05
vn -0.38256836 -0.9238281 -2.926588E-05
vn 0.38256836 -0.9238281 -3.1530857E-05
vn 0.38256836 -0.9238281 -3.385544E-05
vn 0.38256836 -0.9238281 -3.385544E-05
vn 0.38256836 -0.9238281 -3.1530857E-05
vn 0.38256836 -0.9238281 -2.926588E-05
vn 0.38256836 -0.9238281 -2.926588E-05
vn 0.9238281 0.38256836 -3.1113625E-05
vn 0.9238281 0.38256836 -2.8669834E-05
vn 0.9238281 0.38256836 -2.8669834E-05
vn 0.9238281 0.38256836 -3.1113625E-05
vn 0.9238281 0.38256836 -3.361702E-05
vn 0.9238281 0.38256836 -3.361702E-05
vn 0.9238281 -0.38256836 -3.0875206E-05
vn 0.9238281 -0.38256836 -2.8252602E-05
vn 0.9238281 -0.38256836 -2.8252602E-05
vn 0.9238281 -0.38256836 -3.0875206E-05
vn 0.9238281 -0.38256836 -3.349781E-05
vn 0.9238281 -0.38256836 -3.349781E-05
vn 0.38256836 0.9238281 5.5134296E-05
vn 0.38256836 0.9238281 5.13196E-05
vn 0.38256836 0.9238281 5.13196E-05
vn 0.38256836 0.9238281 5.5134296E-05
vn 0.38256836 0.9238281 -1.5974045E-05
vn 0.38256836 0.9238281 -1.7285347E-05
vn 0.38256836 0.9238281 -9.095669E-05
vn 0.38256836 0.9238281 -9.095669E-05
vn 0.38256836 -0.9238281 -1.7404556E-05
vn 0.38256836 -0.9238281 -9.393692E-05
vn 0.38256836 -0.9238281 -9.393692E-05
vn 0.38256836 -0.9238281 -1.8715858E-05
vn 0.3828125 -0.9238281 5.5134296E-05
vn 0.3828125 -0.9238281 5.5134296E-05
vn 0.38256836 -0.9238281 5.108118E-05
vn 0.38256836 -0.9238281 5.108118E-05
vn 0.3828125 0.9238281 -1.7464161E-05
vn 0.3828125 0.9238281 -9.393692E-05
vn 0.3828125 0.9238281 -9.393692E-05
vn 0.3828125 0.9238281 -1.8775463E-05
vn 0.38256836 0.9238281 5.507469E-05
vn 0.38256836 0.9238281 5.507469E-05
vn 0.38256836 0.9238281 5.120039E-05
vn 0.38256836 0.9238281 5.120039E-05
vn 0.9238281 -0.38256836 5.477667E-05
vn 0.9238281 -0.38256836 5.054474E-05
vn 0.9238281 -0.38256836 5.054474E-05
vn 0.9238281 -0.38256836 5.477667E-05
vn 0.9238281 -0.38256836 -1.6987324E-05
vn 0.9238281 -0.38256836 -1.8298626E-05
vn 0.9238281 -0.38256836 -9.292364E-05
vn 0.9238281 -0.38256836 -9.292364E-05
vn -0.67871094 0.28100586 0.67871094
vn -0.67871094 0.28100586 0.67871094
vn -0.67871094 0.28100586 0.67871094
vn -0.67871094 0.28100586 0.67871094
vn -0.38256836 -0.9238281 -9.292364E-05
vn -0.38256836 -0.9238281 -9.292364E-05
vn -0.38256836 -0.9238281 -1.8179417E-05
vn -0.38256836 -0.9238281 -1.692772E-05
vn -0.3828125 -0.9238281 5.4836273E-05
vn -0.3828125 -0.9238281 5.4836273E-05
vn -0.38256836 -0.9238281 5.0485134E-05
vn -0.38256836 -0.9238281 5.0485134E-05
vn -0.28100586 0.67871094 0.67871094
vn -0.28100586 0.67871094 0.67871094
vn -0.28100586 0.67871094 0.67871094
vn -0.28100586 0.67871094 0.67871094
vn -0.9238281 -0.3828125 -9.292364E-05
vn -0.9238281 -0.3828125 -9.292364E-05
vn -0.9238281 -0.3828125 -1.835823E-05
vn -0.9238281 -0.3828125 -1.7046928E-05
vn -0.9238281 -0.38256836 5.477667E-05
vn -0.9238281 -0.38256836 5.477667E-05
vn -0.9238281 -0.38256836 5.0783157E-05
vn -0.9238281 -0.38256836 5.0783157E-05
vn 0.9238281 0.38256836 -1.8954277E-05
vn 0.9238281 0.38256836 -9.691715E-05
vn 0.9238281 0.38256836 -9.691715E-05
vn 0.9238281 0.38256836 -2.0325184E-05
vn 0.9238281 0.38256836 5.4895878E-05
vn 0.9238281 0.38256836 5.4895878E-05
vn 0.9238281 0.38256836 5.0842762E-05
vn 0.9238281 0.38256836 5.0842762E-05
vn 0.38256836 -0.9238281 5.5134296E-05
vn 0.38256836 -0.9238281 5.1379204E-05
vn 0.38256836 -0.9238281 5.1379204E-05
vn 0.38256836 -0.9238281 5.5134296E-05
vn 0.3828125 -0.9238281 -1.7523766E-05
vn 0.3828125 -0.9238281 -1.8835068E-05
vn 0.3828125 -0.9238281 -9.393692E-05
vn 0.3828125 -0.9238281 -9.393692E-05
vn -0.9238281 0.3828125 -1.6987324E-05
vn -0.9238281 0.3828125 -9.292364E-05
vn -0.9238281 0.3828125 -9.292364E-05
vn -0.9238281 0.3828125 -1.8298626E-05
vn -0.9238281 0.38256836 5.5015087E-05
vn -0.9238281 0.38256836 5.5015087E-05
vn -0.9238281 0.38256836 5.108118E-05
vn -0.9238281 0.38256836 5.108118E-05
vn -0.28100586 -0.67871094 0.67871094
vn -0.28100586 -0.67871094 0.67871094
vn -0.28100586 -0.67871094 0.67871094
vn -0.28100586 -0.67871094 0.67871094
vn -0.3828125 -0.9238281 -1.6987324E-05
vn -0.3828125 -0.9238281 -9.292364E-05
vn -0.3828125 -0.9238281 -9.292364E-05
vn -0.3828125 -0.9238281 -1.8298626E-05
vn -0.38256836 -0.9238281 5.5015087E-05
vn -0.38256836 -0.9238281 5.5015087E-05
vn -0.38256836 -0.9238281 5.108118E-05
vn -0.38256836 -0.9238281 5.108118E-05
vn -0.67871094 -0.28100586 0.67871094
vn -0.67871094 -0.28100586 0.67871094
vn -0.67871094 -0.28100586 0.67871094
vn -0.67871094 -0.28100586 0.67871094
vn 0.67871094 -0.28100586 0.67871094
vn 0.67871094 -0.28100586 0.67871094
vn 0.67871094 -0.28100586 0.67871094
vn 0.67871094 -0.28100586 0.67871094
vn -0 1 0
vn -0 1 0
vn -0 1 0
vn -0 1 0
vn -0.70703125 -0.70703125 -5.9247017E-05
vn -0.70703125 -0.70703125 -5.9247017E-05
vn -0.7128906 -0.7011719 -9.095669E-05
vn -0.7128906 -0.7011719 -9.202957E-05
vn 0.7128906 0.7011719 -9.393692E-05
vn 0.7128906 0.7011719 -9.357929E-05
vn 0.70947266 0.7050781 -0.0063552856
vn 0.70947266 0.7050781 -0.006324768
vn 0.7128906 0.7011719 -0.007167816
vn 0.7128906 0.7011719 -0.0074691772
vn 0.71435547 0.69970703 -0.002298355
vn 0.71435547 0.69970703 -0.002298355
vn -0 -1 0
vn -0 -1 0
vn -0 -1 0
vn -0 -1 0
vn -1 0 0
vn -1 0 0
vn -1 0 0
vn -1 0 0
vn 0.7011719 0.7128906 -9.2089176E-05
vn 0.7011719 0.7128906 -9.179115E-05
vn 0.7011719 0.7128906 -9.2446804E-05
vn 0.7011719 0.7128906 -9.357929E-05
vn -0.70703125 0.70703125 -5.8829784E-05
vn -0.70703125 0.70703125 -5.8829784E-05
vn -0.7011719 0.7128906 -9.226799E-05
vn -0.7011719 0.7128906 -9.3340874E-05
vn 1 0 -1.7881393E-07
vn 1 0 -1.7881393E-07
vn 1 0 -1.7881393E-07
vn 1 0 -1.7881393E-07
vn -0.2668457 0 0.9638672
vn -0.2668457 0 0.9638672
vn -0.2668457 0 0.9638672
vn -0.2668457 0 0.9638672
vn 0.68847656 -0.68847656 -0.22888184
vn 0.68847656 -0.68847656 -0.22888184
vn 0.68847656 -0.68847656 -0.22888184
vn 0.68847656 -0.68847656 -0.22888184
vn 0.7011719 -0.7128906 -9.3758106E-05
vn 0.7011719 -0.7128906 -9.268522E-05
vn 0.7011719 -0.7128906 -9.191036E-05
vn 0.7011719 -0.7128906 -9.226799E-05
vn 0.70703125 0.70703125 -5.877018E-05
vn 0.70703125 0.70703125 -5.877018E-05
vn 0.7128906 0.7011719 -9.4115734E-05
vn 0.7128906 0.7011719 -9.524822E-05
vn -0 -0.2668457 0.9638672
vn -0 -0.2668457 0.9638672
vn -0 -0.2668457 0.9638672
vn -0 -0.2668457 0.9638672
vn -1 0 0.0007457733
vn -1 0 2.9206276E-06
vn -1 0 2.9206276E-06
vn -1 0 0.0007457733
vn -1 0 0.0014829636
vn -1 0 0.0014829636
vn -0 0.2668457 0.9638672
vn -0 0.2668457 0.9638672
vn -0 0.2668457 0.9638672
vn -0 0.2668457 0.9638672
vn -0.7128906 0.7011719 -9.0420246E-05
vn -0.7128906 0.7011719 -9.006262E-05
vn -0.7128906 0.7011719 -9.036064E-05
vn -0.7128906 0.7011719 -9.137392E-05
vn 0.2668457 0 0.9638672
vn 0.2668457 0 0.9638672
vn 0.2668457 0 0.9638672
vn 0.2668457 0 0.9638672
vn 1 0 0.0007457733
vn 1 0 2.9206276E-06
vn 1 0 2.9206276E-06
vn 1 0 0.0007457733
vn 1 0 0.0014829636
vn 1 0 0.0014829636
vn -0 1 0.0007452965
vn -0 1 1.9669533E-06
vn -0 1 1.9669533E-06
vn -0 1 0.0007452965
vn -0 1 0.0014829636
vn -0 1 0.0014829636
vn 0.5 -0.5 -0.70703125
vn 0.5 -0.5 -0.70703125
vn 0.5 -0.5 -0.70703125
vn 0.5 -0.5 -0.70703125
vn 0.68847656 0.68847656 -0.22888184
vn 0.68847656 0.68847656 -0.22888184
vn 0.68847656 0.68847656 -0.22888184
vn 0.68847656 0.68847656 -0.22888184
vn -0.7011719 0.7128906 -9.3340874E-05
vn -0.7011719 0.7128906 -9.226799E-05
vn -0.7011719 0.7128906 -9.179115E-05
vn -0.7011719 0.7128906 -9.214878E-05
vn -0 -1 0.0007452965
vn -0 -1 1.9669533E-06
vn -0 -1 1.9669533E-06
vn -0 -1 0.0007452965
vn -0 -1 0.0014829636
vn -0 -1 0.0014829636
vn 0.1541748 0.98828125 -0.0021305084
vn -0.083984375 0.99658203 -0.0041046143
vn -0.083984375 0.99658203 -0.0041046143
vn 0.15405273 0.98828125 -0.0021324158
vn 0.3828125 0.9238281 -4.5001507E-05
vn 0.3828125 0.9238281 -4.5001507E-05
vn -0.53564453 0.8383789 0.099731445
vn -0.53564453 0.8383789 0.099731445
vn -0.53564453 0.8383789 0.099731445
vn -0.53564453 0.8383789 0.099731445
vn 0.8076172 0.58984375 -0.0021305084
vn 0.64501953 0.76416016 -0.0041046143
vn 0.64501953 0.76416016 -0.0041046143
vn 0.8076172 0.58984375 -0.0021324158
vn -0.98779297 -0.1541748 -0.0021305084
vn -0.9238281 -0.3828125 -4.529953E-05
vn -0.9238281 -0.3828125 -4.529953E-05
vn -0.98828125 -0.15405273 -0.0021324158
vn -0.99658203 0.083984375 -0.0041046143
vn -0.99658203 0.083984375 -0.0041046143
vn -0.75439453 0.5751953 0.31567383
vn -0.75439453 0.5751953 0.31567383
vn -0.75439453 0.5751953 0.31567383
vn -0.75439453 0.5751953 0.31567383
vn 0.8383789 -0.53564453 0.10144043
vn 0.8383789 -0.53564453 0.10144043
vn 0.8383789 -0.53564453 0.10144043
vn 0.8383789 -0.53564453 0.10144043
vn -0.75439453 -0.5751953 0.31567383
vn -0.75439453 -0.5751953 0.31567383
vn -0.75439453 -0.5751953 0.31567383
vn -0.75439453 -0.5751953 0.31567383
vn 0.8383789 0.53564453 0.101501465
vn 0.8383789 0.53564453 0.101501465
vn 0.8383789 0.53564453 0.101501465
vn 0.8383789 0.53564453 0.101501465
vn -0.5751953 0.75439453 0.31567383
vn -0.5751953 0.75439453 0.31567383
vn -0.5751953 0.75439453 0.31567383
vn -0.5751953 0.75439453 0.31567383
vn -3.5762787E-07 0 -1
vn -3.5762787E-07 0 -1
vn -3.5762787E-07 0 -1
vn -3.5762787E-07 0 -1
vn -3.5762787E-07 0 -1
vn -3.5762787E-07 0 -1
vn -3.5762787E-07 0 -1
vn -3.5762787E-07 0 -1
vn -3.5762787E-07 0 -1
vn -3.5762787E-07 0 -1
vn -3.5762787E-07 0 -1
vn -3.5762787E-07 0 -1
vn -3.5762787E-07 0 -1
vn -3.5762787E-07 0 -1
vn -3.5762787E-07 0 -1
vn -3.5762787E-07 0 -1
vn 0.3828125 -0.9238281 -0.0021457672
vn 0.38256836 -0.9238281 2.0682812E-05
vn 0.38256836 -0.9238281 2.0682812E-05
vn 0.3828125 -0.9238281 -0.0021457672
vn 0.3828125 -0.9238281 -0.004306793
vn 0.3828125 -0.9238281 -0.004306793
vn 0.9238281 -0.38256836 -0.0021457672
vn 0.9238281 -0.38256836 -0.004306793
vn 0.9238281 -0.38256836 -0.004306793
vn 0.9238281 -0.38256836 -0.0021457672
vn 0.9238281 -0.38256836 2.092123E-05
vn 0.9238281 -0.38256836 2.092123E-05
vn 0.9238281 0.3828125 -0.0021457672
vn 0.9238281 0.38256836 -0.004306793
vn 0.9238281 0.38256836 -0.004306793
vn 0.9238281 0.3828125 -0.0021457672
vn 0.9238281 0.3828125 2.092123E-05
vn 0.9238281 0.3828125 2.092123E-05
vn -0.38256836 -0.9238281 -0.0021457672
vn -0.38256836 -0.9238281 2.0503998E-05
vn -0.38256836 -0.9238281 2.0503998E-05
vn -0.38256836 -0.9238281 -0.0021457672
vn -0.38256836 -0.9238281 -0.004306793
vn -0.38256836 -0.9238281 -0.004306793
vn 0.38256836 0.9238281 -0.0021457672
vn 0.38256836 0.9238281 -0.004306793
vn 0.38256836 0.9238281 -0.004306793
vn 0.38256836 0.9238281 -0.0021457672
vn 0.38256836 0.9238281 2.1100044E-05
vn 0.38256836 0.9238281 2.1100044E-05
vn -0.3828125 0.9238281 -0.0021457672
vn -0.3828125 0.9238281 -0.004306793
vn -0.3828125 0.9238281 -0.004306793
vn -0.3828125 0.9238281 -0.0021457672
vn -0.38256836 0.9238281 2.1219254E-05
vn -0.38256836 0.9238281 2.1219254E-05
vn -0.9238281 -0.38256836 -0.0021457672
vn -0.9238281 -0.38232422 2.1517277E-05
vn -0.9238281 -0.38232422 2.1517277E-05
vn -0.9238281 -0.38256836 -0.0021457672
vn -0.9238281 -0.38256836 -0.004306793
vn -0.9238281 -0.38256836 -0.004306793
vn -0.9238281 0.3828125 -0.0021457672
vn -0.9238281 0.38256836 2.1517277E-05
vn -0.9238281 0.38256836 2.1517277E-05
vn -0.9238281 0.3828125 -0.0021457672
vn -0.9238281 0.3828125 -0.004306793
vn -0.9238281 0.3828125 -0.004306793
vn -0.58984375 -0.8076172 -0.0021305084
vn -0.38256836 -0.9238281 -4.464388E-05
vn -0.38256836 -0.9238281 -4.464388E-05
vn -0.58984375 -0.8076172 -0.0021324158
vn 0.57470703 -0.75439453 0.31713867
vn 0.57470703 -0.75439453 0.31713867
vn 0.57470703 -0.75439453 0.31713867
vn 0.57470703 -0.75439453 0.31713867
vn -0.58984375 0.8076172 -0.0021305084
vn -0.76416016 0.64501953 -0.0041046143
vn -0.76416016 0.64501953 -0.0041046143
vn -0.58984375 0.8076172 -0.0021324158
vn 0.1541748 -0.98828125 -0.0021305084
vn 0.3828125 -0.9238281 -4.386902E-05
vn 0.3828125 -0.9238281 -4.386902E-05
vn 0.15405273 -0.98828125 -0.0021324158
vn -0.083984375 -0.99658203 -0.0041046143
vn -0.083984375 -0.99658203 -0.0041046143
vn 0.53564453 0.8383789 0.099731445
vn 0.53564453 0.8383789 0.099731445
vn 0.53564453 0.8383789 0.099731445
vn 0.53564453 0.8383789 0.099731445
vn -0.8076172 0.58984375 -0.0021305084
vn -0.9238281 0.38256836 -4.529953E-05
vn -0.9238281 0.38256836 -4.529953E-05
vn -0.8076172 0.58984375 -0.0021324158
vn 0.98828125 -0.1541748 -0.0021305084
vn 0.99658203 0.083984375 -0.0041046143
vn 0.99658203 0.083984375 -0.0041046143
vn 0.98828125 -0.15405273 -0.0021324158
vn 0.9238281 -0.3828125 -4.5001507E-05
vn 0.9238281 -0.3828125 -4.5001507E-05
vn -0.57470703 -0.75439453 0.31713867
vn -0.57470703 -0.75439453 0.31713867
vn -0.57470703 -0.75439453 0.31713867
vn -0.57470703 -0.75439453 0.31713867
vn -0.98828125 0.1541748 -0.0021305084
vn -0.99658203 -0.083984375 -0.0041046143
vn -0.99658203 -0.083984375 -0.0041046143
vn -0.98828125 0.15405273 -0.0021324158
vn -0.9238281 0.3828125 -4.529953E-05
vn -0.9238281 0.3828125 -4.529953E-05
vn 0.8076172 -0.58984375 -0.0021305084
vn 0.9238281 -0.38256836 -4.464388E-05
vn 0.9238281 -0.38256836 -4.464388E-05
vn 0.8076172 -0.58984375 -0.0021324158
vn -0.8383789 -0.53564453 0.10144043
vn -0.8383789 -0.53564453 0.10144043
vn -0.8383789 -0.53564453 0.10144043
vn -0.8383789 -0.53564453 0.10144043
vn -0.8076172 -0.58984375 -0.0021305084
vn -0.64501953 -0.76416016 -0.0041046143
vn -0.64501953 -0.76416016 -0.0041046143
vn -0.8076172 -0.58984375 -0.0021324158
vn 0.98779297 0.1541748 -0.0021305084
vn 0.9238281 0.3828125 -4.5001507E-05
vn 0.9238281 0.3828125 -4.5001507E-05
vn 0.98828125 0.15405273 -0.0021324158
vn 0.99658203 -0.083984375 -0.0041046143
vn 0.99658203 -0.083984375 -0.0041046143
vn 0.75439453 0.5751953 0.31567383
vn 0.75439453 0.5751953 0.31567383
vn 0.75439453 0.5751953 0.31567383
vn 0.75439453 0.5751953 0.31567383
vn -0.1541748 0.98828125 -0.0021305084
vn -0.3828125 0.9238281 -4.5001507E-05
vn -0.3828125 0.9238281 -4.5001507E-05
vn -0.15405273 0.98828125 -0.0021324158
vn 0.083984375 0.99658203 -0.0041046143
vn 0.083984375 0.99658203 -0.0041046143
vn 0.58984375 -0.8076172 -0.0021305084
vn 0.76416016 -0.64501953 -0.0041046143
vn 0.76416016 -0.64501953 -0.0041046143
vn 0.58984375 -0.8076172 -0.0021324158
vn -0.8383789 0.53564453 0.099731445
vn -0.8383789 0.53564453 0.099731445
vn -0.8383789 0.53564453 0.099731445
vn -0.8383789 0.53564453 0.099731445
vn 0.58984375 0.8076172 -0.0021305084
vn 0.38256836 0.9238281 -4.4345856E-05
vn 0.38256836 0.9238281 -4.4345856E-05
vn 0.58984375 0.8076172 -0.0021324158
vn -0.1541748 -0.98828125 -0.0021305084
vn 0.083984375 -0.99658203 -0.0041046143
vn 0.083984375 -0.99658203 -0.0041046143
vn -0.15405273 -0.98828125 -0.0021324158
vn -0.3828125 -0.9238281 -4.3988228E-05
vn -0.3828125 -0.9238281 -4.3988228E-05
vn 0.75439453 -0.57470703 0.31713867
vn 0.75439453 -0.57470703 0.31713867
vn 0.75439453 -0.57470703 0.31713867
vn 0.75439453 -0.57470703 0.31713867
vn -0.53564453 -0.8383789 0.101501465
vn -0.53564453 -0.8383789 0.101501465
vn -0.53564453 -0.8383789 0.101501465
vn -0.53564453 -0.8383789 0.101501465
vn 0.53564453 -0.8383789 0.10144043
vn 0.53564453 -0.8383789 0.10144043
vn 0.53564453 -0.8383789 0.10144043
vn 0.53564453 -0.8383789 0.10144043
vn 0.5751953 0.75439453 0.31567383
vn 0.5751953 0.75439453 0.31567383
vn 0.5751953 0.75439453 0.31567383
vn 0.5751953 0.75439453 0.31567383
vn 0.76416016 0.64501953 -0.0041046143
vn 0.58984375 0.8076172 -0.0021305084
vn 0.58984375 0.8076172 -0.0021324158
vn 0.76416016 0.64501953 -0.0041046143
vn 0.38256836 -0.9238281 -4.452467E-05
vn 0.58984375 -0.8076172 -0.0021305084
vn 0.58984375 -0.8076172 -0.0021324158
vn 0.38256836 -0.9238281 -4.452467E-05
vn -0.9238281 -0.38256836 -4.529953E-05
vn -0.8076172 -0.58984375 -0.0021305084
vn -0.8076172 -0.58984375 -0.0021324158
vn -0.9238281 -0.38256836 -4.529953E-05
vn 0.64501953 -0.76416016 -0.0041046143
vn 0.8076172 -0.58984375 -0.0021305084
vn 0.8076172 -0.58984375 -0.0021324158
vn 0.64501953 -0.76416016 -0.0041046143
vn -0.64501953 0.76416016 -0.0041046143
vn -0.8076172 0.58984375 -0.0021305084
vn -0.8076172 0.58984375 -0.0021324158
vn -0.64501953 0.76416016 -0.0041046143
vn -0.38256836 0.9238281 -4.4345856E-05
vn -0.58984375 0.8076172 -0.0021305084
vn -0.58984375 0.8076172 -0.0021324158
vn -0.38256836 0.9238281 -4.4345856E-05
vn -0.76416016 -0.64501953 -0.0041046143
vn -0.58984375 -0.8076172 -0.0021305084
vn -0.58984375 -0.8076172 -0.0021324158
vn -0.76416016 -0.64501953 -0.0041046143
vn 0.9238281 0.38256836 -4.4345856E-05
vn 0.8076172 0.58984375 -0.0021305084
vn 0.8076172 0.58984375 -0.0021324158
vn 0.9238281 0.38256836 -4.4345856E-05
vn -0.93603516 -0.32641602 0.13195801
vn -0.93603516 -0.32641602 0.13195801
vn -0.8378906 -0.5419922 0.063964844
vn -0.8989258 -0.42626953 0.10229492
vn 0.7128906 -0.7011719 -9.459257E-05
vn 0.7128906 -0.7011719 -9.423494E-05
vn 0.7128906 -0.7011719 -9.4652176E-05
vn 0.7128906 -0.7011719 -9.5784664E-05
vn 0.5 0.5 -0.70703125
vn 0.5 0.5 -0.70703125
vn 0.5 0.5 -0.70703125
vn 0.5 0.5 -0.70703125
vn -4.172325E-06 2.3245811E-06 -1
vn -4.172325E-06 2.3245811E-06 -1
vn -2.4616718E-05 -1.7642975E-05 -1
vn -1.1920929E-05 -5.2452087E-06 -1
vn 2.4437904E-06 1.4841557E-05 -1
vn -2.0325184E-05 -1.0788441E-05 -1
vn -5.7816505E-06 -1.2218952E-05 -1
vn 1.7285347E-06 -5.185604E-06 -1
vn 1.7285347E-06 -5.185604E-06 -1
vn -1.8060207E-05 -2.3782253E-05 -1
vn -1.0967255E-05 -1.8954277E-05 -1
vn 1.4841557E-05 2.9206276E-06 -1
vn 0.02281189 0.054138184 0.9980469
vn 0.02281189 0.0541687 0.9980469
vn 0.02281189 0.054138184 0.9980469
vn 0.02281189 0.054138184 0.9980469
vn -0 -1.013279E-05 -1
vn -0 -1.013279E-05 -1
vn -0 -1.013279E-05 -1
vn -0 -1.013279E-05 -1
vn -0.058288574 0.022445679 0.9980469
vn -0.058288574 0.022445679 0.9980469
vn -0.058288574 0.022445679 0.9980469
vn -0.05831909 0.022445679 0.9980469
vn -0.020767212 -0.0541687 0.99853516
vn -0.020767212 -0.05419922 0.99853516
vn -0.020767212 -0.0541687 0.99853516
vn -0.020767212 -0.0541687 0.99853516
vn -0.68847656 -0.68847656 -0.22888184
vn -0.68847656 -0.68847656 -0.22888184
vn -0.68847656 -0.68847656 -0.22888184
vn -0.68847656 -0.68847656 -0.22888184
vn 0.7128906 0.7011719 -9.524822E-05
vn 0.7128906 0.7011719 -9.4115734E-05
vn 0.7128906 0.7011719 -9.357929E-05
vn 0.7128906 0.7011719 -9.393692E-05
vn 5.7816505E-06 -1.2218952E-05 -1
vn -1.4841557E-05 2.9206276E-06 -1
vn 1.0967255E-05 -1.8954277E-05 -1
vn 1.8060207E-05 -2.3782253E-05 -1
vn -1.7285347E-06 -5.185604E-06 -1
vn -1.7285347E-06 -5.185604E-06 -1
vn 1.1920929E-05 5.722046E-06 -1
vn -2.4437904E-06 -1.50203705E-05 -1
vn 2.0325184E-05 1.013279E-05 -1
vn 2.4616718E-05 1.7464161E-05 -1
vn 4.172325E-06 -1.3709068E-06 -1
vn 4.172325E-06 -1.3709068E-06 -1
vn -1.013279E-05 0 -1
vn -1.013279E-05 0 -1
vn -1.013279E-05 0 -1
vn -1.013279E-05 0 -1
vn -2.0325184E-05 1.013279E-05 -1
vn 2.4437904E-06 -1.50203705E-05 -1
vn -2.4616718E-05 1.7464161E-05 -1
vn -1.1920929E-05 5.722046E-06 -1
vn -4.172325E-06 -1.3709068E-06 -1
vn -4.172325E-06 -1.3709068E-06 -1
vn 0.020736694 -0.054107666 0.99853516
vn 0.020736694 -0.054138184 0.99853516
vn 0.020736694 -0.054138184 0.99853516
vn 0.020736694 -0.054138184 0.99853516
vn 0.058288574 0.022460938 0.9980469
vn 0.058288574 0.022460938 0.9980469
vn 0.058288574 0.022460938 0.9980469
vn 0.058288574 0.022460938 0.9980469
vn 5.7816505E-06 1.2278557E-05 -1
vn 1.8060207E-05 2.3782253E-05 -1
vn -1.7285347E-06 5.2452087E-06 -1
vn -1.7285347E-06 5.2452087E-06 -1
vn -0.049804688 -0.02230835 0.99853516
vn -0.049804688 -0.02230835 0.99853516
vn -0.049804688 -0.02230835 0.99853516
vn -0.049804688 -0.02230835 0.99853516
vn 0.32641602 -0.93603516 0.13195801
vn 0.32641602 -0.93603516 0.13195801
vn 0.5419922 -0.8378906 0.063964844
vn 0.42626953 -0.8989258 0.10235596
vn 1.1026859E-05 1.9192696E-05 -1
vn -1.4662743E-05 -2.4437904E-06 -1
vn 1.8060207E-05 2.3782253E-05 -1
vn 5.7816505E-06 1.2278557E-05 -1
vn 1.1920929E-05 -5.2452087E-06 -1
vn 4.172325E-06 2.3245811E-06 -1
vn 4.172325E-06 2.3245811E-06 -1
vn 2.4616718E-05 -1.7642975E-05 -1
vn 2.0325184E-05 -1.0788441E-05 -1
vn -2.4437904E-06 1.4841557E-05 -1
vn -0 1.013279E-05 -1
vn -0 1.013279E-05 -1
vn -0 1.013279E-05 -1
vn -0 1.013279E-05 -1
vn 0.04977417 -0.02230835 0.99853516
vn 0.04977417 -0.02229309 0.99853516
vn 0.04977417 -0.02230835 0.99853516
vn 0.04977417 -0.02230835 0.99853516
vn -0.7011719 0.7128906 -0.0074653625
vn -0.69970703 0.71435547 -0.0022907257
vn -0.69970703 0.71435547 -0.0022907257
vn -0.7011719 0.7128906 -0.0071640015
vn -0.7050781 0.70947266 -0.006324768
vn -0.7050781 0.70947266 -0.0063552856
vn -5.7816505E-06 1.2814999E-05 -1
vn 1.4662743E-05 -2.4437904E-06 -1
vn -1.1026859E-05 1.9192696E-05 -1
vn -1.8060207E-05 2.4080276E-05 -1
vn 1.7285347E-06 5.9604645E-06 -1
vn 1.7285347E-06 5.9604645E-06 -1
vn 1.013279E-05 0 -1
vn 1.013279E-05 0 -1
vn 1.013279E-05 0 -1
vn 1.013279E-05 0 -1
vn -0.02281189 0.0541687 0.9980469
vn -0.02281189 0.0541687 0.9980469
vn -0.02281189 0.0541687 0.9980469
vn -0.02281189 0.0541687 0.9980469
vn -1 0 -2.3841858E-07
vn -1 0 0
vn -1 0 2.9802322E-07
vn -1 0 -2.3841858E-07
vn -1 0 2.9802322E-07
vn -1 0 0
vn -1 0 0
vn -1 0 0
vn -1 0 0
vn -1 0 0
vn -1 0 0
vn -1 0 -2.3841858E-07
vn -1 0 0
vn -1 0 -5.364418E-07
vn -1 0 1.1920929E-07
vn -1 0 -1.1920929E-07
vn 1 0 0
vn 1 0 0
vn 1 0 0
vn 1 0 0
vn 1 0 5.364418E-07
vn 1 0 5.364418E-07
vn 1 0 0
vn 1 0 1.0728836E-06
vn 1 0 -1.0728836E-06
vn 1 0 0
vn 1 0 -5.364418E-07
vn 1 0 -1.0728836E-06
vn 1 0 0
vn 1 0 -2.3841858E-07
vn 1 0 -1.1920929E-07
vn 1 0 1.1920929E-07
vn -0 0.70703125 0.70703125
vn -0 0.38256836 0.9238281
vn -0 0.70703125 0.70703125
vn -0 0.38256836 0.9238281
vn -0 0 1
vn -0 0 1
vn -0 -0.38256836 0.9238281
vn -0 -0.38256836 0.9238281
vn -0 -0.70703125 0.70703125
vn -0 -0.70703125 0.70703125
vn -0 0.9238281 0.38256836
vn -0 0.70703125 0.70703125
vn -0 0.70703125 0.70703125
vn -0 0.9238281 0.38256836
vn -0 1 0
vn -0 1 0
vn -0 0.9238281 -0.38256836
vn -0 0.9238281 -0.38256836
vn -0 0.70703125 -0.70703125
vn -0 0.70703125 -0.70703125
vn -0 0.38256836 -0.9238281
vn -0 0.70703125 -0.70703125
vn -0 0.70703125 -0.70703125
vn -0 0.38256836 -0.9238281
vn -0 0 -1
vn -0 0 -1
vn -0 -0.38256836 -0.9238281
vn -0 -0.38256836 -0.9238281
vn -0 -0.70703125 -0.70703125
vn -0 -0.70703125 -0.70703125
vn -0 -0.9238281 -0.38256836
vn -0 -0.70703125 -0.70703125
vn -0 -0.70703125 -0.70703125
vn -0 -0.9238281 -0.38256836
vn -0 -1 0
vn -0 -1 0
vn -0 -0.9238281 0.38256836
vn -0 -0.9238281 0.38256836
vn -0 -0.70703125 0.70703125
vn -0 -0.70703125 0.70703125
vn -0 -0.38256836 0.9238281
vn -0 -0.70703125 0.70703125
vn -0 -0.70703125 0.70703125
vn -0 -0.38256836 0.9238281
vn -0 0 1
vn -0 0 1
vn -0 0.38256836 0.9238281
vn -0 0.38256836 0.9238281
vn -0 0.70703125 0.70703125
vn -0 0.70703125 0.70703125
vn -0 -0.70703125 0.70703125
vn -0 -0.9238281 0.38256836
vn -0 -0.70703125 0.70703125
vn -0 -0.9238281 0.38256836
vn -0 -1 0
vn -0 -1 0
vn -0 -0.9238281 -0.3828125
vn -0 -0.9238281 -0.3828125
vn -0 -0.70703125 -0.70703125
vn -0 -0.70703125 -0.70703125
vn -0 -0.70703125 -0.70703125
vn -0 -0.3828125 -0.9238281
vn -0 -0.70703125 -0.70703125
vn -0 -0.3828125 -0.9238281
vn -0 0 -1
vn -0 0 -1
vn -0 0.3828125 -0.9238281
vn -0 0.3828125 -0.9238281
vn -0 0.70703125 -0.70703125
vn -0 0.70703125 -0.70703125
vn -0 0.70703125 -0.70703125
vn -0 0.9238281 -0.3828125
vn -0 0.70703125 -0.70703125
vn -0 0.9238281 -0.3828125
vn -0 1 0
vn -0 1 0
vn -0 0.9238281 0.38256836
vn -0 0.9238281 0.38256836
vn -0 0.70703125 0.70703125
vn -0 0.70703125 0.70703125
vn -0 0.70703125 0.70703125
vn -0 0.38256836 0.9238281
vn -0 0.70703125 0.70703125
vn -0 0.38256836 0.9238281
vn -0 0 1
vn -0 0 1
vn -0 -0.38256836 0.9238281
vn -0 -0.38256836 0.9238281
vn -0 -0.70703125 0.70703125
vn -0 -0.70703125 0.70703125
vn -0 0.9238281 0.38256836
vn -0 0.70703125 0.70703125
vn -0 0.70703125 0.70703125
vn -0 0.9238281 0.38256836
vn -0 1 4.7683716E-07
vn -0 1 4.7683716E-07
vn -0 0.9238281 -0.3828125
vn -0 0.9238281 -0.3828125
vn -0 0.70703125 -0.70703125
vn -0 0.70703125 -0.70703125
vn -0 0.3828125 -0.9238281
vn -0 0.70703125 -0.70703125
vn -0 0.70703125 -0.70703125
vn -0 0.3828125 -0.9238281
vn -0 0 -1
vn -0 0 -1
vn -0 -0.3828125 -0.9238281
vn -0 -0.3828125 -0.9238281
vn -0 -0.70703125 -0.70703125
vn -0 -0.70703125 -0.70703125
vn -0 -0.9238281 -0.3828125
vn -0 -0.70703125 -0.70703125
vn -0 -0.70703125 -0.70703125
vn -0 -0.9238281 -0.3828125
vn -0 -1 4.7683716E-07
vn -0 -1 4.7683716E-07
vn -0 -0.9238281 0.38256836
vn -0 -0.9238281 0.38256836
vn -0 -0.70703125 0.70703125
vn -0 -0.70703125 0.70703125
vn -0 0.070129395 -0.9975586
vn -0 0.070129395 -0.9975586
vn -0 0.070129395 -0.9975586
vn -0 0.070129395 -0.9975586
vn -1 -7.1525574E-07 0
vn -1 -7.1525574E-07 0
vn -1 -7.1525574E-07 0
vn -1 -7.1525574E-07 0
vn -1 -7.1525574E-07 0
vn -1 -7.1525574E-07 0
vn -1 -7.1525574E-07 0
vn 1 2.9802322E-07 0
vn 1 2.9802322E-07 0
vn 1 2.9802322E-07 0
vn 1 2.9802322E-07 0
vn 1 2.9802322E-07 0
vn 1 2.9802322E-07 0
vn 1 2.9802322E-07 0
vn -0 -0.9663086 0.25708008
vn -0 -0.97314453 0.23046875
vn -0 -0.9663086 0.25708008
vn -0 -0.97314453 0.23046875
vn -0 -0.98583984 0.16674805
vn -0 -0.98583984 0.16674805
vn -0 -0.99560547 0.092163086
vn -0 -0.99560547 0.092163086
vn -0 -0.9995117 0.027313232
vn -0 -0.9995117 0.027313232
vn -0 -1 0
vn -0 -1 0
vn -0 1 0
vn -0 1 0
vn -0 1 0
vn -0 1 0
vn -1 0 -0.00894165
vn -1 0 -0.00894165
vn -1 0 -0.00894165
vn -1 0 -0.00894165
vn 0.0001950264 1 1.9073486E-06
vn 0.0001950264 1 1.9073486E-06
vn 0.0001950264 1 1.9073486E-06
vn 0.0001950264 1 1.9073486E-06
vn 1 0 0.00894165
vn 1 0 0.00894165
vn 1 0 0.00894165
vn 1 0 0.00894165
vn -0 1 1.7881393E-07
vn -0 1 1.7881393E-07
vn -0 1 1.7881393E-07
vn -0 1 1.7881393E-07
vn 0.70703125 -0.70703125 0.0063209534
vn 0.70703125 -0.70703125 0.0063209534
vn 0.70703125 -0.70703125 0.0063209534
vn 0.70703125 -0.70703125 0.0063209534
vn 0.70654297 -0.70751953 0.0063171387
vn 0.70654297 -0.70751953 0.0063171387
vn 0.70654297 -0.70751953 0.0063171387
vn 0.70654297 -0.70751953 0.0063171387
vn 0.70751953 0.70654297 0.006324768
vn 0.70751953 0.70654297 0.006324768
vn 0.70751953 0.70654297 0.006324768
vn 0.70751953 0.70654297 0.006324768
vn -1 0 -0.00894165
vn -1 0 -0.00894165
vn -1 0 -0.00894165
vn -1 0 -0.00894165
vn -0.70751953 -0.70654297 -0.006324768
vn -0.70751953 -0.70654297 -0.006324768
vn -0.70751953 -0.70654297 -0.006324768
vn -0.70751953 -0.70654297 -0.006324768
vn -0 -1 0
vn -0 -1 0
vn -0 -1 0
vn -0 -1 0
vn 1 0 0.00894165
vn 1 0 0.00894165
vn 1 0 0.00894165
vn 1 0 0.00894165
vn -0.70703125 0.70703125 -0.0063209534
vn -0.70703125 0.70703125 -0.0063209534
vn -0.70703125 0.70703125 -0.0063209534
vn -0.70703125 0.70703125 -0.0063209534
vn -0.70654297 -0.70751953 -0.0063171387
vn -0.70654297 -0.70751953 -0.0063171387
vn -0.70654297 -0.70751953 -0.0063171387
vn -0.70654297 -0.70751953 -0.0063171387
vn 0.70654297 0.70751953 0.0063171387
vn 0.70654297 0.70751953 0.0063171387
vn 0.70654297 0.70751953 0.0063171387
vn 0.70654297 0.70751953 0.0063171387
vn -0.00019478798 -1 -1.9073486E-06
vn -0.00019478798 -1 -1.9073486E-06
vn -0.00019478798 -1 -1.9073486E-06
vn -0.00019478798 -1 -1.9073486E-06
vn -0.70654297 0.70751953 -0.0063171387
vn -0.70654297 0.70751953 -0.0063171387
vn -0.70654297 0.70751953 -0.0063171387
vn -0.70654297 0.70751953 -0.0063171387
vn -0.5 0.5 0.70703125
vn -0.5 0.5 0.70703125
vn -0.5 0.5 0.70703125
vn -0.5 0.5 0.70703125
vn -0.5 0.5 0.70703125
vn -0.5 0.5 0.70703125
vn -0.5 0.5 0.70703125
vn -0.5 0.5 0.70703125
vn -0.5 -0.5 0.70703125
vn -0.5 -0.5 0.70703125
vn -0.5 -0.5 0.70703125
vn -0.5 -0.5 0.70703125
vn -0.5 -0.5 0.70703125
vn -0.5 -0.5 0.70703125
vn -0.5 -0.5 0.70703125
vn -0.5 -0.5 0.70703125
vn 0.5 0.5 0.70703125
vn 0.5 0.5 0.70703125
vn 0.5 0.5 0.70703125
vn 0.5 0.5 0.70703125
vn 0.5 0.5 0.70703125
vn 0.5 0.5 0.70703125
vn 0.5 0.5 0.70703125
vn 0.5 0.5 0.70703125
vn 0.5 -0.5 0.70703125
vn 0.5 -0.5 0.70703125
vn 0.5 -0.5 0.70703125
vn 0.5 -0.5 0.70703125
vn 0.5 -0.5 0.70703125
vn 0.5 -0.5 0.70703125
vn 0.5 -0.5 0.70703125
vn 0.5 -0.5 0.70703125
vn -0.70410156 0.7104492 0.0020828247
vn -0.70410156 0.7104492 0.0020828247
vn -0.6870117 0.7265625 -0.0025997162
vn -0.6870117 0.7265625 -0.0025997162
vn -0.7104492 -0.70410156 0.0020809174
vn -0.7104492 -0.70410156 0.0020809174
vn -0.7265625 -0.6870117 -0.0025997162
vn -0.7265625 -0.6870117 -0.0025997162
vn 0.70410156 -0.7104492 0.0020809174
vn 0.70410156 -0.7104492 0.0020809174
vn 0.6870117 -0.7265625 -0.0025997162
vn 0.6870117 -0.7265625 -0.0025997162
vn 0.7104492 0.70410156 0.0020828247
vn 0.7104492 0.70410156 0.0020828247
vn 0.7265625 0.6870117 -0.0025997162
vn 0.7265625 0.6870117 -0.0025997162
vn 0.7265625 -0.6870117 -0.0025997162
vn 0.7265625 -0.6870117 -0.0025997162
vn 0.7104492 -0.70410156 0.0020828247
vn 0.7104492 -0.70410156 0.0020828247
vn -0.7265625 0.6870117 -0.0025997162
vn -0.7265625 0.6870117 -0.0025997162
vn -0.7104492 0.70410156 0.0020809174
vn -0.7104492 0.70410156 0.0020809174
vn -0.6870117 -0.7265625 -0.0025997162
vn -0.6870117 -0.7265625 -0.0025997162
vn -0.70410156 -0.7104492 0.0020809174
vn -0.70410156 -0.7104492 0.0020809174
vn 0.6870117 0.7265625 -0.0025997162
vn 0.6870117 0.7265625 -0.0025997162
vn 0.70410156 0.7104492 0.0020828247
vn 0.70410156 0.7104492 0.0020828247
vn -0.6870117 0.7265625 -0.0025997162
vn -0.6870117 0.7265625 -0.0025997162
vn -0.6699219 0.7421875 -0.007282257
vn -0.6699219 0.7421875 -0.007282257
vn -0.7265625 -0.6870117 -0.0025997162
vn -0.7265625 -0.6870117 -0.0025997162
vn -0.7421875 -0.6699219 -0.007282257
vn -0.7421875 -0.6699219 -0.007282257
vn 0.6870117 -0.7265625 -0.0025997162
vn 0.6870117 -0.7265625 -0.0025997162
vn 0.6699219 -0.7421875 -0.007282257
vn 0.6699219 -0.7421875 -0.007282257
vn 0.7265625 0.6870117 -0.0025997162
vn 0.7265625 0.6870117 -0.0025997162
vn 0.7421875 0.6699219 -0.007282257
vn 0.7421875 0.6699219 -0.007282257
vn 0.7421875 -0.6699219 -0.007282257
vn 0.7421875 -0.6699219 -0.007282257
vn 0.7265625 -0.6870117 -0.0025997162
vn 0.7265625 -0.6870117 -0.0025997162
vn -0.7421875 0.6699219 -0.007282257
vn -0.7421875 0.6699219 -0.007282257
vn -0.7265625 0.6870117 -0.0025997162
vn -0.7265625 0.6870117 -0.0025997162
vn -0.6699219 -0.7421875 -0.007282257
vn -0.6699219 -0.7421875 -0.007282257
vn -0.6870117 -0.7265625 -0.0025997162
vn -0.6870117 -0.7265625 -0.0025997162
vn 0.6699219 0.7421875 -0.007282257
vn 0.6699219 0.7421875 -0.007282257
vn 0.6870117 0.7265625 -0.0025997162
vn 0.6870117 0.7265625 -0.0025997162
vn -0.1574707 0.15893555 0.9746094
vn -0.1574707 0.16040039 0.9746094
vn -0.1574707 0.16040039 0.9746094
vn -0.1574707 0.15893555 0.9746094
vn -0.15893555 0.1574707 0.9746094
vn -0.15893555 0.1574707 0.9746094
vn -0.16040039 0.1574707 0.9746094
vn -0.16040039 0.1574707 0.9746094
vn -0.15893555 -0.1574707 0.9746094
vn -0.16040039 -0.1574707 0.9746094
vn -0.16040039 -0.1574707 0.9746094
vn -0.15893555 -0.1574707 0.9746094
vn -0.1574707 -0.15893555 0.9746094
vn -0.1574707 -0.15893555 0.9746094
vn -0.1574707 -0.16040039 0.9746094
vn -0.1574707 -0.16040039 0.9746094
vn 0.15893555 0.1574707 0.9746094
vn 0.16040039 0.1574707 0.9746094
vn 0.16040039 0.1574707 0.9746094
vn 0.15893555 0.1574707 0.9746094
vn 0.1574707 0.15893555 0.9746094
vn 0.1574707 0.15893555 0.9746094
vn 0.1574707 0.16040039 0.9746094
vn 0.1574707 0.16040039 0.9746094
vn 0.1574707 -0.15893555 0.9746094
vn 0.1574707 -0.16040039 0.9746094
vn 0.1574707 -0.16040039 0.9746094
vn 0.1574707 -0.15893555 0.9746094
vn 0.15893555 -0.1574707 0.9746094
vn 0.15893555 -0.1574707 0.9746094
vn 0.16040039 -0.1574707 0.9746094
vn 0.16040039 -0.1574707 0.9746094
vn 0.70458984 -0.70947266 -8.904934E-05
vn 0.70458984 -0.70947266 -8.904934E-05
vn 0.70410156 -0.7104492 -0.0020751953
vn 0.70410156 -0.7104492 -0.0020751953
vn 0.70947266 0.70458984 -8.833408E-05
vn 0.7104492 0.70410156 -0.0020751953
vn 0.7104492 0.70410156 -0.0020751953
vn 0.70947266 0.70458984 -8.833408E-05
vn 0.7089844 0.7050781 0.0018978119
vn 0.7089844 0.7050781 0.0018978119
vn -0.70458984 0.70947266 -8.839369E-05
vn -0.70410156 0.7104492 -0.002073288
vn -0.70410156 0.7104492 -0.002073288
vn -0.70458984 0.70947266 -8.839369E-05
vn -0.7050781 0.7089844 0.0018968582
vn -0.7050781 0.7089844 0.0018968582
vn -0.70947266 -0.70458984 -8.85725E-05
vn -0.7104492 -0.70410156 -0.0020751953
vn -0.7104492 -0.70410156 -0.0020751953
vn -0.70947266 -0.70458984 -8.85725E-05
vn -0.7089844 -0.7050781 0.0018978119
vn -0.7089844 -0.7050781 0.0018978119
vn -0.7104492 0.70410156 -0.002073288
vn -0.7104492 0.70410156 -0.002073288
vn -0.70947266 0.70458984 -8.845329E-05
vn -0.70947266 0.70458984 -8.845329E-05
vn -0.7089844 0.7050781 0.0018968582
vn -0.7089844 0.7050781 0.0018968582
vn 0.7104492 -0.70410156 -0.0020751953
vn 0.7104492 -0.70410156 -0.0020751953
vn 0.70947266 -0.70458984 -8.85129E-05
vn 0.70947266 -0.70458984 -8.85129E-05
vn 0.7089844 -0.7050781 0.0018978119
vn 0.7089844 -0.7050781 0.0018978119
vn 0.70410156 0.7104492 -0.002073288
vn 0.70410156 0.7104492 -0.002073288
vn 0.70458984 0.70947266 -8.863211E-05
vn 0.70458984 0.70947266 -8.863211E-05
vn 0.7050781 0.7089844 0.0018968582
vn 0.7050781 0.7089844 0.0018968582
vn -0.70410156 -0.7104492 -0.0020751953
vn -0.70410156 -0.7104492 -0.0020751953
vn -0.70458984 -0.70947266 -8.8751316E-05
vn -0.70458984 -0.70947266 -8.8751316E-05
vn -0.7050781 -0.7089844 0.0018968582
vn -0.7050781 -0.7089844 0.0018968582
vn 0.7050781 -0.7089844 0.0018968582
vn 0.7050781 -0.7089844 0.0018968582
vn 0.70458984 -0.70947266 -8.904934E-05
vn 0.70458984 -0.70947266 -8.904934E-05
vn 1.2218952E-05 2.5808811E-05 -1
vn -2.0325184E-05 -1.0788441E-05 -1
vn 2.4437904E-06 1.4841557E-05 -1
vn 1.2218952E-05 2.5808811E-05 -1
vn -2.5689602E-05 -1.168251E-05 -1
vn -1.4662743E-05 -2.4437904E-06 -1
vn 1.1026859E-05 1.9192696E-05 -1
vn -2.5689602E-05 -1.168251E-05 -1
vn -2.5868416E-05 1.2278557E-05 -1
vn 1.0967255E-05 -1.8954277E-05 -1
vn -1.4841557E-05 2.9206276E-06 -1
vn -2.5868416E-05 1.2278557E-05 -1
vn 1.2218952E-05 -2.5808811E-05 -1
vn 2.4437904E-06 -1.50203705E-05 -1
vn -2.0325184E-05 1.013279E-05 -1
vn 1.2218952E-05 -2.5808811E-05 -1
vn 2.5689602E-05 -1.168251E-05 -1
vn -1.1026859E-05 1.9192696E-05 -1
vn 1.4662743E-05 -2.4437904E-06 -1
vn 2.5689602E-05 -1.168251E-05 -1
vn -1.2218952E-05 2.5808811E-05 -1
vn -2.4437904E-06 1.4841557E-05 -1
vn 2.0325184E-05 -1.0788441E-05 -1
vn -1.2218952E-05 2.5808811E-05 -1
vn -1.2218952E-05 -2.5808811E-05 -1
vn 2.0325184E-05 1.013279E-05 -1
vn -2.4437904E-06 -1.50203705E-05 -1
vn -1.2218952E-05 -2.5808811E-05 -1
vn 2.5868416E-05 1.2278557E-05 -1
vn 1.4841557E-05 2.9206276E-06 -1
vn -1.0967255E-05 -1.8954277E-05 -1
vn 2.5868416E-05 1.2278557E-05 -1
vn 0.6875 0.6875 -0.23510742
vn 0.6875 0.6875 -0.23510742
vn 0.6875 0.6875 -0.23510742
vn 0.6875 0.6875 -0.23510742
vn -0.6875 -0.6875 -0.23522949
vn -0.6875 -0.6875 -0.23522949
vn -0.6875 -0.6875 -0.23522949
vn -0.6875 -0.6875 -0.23522949
vn -0.6875 0.6875 -0.23522949
vn -0.6875 0.6875 -0.23522949
vn -0.6875 0.6875 -0.23522949
vn -0.6875 0.6875 -0.23522949
vn -0.70703125 -0.70703125 -0.005973816
vn -0.70703125 -0.70703125 0.011230469
vn -0.70703125 -0.70703125 0.011230469
vn -0.70703125 -0.70703125 -0.005973816
vn -0.70703125 -0.70703125 -0.0231781
vn -0.70703125 -0.70703125 -0.0231781
vn 0.70703125 -0.70703125 -0.005973816
vn 0.70703125 -0.70703125 0.011230469
vn 0.70703125 -0.70703125 0.011230469
vn 0.70703125 -0.70703125 -0.005973816
vn 0.70703125 -0.70703125 -0.0231781
vn 0.70703125 -0.70703125 -0.0231781
vn 0.70703125 0.70703125 -0.005973816
vn 0.70703125 0.70703125 -0.005973816
vn 0.70703125 0.70703125 0.011230469
vn 0.70703125 0.70703125 0.011230469
vn -0.70703125 0.70703125 -0.005973816
vn -0.70703125 0.70703125 -0.0231781
vn -0.70703125 0.70703125 -0.0231781
vn -0.70703125 0.70703125 -0.005973816
vn -0.70703125 0.70703125 0.011230469
vn -0.70703125 0.70703125 0.011230469
vn 0.6875 -0.6875 -0.23510742
vn 0.6875 -0.6875 -0.23510742
vn 0.6875 -0.6875 -0.23510742
vn 0.6875 -0.6875 -0.23510742
vn 0.70703125 0.70703125 -0.0231781
vn 0.70703125 0.70703125 -0.0231781
vn 0.70703125 0.70703125 -0.005973816
vn 0.70703125 0.70703125 -0.005973816
vn -0.11340332 -0.11340332 0.9873047
vn -0.11340332 -0.11340332 0.9873047
vn -0.11340332 -0.11340332 0.9873047
vn -0.11340332 -0.11340332 0.9873047
vn 0.11340332 0.11340332 0.9873047
vn 0.11340332 0.11340332 0.9873047
vn 0.11340332 0.11340332 0.9873047
vn 0.11340332 0.11340332 0.9873047
vn 0.11340332 -0.11340332 0.9873047
vn 0.11340332 -0.11340332 0.9873047
vn 0.11340332 -0.11340332 0.9873047
vn 0.11340332 -0.11340332 0.9873047
vn 0.70703125 0.70703125 -0.008781433
vn 0.70703125 0.70703125 0.01411438
vn 0.70703125 0.70703125 0.01411438
vn 0.70703125 0.70703125 -0.008781433
vn 0.70654297 0.70654297 -0.03186035
vn 0.70654297 0.70654297 -0.03186035
vn -0.70703125 0.70703125 -0.008781433
vn -0.70703125 0.70703125 0.01411438
vn -0.70703125 0.70703125 0.01411438
vn -0.70703125 0.70703125 -0.008781433
vn -0.70703125 -0.70703125 -0.008781433
vn -0.70703125 -0.70703125 0.01411438
vn -0.70703125 -0.70703125 0.01411438
vn -0.70703125 -0.70703125 -0.008781433
vn -0.70654297 -0.70654297 -0.03186035
vn -0.70654297 -0.70654297 -0.03186035
vn 0.70703125 -0.70703125 -0.008781433
vn 0.70654297 -0.70654297 -0.03186035
vn 0.70654297 -0.70654297 -0.03186035
vn 0.70703125 -0.70703125 -0.008781433
vn 0.70703125 -0.70703125 0.01411438
vn 0.70703125 -0.70703125 0.01411438
vn -0.11340332 0.11340332 0.9873047
vn -0.11340332 0.11340332 0.9873047
vn -0.11340332 0.11340332 0.9873047
vn -0.11340332 0.11340332 0.9873047
vn -0.70654297 0.70654297 -0.03186035
vn -0.70703125 0.70703125 -0.008781433
vn -0.70703125 0.70703125 -0.008781433
vn -0.70654297 0.70654297 -0.03186035
vn -0.00063180923 -0.0006322861 -1
vn -0.00063180923 -0.0006322861 -1
vn -0.00063180923 -0.0006322861 -1
vn -0.00063180923 -0.0006322861 -1
vn 0.00063180923 -0.0006322861 -1
vn 0.00063180923 -0.0006322861 -1
vn 0.00063180923 -0.0006322861 -1
vn 0.00063180923 -0.0006322861 -1
vn -0.00063180923 0.00063180923 -1
vn -0.00063180923 0.00063180923 -1
vn -0.00063180923 0.00063180923 -1
vn -0.00063180923 0.00063180923 -1
vn 0.00063180923 0.00063180923 -1
vn 0.00063180923 0.00063180923 -1
vn 0.00063180923 0.00063180923 -1
vn 0.00063180923 0.00063180923 -1
vn 0.8989258 -0.42626953 0.10229492
vn 0.8378906 -0.5419922 0.063964844
vn 0.93603516 -0.32641602 0.13195801
vn 0.93603516 -0.32641602 0.13195801
vn -0.69970703 -0.71435547 -0.0023021698
vn -0.69970703 -0.71435547 -0.0023021698
vn -0.7011719 -0.7128906 -0.007171631
vn -0.7011719 -0.7128906 -0.0074691772
vn -0.7050781 -0.70947266 -0.0063552856
vn -0.7050781 -0.70947266 -0.006324768
vn -0.7011719 -0.7128906 -9.2327595E-05
vn -0.7011719 -0.7128906 -9.268522E-05
vn 0.42626953 0.8989258 0.10229492
vn 0.5419922 0.8378906 0.063964844
vn 0.32666016 0.93603516 0.13195801
vn 0.32666016 0.93603516 0.13195801
vn 0.71435547 -0.69970703 -0.0023059845
vn 0.71435547 -0.69970703 -0.0023059845
vn 0.7128906 -0.7011719 -0.007171631
vn 0.7128906 -0.7011719 -0.007472992
vn 0.70947266 -0.7050781 -0.0063552856
vn 0.70947266 -0.7050781 -0.006324768
vn 0.7128906 -0.7011719 -9.423494E-05
vn 0.7128906 -0.7011719 -9.459257E-05
vn 0.7011719 0.7128906 -9.357929E-05
vn 0.7011719 0.7128906 -9.2446804E-05
vn 0.70703125 0.70703125 -5.877018E-05
vn 0.70703125 0.70703125 -5.877018E-05
vn 0.69970703 0.71435547 -0.002298355
vn 0.69970703 0.71435547 -0.002298355
vn 0.7011719 0.7128906 -0.007167816
vn 0.7011719 0.7128906 -0.0074653625
vn -0.7011719 -0.7128906 -9.357929E-05
vn -0.7011719 -0.7128906 -9.2446804E-05
vn -0.70703125 -0.70703125 -5.8948994E-05
vn -0.70703125 -0.70703125 -5.8948994E-05
vn 0.7050781 0.70947266 -0.006324768
vn 0.7011719 0.7128906 -9.179115E-05
vn 0.7011719 0.7128906 -9.2089176E-05
vn 0.7050781 0.70947266 -0.0063552856
vn 0.7011719 0.7128906 -0.0074653625
vn 0.7011719 0.7128906 -0.007167816
vn 0.7128906 -0.7011719 -9.5784664E-05
vn 0.7128906 -0.7011719 -9.4652176E-05
vn 0.70703125 -0.70703125 -5.9247017E-05
vn 0.70703125 -0.70703125 -5.9247017E-05
vn -0.7128906 0.7011719 -9.137392E-05
vn -0.7128906 0.7011719 -9.036064E-05
vn -0.70703125 0.70703125 -5.865097E-05
vn -0.70703125 0.70703125 -5.865097E-05
vn 0.8989258 0.42626953 0.10235596
vn 0.8378906 0.5419922 0.063964844
vn 0.70703125 0.70703125 -5.877018E-05
vn 0.70703125 0.70703125 -5.877018E-05
vn -0.70947266 0.7050781 -0.006324768
vn -0.70947266 0.7050781 -0.0063552856
vn -0.7128906 0.7011719 -9.006262E-05
vn -0.7128906 0.7011719 -9.0420246E-05
vn -0.42626953 0.8989258 0.10235596
vn -0.5419922 0.8378906 0.063964844
vn -0.70703125 0.70703125 -5.8829784E-05
vn -0.70703125 0.70703125 -5.8829784E-05
vn -0.8989258 -0.42626953 0.10229492
vn -0.8378906 -0.5419922 0.063964844
vn -0.70703125 -0.70703125 -5.9247017E-05
vn -0.70703125 -0.70703125 -5.9247017E-05
vn 0.42626953 -0.8989258 0.10235596
vn 0.5419922 -0.8378906 0.063964844
vn 0.70703125 -0.70703125 -5.90086E-05
vn 0.70703125 -0.70703125 -5.90086E-05
vn 0.70703125 0.70703125 -5.877018E-05
vn 0.70703125 0.70703125 -5.877018E-05
vn 0.5419922 0.8378906 0.063964844
vn 0.42626953 0.8989258 0.10229492
vn -0.70703125 -0.70703125 -5.8948994E-05
vn -0.70703125 -0.70703125 -5.8948994E-05
vn -0.5419922 -0.8378906 0.063964844
vn -0.42626953 -0.8989258 0.10229492
vn 0.70703125 -0.70703125 -5.9247017E-05
vn 0.70703125 -0.70703125 -5.9247017E-05
vn 0.8378906 -0.5419922 0.063964844
vn 0.8989258 -0.42626953 0.10229492
vn 0.93603516 0.32666016 0.13195801
vn 0.93603516 0.32666016 0.13195801
vn 0.8378906 0.5419922 0.063964844
vn 0.8989258 0.42626953 0.10235596
vn -0.70703125 0.70703125 -5.865097E-05
vn -0.70703125 0.70703125 -5.865097E-05
vn -0.8378906 0.5419922 0.063964844
vn -0.8989258 0.42626953 0.10229492
vn -0.5 0.5 -0.70703125
vn -0.5 0.5 -0.70703125
vn -0.5 0.5 -0.70703125
vn -0.5 0.5 -0.70703125
vn -0.32666016 0.93603516 0.13195801
vn -0.32666016 0.93603516 0.13195801
vn -0.5419922 0.8378906 0.063964844
vn -0.42626953 0.8989258 0.10235596
vn -0.68847656 0.68847656 -0.22888184
vn -0.68847656 0.68847656 -0.22888184
vn -0.68847656 0.68847656 -0.22888184
vn -0.68847656 0.68847656 -0.22888184
vn -0.5 -0.5 -0.70703125
vn -0.5 -0.5 -0.70703125
vn -0.5 -0.5 -0.70703125
vn -0.5 -0.5 -0.70703125
vn -0.7011719 -0.7128906 -9.268522E-05
vn -0.7011719 -0.7128906 -9.2327595E-05
vn -0.7011719 -0.7128906 -9.2446804E-05
vn -0.7011719 -0.7128906 -9.357929E-05
vn -0 -1 0
vn -0 -1 0
vn -0 -1 0
vn -0 -1 0
vn -0 1 0
vn -0 1 0
vn -0 1 0
vn -0 1 0
vn 1 0 2.9802322E-07
vn 1 0 2.9802322E-07
vn 1 0 2.9802322E-07
vn 1 0 2.9802322E-07
vn -1 0 2.3841858E-07
vn -1 0 2.3841858E-07
vn -1 0 2.3841858E-07
vn -1 0 2.3841858E-07
vn -0 1 -7.1525574E-06
vn -0 1 -7.1525574E-06
vn -0 1 -7.1525574E-06
vn -0 1 -7.1525574E-06
vn -0 -1 -7.1525574E-06
vn -0 -1 -7.1525574E-06
vn -0 -1 -7.1525574E-06
vn -0 -1 -7.1525574E-06
vn -1 0 -5.2452087E-06
vn -1 0 -5.2452087E-06
vn -1 0 -5.2452087E-06
vn -1 0 -5.2452087E-06
vn 1 0 -5.7816505E-06
vn 1 0 -5.7816505E-06
vn 1 0 -5.7816505E-06
vn 1 0 -5.7816505E-06
vn -0.13464355 0 0.99072266
vn -0.13464355 0 0.99072266
vn -0.13464355 0 0.99072266
vn -0.13464355 0 0.99072266
vn 0.13916016 0.9902344 0.00024724007
vn 0.13916016 0.9902344 0.00024724007
vn 0.13916016 0.9902344 0.00024724007
vn 0.13916016 0.9902344 0.00024724007
vn -0 0.13476562 -0.99072266
vn -0 0.13476562 -0.99072266
vn -0 0.13476562 -0.99072266
vn -0 0.13476562 -0.99072266
vn 0.13464355 0 0.99072266
vn 0.13464355 0 0.99072266
vn 0.13464355 0 0.99072266
vn 0.13464355 0 0.99072266
vn -0.9902344 -0.14001465 0.00024914742
vn -0.9902344 -0.14001465 0.00024914742
vn -0.9902344 -0.14001465 0.00024914742
vn -0.9902344 -0.14001465 0.00024914742
vn 0.13464355 0 -0.99072266
vn 0.13464355 0 -0.99072266
vn 0.13464355 0 -0.99072266
vn 0.13464355 0 -0.99072266
vn 0.9902344 0.14001465 0.00024986267
vn 0.9902344 0.14001465 0.00024986267
vn 0.9902344 0.14001465 0.00024986267
vn 0.9902344 0.14001465 0.00024986267
vn -0 -0.13476562 -0.99072266
vn -0 -0.13476562 -0.99072266
vn -0 -0.13476562 -0.99072266
vn -0 -0.13476562 -0.99072266
vn -0.13916016 0.9902344 0.00024795532
vn -0.13916016 0.9902344 0.00024795532
vn -0.13916016 0.9902344 0.00024795532
vn -0.13916016 0.9902344 0.00024795532
vn -0.13464355 0 -0.99072266
vn -0.13464355 0 -0.99072266
vn -0.13464355 0 -0.99072266
vn -0.13464355 0 -0.99072266
vn 0.13916016 -0.9902344 0.00024795532
vn 0.13916016 -0.9902344 0.00024795532
vn 0.13916016 -0.9902344 0.00024795532
vn 0.13916016 -0.9902344 0.00024795532
vn -0.9902344 0.14001465 0.00024843216
vn -0.9902344 0.14001465 0.00024843216
vn -0.9902344 0.14001465 0.00024843216
vn -0.9902344 0.14001465 0.00024843216
vn -0 0.1348877 0.99072266
vn -0 0.1348877 0.99072266
vn -0 0.1348877 0.99072266
vn -0 0.1348877 0.99072266
vn 0.9902344 -0.14001465 0.00024843216
vn 0.9902344 -0.14001465 0.00024843216
vn 0.9902344 -0.14001465 0.00024843216
vn 0.9902344 -0.14001465 0.00024843216
vn -0 -0.1348877 0.99072266
vn -0 -0.1348877 0.99072266
vn -0 -0.1348877 0.99072266
vn -0 -0.1348877 0.99072266
vn -0.13916016 -0.9902344 0.00024795532
vn -0.13916016 -0.9902344 0.00024795532
vn -0.13916016 -0.9902344 0.00024795532
vn -0.13916016 -0.9902344 0.00024795532
vn -0 -1 0
vn -0 -1 0
vn -0 -1 0
vn -0 -1 0
vn -0 1 0
vn -0 1 0
vn -0 1 0
vn -0 1 0
vn 1 0 -8.940697E-07
vn 1 0 -8.940697E-07
vn 1 0 -8.940697E-07
vn 1 0 -8.940697E-07
vn -1 0 0
vn -1 0 0
vn -1 0 0
vn -1 0 0
vn -0 1 1.2755394E-05
vn -0 1 1.2755394E-05
vn -0 1 1.2755394E-05
vn -0 1 1.2755394E-05
vn -0 -1 1.2755394E-05
vn -0 -1 1.2755394E-05
vn -0 -1 1.2755394E-05
vn -0 -1 1.2755394E-05
vn -1 0 9.834766E-06
vn -1 0 9.834766E-06
vn -1 0 9.834766E-06
vn -1 0 9.834766E-06
vn 1 0 1.0669231E-05
vn 1 0 1.0669231E-05
vn 1 0 1.0669231E-05
vn 1 0 1.0669231E-05
vn -0.076293945 0 -0.9970703
vn -0.076293945 0 -0.9970703
vn -0.076293945 0 -0.9970703
vn -0.076293945 0 -0.9970703
vn 0.13916016 0.9902344 -0.00043940544
vn 0.13916016 0.9902344 -0.00043940544
vn 0.13916016 0.9902344 -0.00043940544
vn 0.13916016 0.9902344 -0.00043940544
vn -0 0.07635498 0.9970703
vn -0 0.07635498 0.9970703
vn -0 0.07635498 0.9970703
vn -0 0.07635498 0.9970703
vn 0.076293945 0 -0.9970703
vn 0.076293945 0 -0.9970703
vn 0.076293945 0 -0.9970703
vn 0.076293945 0 -0.9970703
vn -0.9902344 -0.14001465 -0.00044298172
vn -0.9902344 -0.14001465 -0.00044298172
vn -0.9902344 -0.14001465 -0.00044298172
vn -0.9902344 -0.14001465 -0.00044298172
vn 0.07623291 0 0.9970703
vn 0.07623291 0 0.9970703
vn 0.07623291 0 0.9970703
vn 0.07623291 0 0.9970703
vn 0.9902344 0.14001465 -0.00044441223
vn 0.9902344 0.14001465 -0.00044441223
vn 0.9902344 0.14001465 -0.00044441223
vn 0.9902344 0.14001465 -0.00044441223
vn -0 -0.07635498 0.9970703
vn -0 -0.07635498 0.9970703
vn -0 -0.07635498 0.9970703
vn -0 -0.07635498 0.9970703
vn -0.13916016 0.9902344 -0.00044059753
vn -0.13916016 0.9902344 -0.00044059753
vn -0.13916016 0.9902344 -0.00044059753
vn -0.13916016 0.9902344 -0.00044059753
vn -0.07623291 0 0.9970703
vn -0.07623291 0 0.9970703
vn -0.07623291 0 0.9970703
vn -0.07623291 0 0.9970703
vn 0.13916016 -0.9902344 -0.00044059753
vn 0.13916016 -0.9902344 -0.00044059753
vn 0.13916016 -0.9902344 -0.00044059753
vn 0.13916016 -0.9902344 -0.00044059753
vn -0.9902344 0.14001465 -0.0004415512
vn -0.9902344 0.14001465 -0.0004415512
vn -0.9902344 0.14001465 -0.0004415512
vn -0.9902344 0.14001465 -0.0004415512
vn -0 0.07635498 -0.9970703
vn -0 0.07635498 -0.9970703
vn -0 0.07635498 -0.9970703
vn -0 0.07635498 -0.9970703
vn 0.9902344 -0.14001465 -0.0004415512
vn 0.9902344 -0.14001465 -0.0004415512
vn 0.9902344 -0.14001465 -0.0004415512
vn 0.9902344 -0.14001465 -0.0004415512
vn -0 -0.07635498 -0.9970703
vn -0 -0.07635498 -0.9970703
vn -0 -0.07635498 -0.9970703
vn -0 -0.07635498 -0.9970703
vn -0.13916016 -0.9902344 -0.00044059753
vn -0.13916016 -0.9902344 -0.00044059753
vn -0.13916016 -0.9902344 -0.00044059753
vn -0.13916016 -0.9902344 -0.00044059753
vn -0 0 1
vn -0 0 1
vn -0 0 1
vn -0 0 1
vn -0 0 1
vn -0 0 1
vn -0 0 1
vn -0 0 1
vn -0 0 1
vn -0 0 1
vn -0 0 1
vn -0 0 1
vn -0 0 1
vn -0 0 1
vn -0 0 1
vn -0 0 1
vn -0 0 -1
vn -0 0 -1
vn -0 0 -1
vn -0 0 -1
vn -0 0 -1
vn -0 0 -1
vn -0 0 -1
vn -0 0 -1
vn -0 0 -1
vn -0 0 -1
vn -0 0 -1
vn -0 0 -1
vn -0 0 -1
vn -0 0 -1
vn -0 0 -1
vn -0 0 -1
vn 0.55566406 0.83154297 0
vn 0.19506836 0.98095703 0
vn 0.55566406 0.83154297 0
vn 0.19506836 0.98095703 0
vn -0.19506836 0.98095703 0
vn -0.19506836 0.98095703 0
vn -0.55566406 0.83154297 0
vn -0.55566406 0.83154297 0
vn -0.83154297 0.55566406 0
vn -0.83154297 0.55566406 0
vn 0.98095703 0.19506836 0
vn 0.83154297 0.55566406 0
vn 0.83154297 0.55566406 0
vn 0.98095703 0.19506836 0
vn 0.98095703 -0.19506836 0
vn 0.98095703 -0.19506836 0
vn 0.83154297 -0.55566406 0
vn 0.83154297 -0.55566406 0
vn 0.83154297 0.55566406 0
vn 0.55566406 0.83154297 0
vn 0.55566406 0.83154297 0
vn -0.83154297 0.55566406 0
vn -0.98095703 0.19506836 0
vn -0.83154297 0.55566406 0
vn -0.98095703 0.19506836 0
vn -0.98095703 -0.19506836 0
vn -0.98095703 -0.19506836 0
vn -0.83154297 -0.55566406 0
vn -0.83154297 -0.55566406 0
vn -0.55566406 -0.83154297 0
vn -0.55566406 -0.83154297 0
vn -0.55566406 -0.83154297 0
vn -0.19506836 -0.98095703 0
vn -0.55566406 -0.83154297 0
vn -0.19506836 -0.98095703 0
vn 0.19506836 -0.98095703 0
vn 0.19506836 -0.98095703 0
vn 0.55566406 -0.83154297 0
vn 0.55566406 -0.83154297 0
vn 0.55566406 -0.83154297 0
vn 0.83154297 -0.55566406 0
vn 0.83154297 -0.55566406 0
vn 0.55566406 -0.83154297 0
vn -0 1 0
vn -0 1 0
vn -0 1 0
vn -0 1 0
vn -0 -1 0
vn -0 -1 0
vn -0 -1 0
vn -0 -1 0
vn -1 0 -3.874302E-06
vn -1 0 -3.874302E-06
vn -1 0 -3.874302E-06
vn -1 0 -3.874302E-06
vn 1 0 -3.9339066E-06
vn 1 0 -3.9339066E-06
vn 1 0 -3.9339066E-06
vn 1 0 -3.9339066E-06
vn -0 0 1
vn -0 0 1
vn -0 0 1
vn -0 0 1
vn -0 0 -1
vn -0 0 -1
vn -0 0 -1
vn -0 0 -1
vn -0 1 0
vn -0 1 0
vn -0 1 0
vn -0 1 0
vn -0 -1 0
vn -0 -1 0
vn -0 -1 0
vn -0 -1 0
vn -1 0 -3.874302E-06
vn -1 0 -3.874302E-06
vn -1 0 -3.874302E-06
vn -1 0 -3.874302E-06
vn 1 0 -3.9339066E-06
vn 1 0 -3.9339066E-06
vn 1 0 -3.9339066E-06
vn 1 0 -3.9339066E-06
vn -0 0 1
vn -0 0 1
vn -0 0 1
vn -0 0 1
vn -0 0 -1
vn -0 0 -1
vn -0 0 -1
vn -0 0 -1
vn -1 -5.364418E-07 1.7881393E-07
vn -1 -5.364418E-07 1.7881393E-07
vn -1 -5.364418E-07 1.7881393E-07
vn -1 -5.364418E-07 1.7881393E-07
vn 1 0 0
vn 1 0 0
vn 1 0 0
vn 1 0 0
vn -0 -1 -3.874302E-06
vn -0 -1 -3.874302E-06
vn -0 -1 -3.874302E-06
vn -0 -1 -3.874302E-06
vn -0 1 -3.9339066E-06
vn -0 1 -3.9339066E-06
vn -0 1 -3.9339066E-06
vn -0 1 -3.9339066E-06
vn -0 0 1
vn -0 0 1
vn -0 0 1
vn -0 0 1
vn -0 -4.7683716E-07 -1
vn -0 -4.7683716E-07 -1
vn -0 -4.7683716E-07 -1
vn -0 -4.7683716E-07 -1
vn -1 0 0
vn -1 0 0
vn -1 0 0
vn -1 0 0
vn 1 0 -1.1920929E-07
vn 1 0 -1.1920929E-07
vn 1 0 -1.1920929E-07
vn 1 0 -1.1920929E-07
vn -0 -1 -3.874302E-06
vn -0 -1 -3.874302E-06
vn -0 -1 -3.874302E-06
vn -0 -1 -3.874302E-06
vn -0 1 -3.9339066E-06
vn -0 1 -3.9339066E-06
vn -0 1 -3.9339066E-06
vn -0 1 -3.9339066E-06
vn -0 0 1
vn -0 0 1
vn -0 0 1
vn -0 0 1
vn -0 0 -1
vn -0 0 -1
vn -0 0 -1
vn -0 0 -1
vn 1.7285347E-06 -1 0
vn 1.7285347E-06 -1 0
vn 1.7285347E-06 -1 0
vn 1.7285347E-06 -1 0
vn -0 1 0
vn -0 1 0
vn -0 1 0
vn -0 1 0
vn 1 -2.6226044E-06 -3.874302E-06
vn 1 -2.6226044E-06 -3.874302E-06
vn 1 -2.6226044E-06 -3.874302E-06
vn 1 -2.6226044E-06 -3.874302E-06
vn -1 -1.7285347E-06 -3.8146973E-06
vn -1 -1.7285347E-06 -3.8146973E-06
vn -1 -1.7285347E-06 -3.8146973E-06
vn -1 -1.7285347E-06 -3.8146973E-06
vn -0 -2.3841858E-07 1
vn -0 -2.3841858E-07 1
vn -0 -2.3841858E-07 1
vn -0 -2.3841858E-07 1
vn -0 0 -1
vn -0 0 -1
vn -0 0 -1
vn -0 0 -1
vn 1.7285347E-06 -1 0
vn 1.7285347E-06 -1 0
vn 1.7285347E-06 -1 0
vn 1.7285347E-06 -1 0
vn -0 1 0
vn -0 1 0
vn -0 1 0
vn -0 1 0
vn 1 -2.6226044E-06 -3.8146973E-06
vn 1 -2.6226044E-06 -3.8146973E-06
vn 1 -2.6226044E-06 -3.8146973E-06
vn 1 -2.6226044E-06 -3.8146973E-06
vn -1 0 -3.993511E-06
vn -1 0 -3.993511E-06
vn -1 0 -3.993511E-06
vn -1 0 -3.993511E-06
vn -0 0 1
vn -0 0 1
vn -0 0 1
vn -0 0 1
vn -0 0 -1
vn -0 0 -1
vn -0 0 -1
vn -0 0 -1
vn 1 5.364418E-07 0
vn 1 5.364418E-07 0
vn 1 5.364418E-07 0
vn 1 5.364418E-07 0
vn -1 0 -1.1920929E-07
vn -1 0 -1.1920929E-07
vn -1 0 -1.1920929E-07
vn -1 0 -1.1920929E-07
vn 2.0861626E-06 1 -3.874302E-06
vn 2.0861626E-06 1 -3.874302E-06
vn 2.0861626E-06 1 -3.874302E-06
vn 2.0861626E-06 1 -3.874302E-06
vn 2.0861626E-06 -1 -3.8146973E-06
vn 2.0861626E-06 -1 -3.8146973E-06
vn 2.0861626E-06 -1 -3.8146973E-06
vn 2.0861626E-06 -1 -3.8146973E-06
vn -0 0 1
vn -0 0 1
vn -0 0 1
vn -0 0 1
vn -0 4.7683716E-07 -1
vn -0 4.7683716E-07 -1
vn -0 4.7683716E-07 -1
vn -0 4.7683716E-07 -1
vn 1 1.0728836E-06 0
vn 1 1.0728836E-06 0
vn 1 1.0728836E-06 0
vn 1 1.0728836E-06 0
vn -1 0 0
vn -1 0 0
vn -1 0 0
vn -1 0 0
vn 3.516674E-06 1 -3.874302E-06
vn 3.516674E-06 1 -3.874302E-06
vn 3.516674E-06 1 -3.874302E-06
vn 3.516674E-06 1 -3.874302E-06
vn -0 -1 -3.9339066E-06
vn -0 -1 -3.9339066E-06
vn -0 -1 -3.9339066E-06
vn -0 -1 -3.9339066E-06
vn -0 0 1
vn -0 0 1
vn -0 0 1
vn -0 0 1
vn -0 4.7683716E-07 -1
vn -0 4.7683716E-07 -1
vn -0 4.7683716E-07 -1
vn -0 4.7683716E-07 -1
vn -0 0 1
vn -0 0 1
vn -0 0 1
vn -0 0 1
vn -0 0 1
vn -0 0 1
vn -0 0 1
vn -0 0 1
vn -0 0 1
vn -0 0 1
vn -0 0 1
vn -0 0 1
vn -0 0 1
vn -0 0 1
vn -0 0 1
vn -0 0 1
vn -0 0 -1
vn -0 0 -1
vn -0 0 -1
vn -0 0 -1
vn -0 0 -1
vn -0 0 -1
vn -0 0 -1
vn -0 0 -1
vn -0 0 -1
vn -0 0 -1
vn -0 7.748604E-07 -1
vn -0 5.9604645E-07 -1
vn -0 1.7881393E-07 -1
vn -0 1.1920929E-07 -1
vn -0 8.940697E-07 -1
vn -0 7.1525574E-07 -1
vn -1 0 2.3841858E-07
vn -1 0 2.3841858E-07
vn -1 0 -4.7683716E-07
vn -1 0 -4.7683716E-07
vn -1 0 2.3841858E-07
vn -1 0 -9.536743E-07
vn -1 0 2.3841858E-07
vn -1 0 -9.536743E-07
vn -1 0 0
vn -1 0 -4.7683716E-07
vn -1 0 0
vn -1 0 -4.7683716E-07
vn -1 -7.1525574E-07 -4.7683716E-07
vn -1 0 0
vn -1 -7.1525574E-07 -4.7683716E-07
vn -1 0 0
vn -1 0 -9.536743E-07
vn -1 0 0
vn -1 0 -9.536743E-07
vn -1 0 0
vn -1 7.1525574E-07 -4.7683716E-07
vn -1 0 0
vn -1 7.1525574E-07 -4.7683716E-07
vn -1 0 0
vn -1 0 0
vn -1 0 0
vn -1 0 0
vn -1 0 0
vn -1 0 -2.3841858E-07
vn -1 0 -2.3841858E-07
vn -1 0 -2.3841858E-07
vn -1 0 -2.3841858E-07
vn 1 0 0
vn 1 0 0
vn 1 0 0
vn 1 0 0
vn 1 0 0
vn 1 0 0
vn 1 0 0
vn 1 0 0
vn 1 0 -4.7683716E-07
vn 1 0 0
vn 1 0 -4.7683716E-07
vn 1 0 0
vn 1 0 0
vn 1 0 -4.7683716E-07
vn 1 0 0
vn 1 0 -4.7683716E-07
vn 1 1.7285347E-06 9.536743E-07
vn 1 0 0
vn 1 1.7285347E-06 9.536743E-07
vn 1 0 0
vn 1 0 9.536743E-07
vn 1 0 7.1525574E-07
vn 1 0 9.536743E-07
vn 1 0 7.1525574E-07
vn 1 -1.7285347E-06 0
vn 1 0 2.3841858E-07
vn 1 -1.7285347E-06 0
vn 1 0 2.3841858E-07
vn 1 0 -4.7683716E-07
vn 1 0 0
vn 1 0 -4.7683716E-07
vn 1 0 0
vn 1 0 1.0728836E-06
vn 1 0 1.847744E-06
vn 1 0 9.536743E-07
vn 1 0 5.364418E-07
vn 1 0 0
vn 1 0 0
vn 1 0 0
vn 1 0 0
vn 1 0 -1.0728836E-06
vn 1 0 0
vn 1 0 -1.847744E-06
vn 1 0 0
vn 1 0 -2.3841858E-07
vn 1 0 0
vn 1 0 -4.7683716E-07
vn 1 0 0
vn 1 0 1.1920929E-07
vn 1 0 0
vn 1 0 2.3841858E-07
vn 1 0 0
vn 1 0 -1.1920929E-07
vn 1 0 9.536743E-07
vn 1 0 -2.3841858E-07
vn 1 0 5.364418E-07
vn 1 0 0
vn 1 0 0
vn 1 0 0
vn 1 0 0
vn 1 0 -5.364418E-07
vn 1 0 -1.847744E-06
vn 1 0 -9.536743E-07
vn 1 0 -1.0728836E-06
vn -1 0 2.9802322E-07
vn -1 0 0
vn -1 0 0
vn -1 0 4.7683716E-07
vn -1 0 0
vn -1 0 2.9802322E-07
vn -1 0 0
vn -1 0 4.7683716E-07
vn -1 0 0
vn -1 0 0
vn -1 0 0
vn -1 0 0
vn -1 0 0
vn -1 0 -2.3841858E-07
vn -1 0 0
vn -1 0 -4.7683716E-07
vn -1 0 2.3841858E-07
vn -1 0 -2.3841858E-07
vn -1 0 1.1920929E-07
vn -1 0 -4.7683716E-07
vn -1 0 -2.3841858E-07
vn -1 0 0
vn -1 0 -1.1920929E-07
vn -1 0 0
vn -1 0 -9.536743E-07
vn -1 0 0
vn -1 0 -5.364418E-07
vn -1 0 0
vn -1 0 -4.7683716E-07
vn -1 0 0
vn -1 0 -2.3841858E-07
vn -1 0 0
g Mora Jai Box_0
f 3/3/3 2/2/2 1/1/1
f 6/6/6 5/5/5 4/4/4
f 9/9/9 8/8/8 7/7/7
f 12/12/12 11/11/11 10/10/10
f 15/15/15 14/14/14 13/13/13
f 18/18/18 17/17/17 16/16/16
f 21/21/21 20/20/20 19/19/19
f 24/24/24 23/23/23 22/22/22
f 27/27/27 26/26/26 25/25/25
f 30/30/30 29/29/29 28/28/28
f 33/33/33 32/32/32 31/31/31
f 36/36/36 35/35/35 34/34/34
f 39/39/39 38/38/38 37/37/37
f 42/42/42 41/41/41 40/40/40
f 45/45/45 44/44/44 43/43/43
f 48/48/48 47/47/47 46/46/46
f 51/51/51 50/50/50 49/49/49
f 49/49/49 52/52/52 51/51/51
f 49/49/49 53/53/53 52/52/52
f 53/53/53 54/54/54 52/52/52
f 53/53/53 55/55/55 54/54/54
f 55/55/55 56/56/56 54/54/54
f 55/55/55 57/57/57 56/56/56
f 57/57/57 58/58/58 56/56/56
f 57/57/57 59/59/59 58/58/58
f 59/59/59 60/60/60 58/58/58
f 59/59/59 61/61/61 60/60/60
f 61/61/61 62/62/62 60/60/60
f 61/61/61 63/63/63 62/62/62
f 61/61/61 64/64/64 63/63/63
f 67/67/67 66/66/66 65/65/65
f 65/65/65 68/68/68 67/67/67
f 68/68/68 69/69/69 67/67/67
f 69/69/69 70/70/70 67/67/67
f 69/69/69 71/71/71 70/70/70
f 71/71/71 72/72/72 70/70/70
f 71/71/71 73/73/73 72/72/72
f 73/73/73 74/74/74 72/72/72
f 73/73/73 75/75/75 74/74/74
f 73/73/73 76/76/76 75/75/75
f 76/76/76 77/77/77 75/75/75
f 76/76/76 78/78/78 77/77/77
f 78/78/78 79/79/79 77/77/77
f 79/79/79 80/80/80 77/77/77
f 83/83/83 82/82/82 81/81/81
f 82/82/82 84/84/84 81/81/81
f 82/82/82 85/85/85 84/84/84
f 85/85/85 86/86/86 84/84/84
f 85/85/85 87/87/87 86/86/86
f 87/87/87 88/88/88 86/86/86
f 87/87/87 89/89/89 88/88/88
f 89/89/89 90/90/90 88/88/88
f 93/93/93 92/92/92 91/91/91
f 94/94/94 93/93/93 91/91/91
f 94/94/94 91/91/91 95/95/95
f 96/96/96 94/94/94 95/95/95
f 96/96/96 95/95/95 97/97/97
f 98/98/98 96/96/96 97/97/97
f 93/93/93 100/100/100 99/99/99
f 100/100/100 101/101/101 99/99/99
f 104/104/104 103/103/103 102/102/102
f 103/103/103 105/105/105 102/102/102
f 103/103/103 106/106/106 105/105/105
f 106/106/106 107/107/107 105/105/105
f 106/106/106 108/108/108 107/107/107
f 108/108/108 109/109/109 107/107/107
f 108/108/108 110/110/110 109/109/109
f 110/110/110 111/111/111 109/109/109
f 114/114/114 113/113/113 112/112/112
f 113/113/113 115/115/115 112/112/112
f 113/113/113 116/116/116 115/115/115
f 116/116/116 117/117/117 115/115/115
f 116/116/116 118/118/118 117/117/117
f 118/118/118 119/119/119 117/117/117
f 122/122/122 121/121/121 120/120/120
f 123/123/123 122/122/122 120/120/120
f 126/126/126 125/125/125 124/124/124
f 127/127/127 126/126/126 124/124/124
f 130/130/130 129/129/129 128/128/128
f 131/131/131 130/130/130 128/128/128
f 132/132/132 130/130/130 131/131/131
f 133/133/133 132/132/132 131/131/131
f 136/136/136 135/135/135 134/134/134
f 137/137/137 136/136/136 134/134/134
f 140/140/140 139/139/139 138/138/138
f 141/141/141 140/140/140 138/138/138
f 142/142/142 140/140/140 141/141/141
f 143/143/143 142/142/142 141/141/141
f 144/144/144 142/142/142 143/143/143
f 145/145/145 144/144/144 143/143/143
f 148/148/148 147/147/147 146/146/146
f 149/149/149 148/148/148 146/146/146
f 152/152/152 151/151/151 150/150/150
f 153/153/153 152/152/152 150/150/150
f 156/156/156 155/155/155 154/154/154
f 157/157/157 156/156/156 154/154/154
f 160/160/160 159/159/159 158/158/158
f 161/161/161 160/160/160 158/158/158
f 164/164/164 163/163/163 162/162/162
f 165/165/165 164/164/164 162/162/162
f 166/166/166 164/164/164 165/165/165
f 167/167/167 166/166/166 165/165/165
f 168/168/168 166/166/166 167/167/167
f 169/169/169 168/168/168 167/167/167
f 172/172/172 171/171/171 170/170/170
f 173/173/173 172/172/172 170/170/170
f 176/176/176 175/175/175 174/174/174
f 177/177/177 176/176/176 174/174/174
f 180/180/180 179/179/179 178/178/178
f 181/181/181 180/180/180 178/178/178
f 184/184/184 183/183/183 182/182/182
f 185/185/185 184/184/184 182/182/182
f 188/188/188 187/187/187 186/186/186
f 189/189/189 188/188/188 186/186/186
f 192/192/192 191/191/191 190/190/190
f 193/193/193 192/192/192 190/190/190
f 196/196/196 195/195/195 194/194/194
f 197/197/197 196/196/196 194/194/194
f 200/200/200 199/199/199 198/198/198
f 201/201/201 200/200/200 198/198/198
f 204/204/204 203/203/203 202/202/202
f 205/205/205 204/204/204 202/202/202
f 206/206/206 204/204/204 205/205/205
f 207/207/207 206/206/206 205/205/205
f 208/208/208 206/206/206 207/207/207
f 209/209/209 208/208/208 207/207/207
f 212/212/212 211/211/211 210/210/210
f 213/213/213 212/212/212 210/210/210
f 216/216/216 215/215/215 214/214/214
f 215/215/215 217/217/217 214/214/214
f 214/214/214 217/217/217 218/218/218
f 217/217/217 219/219/219 218/218/218
f 218/218/218 219/219/219 220/220/220
f 219/219/219 221/221/221 220/220/220
f 224/224/224 223/223/223 222/222/222
f 225/225/225 224/224/224 222/222/222
f 226/226/226 224/224/224 225/225/225
f 227/227/227 226/226/226 225/225/225
f 228/228/228 226/226/226 227/227/227
f 229/229/229 228/228/228 227/227/227
f 232/232/232 231/231/231 230/230/230
f 233/233/233 232/232/232 230/230/230
f 236/236/236 235/235/235 234/234/234
f 235/235/235 237/237/237 234/234/234
f 234/234/234 237/237/237 238/238/238
f 237/237/237 239/239/239 238/238/238
f 238/238/238 239/239/239 240/240/240
f 239/239/239 241/241/241 240/240/240
f 244/244/244 243/243/243 242/242/242
f 243/243/243 245/245/245 242/242/242
f 242/242/242 245/245/245 246/246/246
f 245/245/245 247/247/247 246/246/246
f 246/246/246 247/247/247 248/248/248
f 247/247/247 249/249/249 248/248/248
f 252/252/252 251/251/251 250/250/250
f 251/251/251 253/253/253 250/250/250
f 250/250/250 253/253/253 254/254/254
f 253/253/253 255/255/255 254/254/254
f 254/254/254 255/255/255 256/256/256
f 255/255/255 257/257/257 256/256/256
f 260/260/260 259/259/259 258/258/258
f 261/261/261 260/260/260 258/258/258
f 264/264/264 263/263/263 262/262/262
f 262/262/262 265/265/265 264/264/264
f 262/262/262 266/266/266 265/265/265
f 262/262/262 267/267/267 266/266/266
f 267/267/267 268/268/268 266/266/266
f 268/268/268 269/269/269 266/266/266
f 268/268/268 270/270/270 269/269/269
f 270/270/270 271/271/271 269/269/269
f 270/270/270 272/272/272 271/271/271
f 272/272/272 273/273/273 271/271/271
f 272/272/272 274/274/274 273/273/273
f 274/274/274 275/275/275 273/273/273
f 274/274/274 276/276/276 275/275/275
f 274/274/274 277/277/277 276/276/276
f 280/280/280 279/279/279 278/278/278
f 281/281/281 280/280/280 278/278/278
f 284/284/284 283/283/283 282/282/282
f 285/285/285 284/284/284 282/282/282
f 288/288/288 287/287/287 286/286/286
f 289/289/289 288/288/288 286/286/286
f 292/292/292 291/291/291 290/290/290
f 293/293/293 292/292/292 290/290/290
f 296/296/296 295/295/295 294/294/294
f 297/297/297 296/296/296 294/294/294
f 300/300/300 299/299/299 298/298/298
f 301/301/301 300/300/300 298/298/298
f 304/304/304 303/303/303 302/302/302
f 305/305/305 304/304/304 302/302/302
f 308/308/308 307/307/307 306/306/306
f 307/307/307 309/309/309 306/306/306
f 306/306/306 309/309/309 310/310/310
f 309/309/309 311/311/311 310/310/310
f 314/314/314 313/313/313 312/312/312
f 313/313/313 315/315/315 312/312/312
f 312/312/312 315/315/315 316/316/316
f 315/315/315 317/317/317 316/316/316
f 320/320/320 319/319/319 318/318/318
f 319/319/319 321/321/321 318/318/318
f 318/318/318 321/321/321 322/322/322
f 321/321/321 323/323/323 322/322/322
f 326/326/326 325/325/325 324/324/324
f 325/325/325 327/327/327 324/324/324
f 324/324/324 327/327/327 328/328/328
f 327/327/327 329/329/329 328/328/328
f 332/332/332 331/331/331 330/330/330
f 331/331/331 333/333/333 330/330/330
f 330/330/330 333/333/333 334/334/334
f 333/333/333 335/335/335 334/334/334
f 338/338/338 337/337/337 336/336/336
f 337/337/337 339/339/339 336/336/336
f 336/336/336 339/339/339 340/340/340
f 339/339/339 341/341/341 340/340/340
f 344/344/344 343/343/343 342/342/342
f 343/343/343 345/345/345 342/342/342
f 342/342/342 345/345/345 346/346/346
f 345/345/345 347/347/347 346/346/346
f 350/350/350 349/349/349 348/348/348
f 349/349/349 351/351/351 348/348/348
f 348/348/348 351/351/351 352/352/352
f 351/351/351 353/353/353 352/352/352
f 356/356/356 355/355/355 354/354/354
f 355/355/355 357/357/357 354/354/354
f 354/354/354 357/357/357 358/358/358
f 357/357/357 359/359/359 358/358/358
f 358/358/358 359/359/359 360/360/360
f 359/359/359 361/361/361 360/360/360
f 364/364/364 363/363/363 362/362/362
f 363/363/363 365/365/365 362/362/362
f 362/362/362 365/365/365 366/366/366
f 365/365/365 367/367/367 366/366/366
f 366/366/366 367/367/367 368/368/368
f 367/367/367 369/369/369 368/368/368
f 372/372/372 371/371/371 370/370/370
f 371/371/371 373/373/373 370/370/370
f 370/370/370 373/373/373 374/374/374
f 373/373/373 375/375/375 374/374/374
f 374/374/374 375/375/375 376/376/376
f 375/375/375 377/377/377 376/376/376
f 380/380/380 379/379/379 378/378/378
f 379/379/379 381/381/381 378/378/378
f 378/378/378 381/381/381 382/382/382
f 381/381/381 383/383/383 382/382/382
f 382/382/382 383/383/383 384/384/384
f 383/383/383 385/385/385 384/384/384
f 388/388/388 387/387/387 386/386/386
f 389/389/389 388/388/388 386/386/386
f 392/392/392 391/391/391 390/390/390
f 393/393/393 392/392/392 390/390/390
f 394/394/394 392/392/392 393/393/393
f 395/395/395 394/394/394 393/393/393
f 396/396/396 394/394/394 395/395/395
f 397/397/397 396/396/396 395/395/395
f 400/400/400 399/399/399 398/398/398
f 401/401/401 400/400/400 398/398/398
f 404/404/404 403/403/403 402/402/402
f 405/405/405 404/404/404 402/402/402
f 406/406/406 404/404/404 405/405/405
f 407/407/407 406/406/406 405/405/405
f 408/408/408 406/406/406 407/407/407
f 409/409/409 408/408/408 407/407/407
f 412/412/412 411/411/411 410/410/410
f 411/411/411 413/413/413 410/410/410
f 410/410/410 413/413/413 414/414/414
f 413/413/413 415/415/415 414/414/414
f 414/414/414 415/415/415 416/416/416
f 415/415/415 417/417/417 416/416/416
f 420/420/420 419/419/419 418/418/418
f 419/419/419 421/421/421 418/418/418
f 418/418/418 421/421/421 422/422/422
f 421/421/421 423/423/423 422/422/422
f 422/422/422 423/423/423 424/424/424
f 423/423/423 425/425/425 424/424/424
f 428/428/428 427/427/427 426/426/426
f 427/427/427 429/429/429 426/426/426
f 426/426/426 429/429/429 430/430/430
f 429/429/429 431/431/431 430/430/430
f 430/430/430 431/431/431 432/432/432
f 431/431/431 433/433/433 432/432/432
f 436/436/436 435/435/435 434/434/434
f 437/437/437 436/436/436 434/434/434
f 440/440/440 439/439/439 438/438/438
f 439/439/439 441/441/441 438/438/438
f 438/438/438 441/441/441 442/442/442
f 441/441/441 443/443/443 442/442/442
f 442/442/442 443/443/443 444/444/444
f 443/443/443 445/445/445 444/444/444
f 448/448/448 447/447/447 446/446/446
f 449/449/449 448/448/448 446/446/446
f 452/452/452 451/451/451 450/450/450
f 453/453/453 452/452/452 450/450/450
f 456/456/456 455/455/455 454/454/454
f 457/457/457 456/456/456 454/454/454
f 460/460/460 459/459/459 458/458/458
f 461/461/461 460/460/460 458/458/458
f 464/464/464 463/463/463 462/462/462
f 465/465/465 464/464/464 462/462/462
f 466/466/466 464/464/464 465/465/465
f 467/467/467 466/466/466 465/465/465
f 468/468/468 466/466/466 467/467/467
f 469/469/469 468/468/468 467/467/467
f 472/472/472 471/471/471 470/470/470
f 473/473/473 472/472/472 470/470/470
f 476/476/476 475/475/475 474/474/474
f 477/477/477 476/476/476 474/474/474
f 480/480/480 479/479/479 478/478/478
f 481/481/481 480/480/480 478/478/478
f 484/484/484 483/483/483 482/482/482
f 485/485/485 484/484/484 482/482/482
f 488/488/488 487/487/487 486/486/486
f 489/489/489 488/488/488 486/486/486
f 492/492/492 491/491/491 490/490/490
f 493/493/493 492/492/492 490/490/490
f 496/496/496 495/495/495 494/494/494
f 497/497/497 496/496/496 494/494/494
f 500/500/500 499/499/499 498/498/498
f 501/501/501 500/500/500 498/498/498
f 504/504/504 503/503/503 502/502/502
f 505/505/505 504/504/504 502/502/502
f 508/508/508 507/507/507 506/506/506
f 509/509/509 508/508/508 506/506/506
f 512/512/512 511/511/511 510/510/510
f 513/513/513 512/512/512 510/510/510
f 513/513/513 510/510/510 514/514/514
f 515/515/515 513/513/513 514/514/514
f 518/518/518 517/517/517 516/516/516
f 519/519/519 518/518/518 516/516/516
f 522/522/522 521/521/521 520/520/520
f 523/523/523 522/522/522 520/520/520
f 526/526/526 525/525/525 524/524/524
f 527/527/527 526/526/526 524/524/524
f 530/530/530 529/529/529 528/528/528
f 531/531/531 530/530/530 528/528/528
f 531/531/531 528/528/528 532/532/532
f 533/533/533 531/531/531 532/532/532
f 536/536/536 535/535/535 534/534/534
f 537/537/537 536/536/536 534/534/534
f 537/537/537 534/534/534 538/538/538
f 539/539/539 537/537/537 538/538/538
f 542/542/542 541/541/541 540/540/540
f 543/543/543 542/542/542 540/540/540
f 546/546/546 545/545/545 544/544/544
f 547/547/547 546/546/546 544/544/544
f 550/550/550 549/549/549 548/548/548
f 551/551/551 550/550/550 548/548/548
f 554/554/554 553/553/553 552/552/552
f 555/555/555 554/554/554 552/552/552
f 555/555/555 552/552/552 556/556/556
f 557/557/557 555/555/555 556/556/556
f 560/560/560 559/559/559 558/558/558
f 561/561/561 560/560/560 558/558/558
f 561/561/561 558/558/558 562/562/562
f 563/563/563 561/561/561 562/562/562
f 566/566/566 565/565/565 564/564/564
f 567/567/567 566/566/566 564/564/564
f 570/570/570 569/569/569 568/568/568
f 571/571/571 570/570/570 568/568/568
f 574/574/574 573/573/573 572/572/572
f 575/575/575 574/574/574 572/572/572
f 575/575/575 572/572/572 576/576/576
f 577/577/577 575/575/575 576/576/576
f 580/580/580 579/579/579 578/578/578
f 581/581/581 580/580/580 578/578/578
f 584/584/584 583/583/583 582/582/582
f 585/585/585 584/584/584 582/582/582
f 588/588/588 587/587/587 586/586/586
f 589/589/589 588/588/588 586/586/586
f 592/592/592 591/591/591 590/590/590
f 593/593/593 592/592/592 590/590/590
f 596/596/596 595/595/595 594/594/594
f 597/597/597 596/596/596 594/594/594
f 600/600/600 599/599/599 598/598/598
f 598/598/598 601/601/601 600/600/600
f 598/598/598 602/602/602 601/601/601
f 602/602/602 603/603/603 601/601/601
f 602/602/602 604/604/604 603/603/603
f 604/604/604 605/605/605 603/603/603
f 604/604/604 606/606/606 605/605/605
f 604/604/604 607/607/607 606/606/606
f 607/607/607 608/608/608 606/606/606
f 607/607/607 609/609/609 608/608/608
f 609/609/609 610/610/610 608/608/608
f 609/609/609 611/611/611 610/610/610
f 611/611/611 612/612/612 610/610/610
f 611/611/611 613/613/613 612/612/612
f 616/616/616 615/615/615 614/614/614
f 617/617/617 616/616/616 614/614/614
f 617/617/617 614/614/614 618/618/618
f 619/619/619 617/617/617 618/618/618
f 622/622/622 621/621/621 620/620/620
f 623/623/623 622/622/622 620/620/620
f 623/623/623 620/620/620 624/624/624
f 625/625/625 623/623/623 624/624/624
f 628/628/628 627/627/627 626/626/626
f 629/629/629 628/628/628 626/626/626
f 629/629/629 626/626/626 630/630/630
f 631/631/631 629/629/629 630/630/630
f 634/634/634 633/633/633 632/632/632
f 635/635/635 634/634/634 632/632/632
f 635/635/635 632/632/632 636/636/636
f 637/637/637 635/635/635 636/636/636
f 640/640/640 639/639/639 638/638/638
f 641/641/641 640/640/640 638/638/638
f 641/641/641 638/638/638 642/642/642
f 643/643/643 641/641/641 642/642/642
f 646/646/646 645/645/645 644/644/644
f 647/647/647 646/646/646 644/644/644
f 647/647/647 644/644/644 648/648/648
f 649/649/649 647/647/647 648/648/648
f 652/652/652 651/651/651 650/650/650
f 653/653/653 652/652/652 650/650/650
f 653/653/653 650/650/650 654/654/654
f 655/655/655 653/653/653 654/654/654
f 658/658/658 657/657/657 656/656/656
f 659/659/659 658/658/658 656/656/656
f 659/659/659 656/656/656 660/660/660
f 661/661/661 659/659/659 660/660/660
f 664/664/664 663/663/663 662/662/662
f 665/665/665 664/664/664 662/662/662
f 668/668/668 667/667/667 666/666/666
f 669/669/669 668/668/668 666/666/666
f 672/672/672 671/671/671 670/670/670
f 673/673/673 672/672/672 670/670/670
f 676/676/676 675/675/675 674/674/674
f 677/677/677 676/676/676 674/674/674
f 677/677/677 674/674/674 678/678/678
f 679/679/679 677/677/677 678/678/678
f 682/682/682 681/681/681 680/680/680
f 683/683/683 682/682/682 680/680/680
f 686/686/686 685/685/685 684/684/684
f 687/687/687 686/686/686 684/684/684
f 690/690/690 689/689/689 688/688/688
f 691/691/691 690/690/690 688/688/688
f 691/691/691 688/688/688 692/692/692
f 693/693/693 691/691/691 692/692/692
f 696/696/696 695/695/695 694/694/694
f 697/697/697 696/696/696 694/694/694
f 700/700/700 699/699/699 698/698/698
f 701/701/701 700/700/700 698/698/698
f 701/701/701 698/698/698 702/702/702
f 703/703/703 701/701/701 702/702/702
f 706/706/706 705/705/705 704/704/704
f 707/707/707 706/706/706 704/704/704
f 710/710/710 709/709/709 708/708/708
f 711/711/711 710/710/710 708/708/708
f 714/714/714 713/713/713 712/712/712
f 715/715/715 714/714/714 712/712/712
f 718/718/718 717/717/717 716/716/716
f 719/719/719 718/718/718 716/716/716
f 719/719/719 716/716/716 720/720/720
f 721/721/721 719/719/719 720/720/720
f 724/724/724 723/723/723 722/722/722
f 725/725/725 724/724/724 722/722/722
f 728/728/728 727/727/727 726/726/726
f 729/729/729 728/728/728 726/726/726
f 729/729/729 726/726/726 730/730/730
f 731/731/731 729/729/729 730/730/730
f 734/734/734 733/733/733 732/732/732
f 735/735/735 734/734/734 732/732/732
f 738/738/738 737/737/737 736/736/736
f 739/739/739 738/738/738 736/736/736
f 742/742/742 741/741/741 740/740/740
f 743/743/743 742/742/742 740/740/740
f 746/746/746 745/745/745 744/744/744
f 747/747/747 746/746/746 744/744/744
f 747/747/747 744/744/744 748/748/748
f 749/749/749 747/747/747 748/748/748
f 752/752/752 751/751/751 750/750/750
f 753/753/753 752/752/752 750/750/750
f 756/756/756 755/755/755 754/754/754
f 757/757/757 756/756/756 754/754/754
f 760/760/760 759/759/759 758/758/758
f 761/761/761 760/760/760 758/758/758
f 764/764/764 763/763/763 762/762/762
f 765/765/765 764/764/764 762/762/762
f 768/768/768 767/767/767 766/766/766
f 769/769/769 768/768/768 766/766/766
f 772/772/772 771/771/771 770/770/770
f 773/773/773 772/772/772 770/770/770
f 776/776/776 775/775/775 774/774/774
f 777/777/777 776/776/776 774/774/774
f 780/780/780 779/779/779 778/778/778
f 781/781/781 780/780/780 778/778/778
f 784/784/784 783/783/783 782/782/782
f 785/785/785 784/784/784 782/782/782
f 788/788/788 787/787/787 786/786/786
f 789/789/789 788/788/788 786/786/786
f 792/792/792 791/791/791 790/790/790
f 793/793/793 792/792/792 790/790/790
f 796/796/796 795/795/795 794/794/794
f 797/797/797 796/796/796 794/794/794
f 800/800/800 799/799/799 798/798/798
f 801/801/801 800/800/800 798/798/798
f 804/804/804 803/803/803 802/802/802
f 805/805/805 804/804/804 802/802/802
f 808/808/808 807/807/807 806/806/806
f 809/809/809 808/808/808 806/806/806
f 812/812/812 811/811/811 810/810/810
f 813/813/813 812/812/812 810/810/810
f 814/814/814 812/812/812 813/813/813
f 815/815/815 814/814/814 813/813/813
f 818/818/818 817/817/817 816/816/816
f 817/817/817 819/819/819 816/816/816
f 816/816/816 819/819/819 820/820/820
f 819/819/819 821/821/821 820/820/820
f 824/824/824 823/823/823 822/822/822
f 825/825/825 824/824/824 822/822/822
f 828/828/828 827/827/827 826/826/826
f 829/829/829 828/828/828 826/826/826
f 832/832/832 831/831/831 830/830/830
f 833/833/833 832/832/832 830/830/830
f 836/836/836 835/835/835 834/834/834
f 837/837/837 836/836/836 834/834/834
f 840/840/840 839/839/839 838/838/838
f 841/841/841 840/840/840 838/838/838
f 844/844/844 843/843/843 842/842/842
f 845/845/845 844/844/844 842/842/842
f 848/848/848 847/847/847 846/846/846
f 847/847/847 849/849/849 846/846/846
f 846/846/846 849/849/849 850/850/850
f 849/849/849 851/851/851 850/850/850
f 854/854/854 853/853/853 852/852/852
f 853/853/853 855/855/855 852/852/852
f 852/852/852 855/855/855 856/856/856
f 855/855/855 857/857/857 856/856/856
f 860/860/860 859/859/859 858/858/858
f 861/861/861 860/860/860 858/858/858
f 864/864/864 863/863/863 862/862/862
f 865/865/865 864/864/864 862/862/862
f 866/866/866 864/864/864 865/865/865
f 867/867/867 866/866/866 865/865/865
f 870/870/870 869/869/869 868/868/868
f 871/871/871 870/870/870 868/868/868
f 874/874/874 873/873/873 872/872/872
f 875/875/875 874/874/874 872/872/872
f 878/878/878 877/877/877 876/876/876
f 879/879/879 878/878/878 876/876/876
f 882/882/882 881/881/881 880/880/880
f 883/883/883 882/882/882 880/880/880
f 886/886/886 885/885/885 884/884/884
f 887/887/887 886/886/886 884/884/884
f 890/890/890 889/889/889 888/888/888
f 891/891/891 890/890/890 888/888/888
f 894/894/894 893/893/893 892/892/892
f 893/893/893 895/895/895 892/892/892
f 892/892/892 895/895/895 896/896/896
f 895/895/895 897/897/897 896/896/896
f 900/900/900 899/899/899 898/898/898
f 901/901/901 900/900/900 898/898/898
f 904/904/904 903/903/903 902/902/902
f 905/905/905 904/904/904 902/902/902
f 908/908/908 907/907/907 906/906/906
f 907/907/907 909/909/909 906/906/906
f 906/906/906 909/909/909 910/910/910
f 909/909/909 911/911/911 910/910/910
f 914/914/914 913/913/913 912/912/912
f 913/913/913 915/915/915 912/912/912
f 912/912/912 915/915/915 916/916/916
f 915/915/915 917/917/917 916/916/916
f 920/920/920 919/919/919 918/918/918
f 921/921/921 920/920/920 918/918/918
f 924/924/924 923/923/923 922/922/922
f 925/925/925 924/924/924 922/922/922
f 928/928/928 927/927/927 926/926/926
f 926/926/926 929/929/929 928/928/928
f 929/929/929 930/930/930 928/928/928
f 929/929/929 931/931/931 930/930/930
f 931/931/931 932/932/932 930/930/930
f 931/931/931 933/933/933 932/932/932
f 933/933/933 934/934/934 932/932/932
f 933/933/933 935/935/935 934/934/934
f 935/935/935 936/936/936 934/934/934
f 935/935/935 937/937/937 936/936/936
f 937/937/937 938/938/938 936/936/936
f 937/937/937 939/939/939 938/938/938
f 939/939/939 940/940/940 938/938/938
f 939/939/939 941/941/941 940/940/940
f 944/944/944 943/943/943 942/942/942
f 942/942/942 945/945/945 944/944/944
f 945/945/945 946/946/946 944/944/944
f 945/945/945 947/947/947 946/946/946
f 947/947/947 948/948/948 946/946/946
f 947/947/947 949/949/949 948/948/948
f 949/949/949 950/950/950 948/948/948
f 949/949/949 951/951/951 950/950/950
f 951/951/951 952/952/952 950/950/950
f 951/951/951 953/953/953 952/952/952
f 953/953/953 954/954/954 952/952/952
f 953/953/953 955/955/955 954/954/954
f 955/955/955 956/956/956 954/954/954
f 955/955/955 957/957/957 956/956/956
f 960/960/960 959/959/959 958/958/958
f 959/959/959 961/961/961 958/958/958
f 959/959/959 962/962/962 961/961/961
f 962/962/962 963/963/963 961/961/961
f 962/962/962 964/964/964 963/963/963
f 964/964/964 965/965/965 963/963/963
f 964/964/964 966/966/966 965/965/965
f 966/966/966 967/967/967 965/965/965
f 970/970/970 969/969/969 968/968/968
f 971/971/971 970/970/970 968/968/968
f 971/971/971 968/968/968 972/972/972
f 973/973/973 971/971/971 972/972/972
f 973/973/973 972/972/972 974/974/974
f 975/975/975 973/973/973 974/974/974
f 975/975/975 974/974/974 976/976/976
f 977/977/977 975/975/975 976/976/976
f 980/980/980 979/979/979 978/978/978
f 981/981/981 980/980/980 978/978/978
f 981/981/981 978/978/978 982/982/982
f 983/983/983 981/981/981 982/982/982
f 983/983/983 982/982/982 984/984/984
f 985/985/985 983/983/983 984/984/984
f 985/985/985 984/984/984 986/986/986
f 987/987/987 985/985/985 986/986/986
f 990/990/990 989/989/989 988/988/988
f 991/991/991 990/990/990 988/988/988
f 991/991/991 988/988/988 992/992/992
f 993/993/993 991/991/991 992/992/992
f 993/993/993 992/992/992 994/994/994
f 995/995/995 993/993/993 994/994/994
f 995/995/995 994/994/994 996/996/996
f 997/997/997 995/995/995 996/996/996
f 1000/1000/1000 999/999/999 998/998/998
f 1001/1001/1001 1000/1000/1000 998/998/998
f 1001/1001/1001 998/998/998 1002/1002/1002
f 1003/1003/1003 1001/1001/1001 1002/1002/1002
f 1003/1003/1003 1002/1002/1002 1004/1004/1004
f 1005/1005/1005 1003/1003/1003 1004/1004/1004
f 1005/1005/1005 1004/1004/1004 1006/1006/1006
f 1007/1007/1007 1005/1005/1005 1006/1006/1006
f 1010/1010/1010 1009/1009/1009 1008/1008/1008
f 1009/1009/1009 1011/1011/1011 1008/1008/1008
f 1009/1009/1009 1012/1012/1012 1011/1011/1011
f 1012/1012/1012 1013/1013/1013 1011/1011/1011
f 1012/1012/1012 1014/1014/1014 1013/1013/1013
f 1014/1014/1014 1015/1015/1015 1013/1013/1013
f 1014/1014/1014 1016/1016/1016 1015/1015/1015
f 1016/1016/1016 1017/1017/1017 1015/1015/1015
f 1020/1020/1020 1019/1019/1019 1018/1018/1018
f 1019/1019/1019 1021/1021/1021 1018/1018/1018
f 1019/1019/1019 1022/1022/1022 1021/1021/1021
f 1022/1022/1022 1023/1023/1023 1021/1021/1021
f 1022/1022/1022 1024/1024/1024 1023/1023/1023
f 1024/1024/1024 1025/1025/1025 1023/1023/1023
f 1024/1024/1024 1026/1026/1026 1025/1025/1025
f 1026/1026/1026 1027/1027/1027 1025/1025/1025
f 1030/1030/1030 1029/1029/1029 1028/1028/1028
f 1029/1029/1029 1031/1031/1031 1028/1028/1028
f 1029/1029/1029 1032/1032/1032 1031/1031/1031
f 1032/1032/1032 1033/1033/1033 1031/1031/1031
f 1032/1032/1032 1034/1034/1034 1033/1033/1033
f 1034/1034/1034 1035/1035/1035 1033/1033/1033
f 1034/1034/1034 1036/1036/1036 1035/1035/1035
f 1036/1036/1036 1037/1037/1037 1035/1035/1035
f 1040/1040/1040 1039/1039/1039 1038/1038/1038
f 1039/1039/1039 1041/1041/1041 1038/1038/1038
f 1039/1039/1039 1042/1042/1042 1041/1041/1041
f 1042/1042/1042 1043/1043/1043 1041/1041/1041
f 1042/1042/1042 1044/1044/1044 1043/1043/1043
f 1044/1044/1044 1045/1045/1045 1043/1043/1043
f 1044/1044/1044 1046/1046/1046 1045/1045/1045
f 1046/1046/1046 1047/1047/1047 1045/1045/1045
f 1050/1050/1050 1049/1049/1049 1048/1048/1048
f 1051/1051/1051 1050/1050/1050 1048/1048/1048
f 1051/1051/1051 1048/1048/1048 1052/1052/1052
f 1053/1053/1053 1051/1051/1051 1052/1052/1052
f 1053/1053/1053 1052/1052/1052 1054/1054/1054
f 1055/1055/1055 1053/1053/1053 1054/1054/1054
f 1055/1055/1055 1054/1054/1054 1056/1056/1056
f 1057/1057/1057 1055/1055/1055 1056/1056/1056
f 1060/1060/1060 1059/1059/1059 1058/1058/1058
f 1061/1061/1061 1060/1060/1060 1058/1058/1058
f 1061/1061/1061 1058/1058/1058 1062/1062/1062
f 1063/1063/1063 1061/1061/1061 1062/1062/1062
f 1063/1063/1063 1062/1062/1062 1064/1064/1064
f 1065/1065/1065 1063/1063/1063 1064/1064/1064
f 1065/1065/1065 1064/1064/1064 1066/1066/1066
f 1067/1067/1067 1065/1065/1065 1066/1066/1066
f 1070/1070/1070 1069/1069/1069 1068/1068/1068
f 1071/1071/1071 1070/1070/1070 1068/1068/1068
f 1071/1071/1071 1068/1068/1068 1072/1072/1072
f 1073/1073/1073 1071/1071/1071 1072/1072/1072
f 1073/1073/1073 1072/1072/1072 1074/1074/1074
f 1075/1075/1075 1073/1073/1073 1074/1074/1074
f 1075/1075/1075 1074/1074/1074 1076/1076/1076
f 1077/1077/1077 1075/1075/1075 1076/1076/1076
f 1080/1080/1080 1079/1079/1079 1078/1078/1078
f 1081/1081/1081 1080/1080/1080 1078/1078/1078
f 1084/1084/1084 1083/1083/1083 1082/1082/1082
f 1082/1082/1082 1085/1085/1085 1084/1084/1084
f 1082/1082/1082 1086/1086/1086 1085/1085/1085
f 1086/1086/1086 1087/1087/1087 1085/1085/1085
f 1087/1087/1087 1088/1088/1088 1085/1085/1085
f 1091/1091/1091 1090/1090/1090 1089/1089/1089
f 1089/1089/1089 1092/1092/1092 1091/1091/1091
f 1089/1089/1089 1093/1093/1093 1092/1092/1092
f 1089/1089/1089 1094/1094/1094 1093/1093/1093
f 1089/1089/1089 1095/1095/1095 1094/1094/1094
f 1098/1098/1098 1097/1097/1097 1096/1096/1096
f 1097/1097/1097 1099/1099/1099 1096/1096/1096
f 1099/1099/1099 1097/1097/1097 1100/1100/1100
f 1101/1101/1101 1099/1099/1099 1100/1100/1100
f 1101/1101/1101 1100/1100/1100 1102/1102/1102
f 1103/1103/1103 1101/1101/1101 1102/1102/1102
f 1103/1103/1103 1102/1102/1102 1104/1104/1104
f 1105/1105/1105 1103/1103/1103 1104/1104/1104
f 1105/1105/1105 1104/1104/1104 1106/1106/1106
f 1107/1107/1107 1105/1105/1105 1106/1106/1106
f 1110/1110/1110 1109/1109/1109 1108/1108/1108
f 1111/1111/1111 1110/1110/1110 1108/1108/1108
f 1114/1114/1114 1113/1113/1113 1112/1112/1112
f 1115/1115/1115 1114/1114/1114 1112/1112/1112
f 1118/1118/1118 1117/1117/1117 1116/1116/1116
f 1119/1119/1119 1118/1118/1118 1116/1116/1116
f 1122/1122/1122 1121/1121/1121 1120/1120/1120
f 1123/1123/1123 1122/1122/1122 1120/1120/1120
f 1126/1126/1126 1125/1125/1125 1124/1124/1124
f 1127/1127/1127 1126/1126/1126 1124/1124/1124
f 1130/1130/1130 1129/1129/1129 1128/1128/1128
f 1131/1131/1131 1130/1130/1130 1128/1128/1128
f 1134/1134/1134 1133/1133/1133 1132/1132/1132
f 1135/1135/1135 1134/1134/1134 1132/1132/1132
f 1138/1138/1138 1137/1137/1137 1136/1136/1136
f 1139/1139/1139 1138/1138/1138 1136/1136/1136
f 1142/1142/1142 1141/1141/1141 1140/1140/1140
f 1143/1143/1143 1142/1142/1142 1140/1140/1140
f 1146/1146/1146 1145/1145/1145 1144/1144/1144
f 1147/1147/1147 1146/1146/1146 1144/1144/1144
f 1150/1150/1150 1149/1149/1149 1148/1148/1148
f 1151/1151/1151 1150/1150/1150 1148/1148/1148
f 1154/1154/1154 1153/1153/1153 1152/1152/1152
f 1155/1155/1155 1154/1154/1154 1152/1152/1152
f 1158/1158/1158 1157/1157/1157 1156/1156/1156
f 1159/1159/1159 1158/1158/1158 1156/1156/1156
f 1162/1162/1162 1161/1161/1161 1160/1160/1160
f 1163/1163/1163 1162/1162/1162 1160/1160/1160
f 1166/1166/1166 1165/1165/1165 1164/1164/1164
f 1167/1167/1167 1166/1166/1166 1164/1164/1164
f 1170/1170/1170 1169/1169/1169 1168/1168/1168
f 1171/1171/1171 1170/1170/1170 1168/1168/1168
f 1174/1174/1174 1173/1173/1173 1172/1172/1172
f 1175/1175/1175 1174/1174/1174 1172/1172/1172
f 1178/1178/1178 1177/1177/1177 1176/1176/1176
f 1179/1179/1179 1178/1178/1178 1176/1176/1176
f 1180/1180/1180 1178/1178/1178 1179/1179/1179
f 1181/1181/1181 1180/1180/1180 1179/1179/1179
f 1182/1182/1182 1180/1180/1180 1181/1181/1181
f 1183/1183/1183 1182/1182/1182 1181/1181/1181
f 1186/1186/1186 1185/1185/1185 1184/1184/1184
f 1187/1187/1187 1186/1186/1186 1184/1184/1184
f 1188/1188/1188 1186/1186/1186 1187/1187/1187
f 1189/1189/1189 1188/1188/1188 1187/1187/1187
f 1190/1190/1190 1188/1188/1188 1189/1189/1189
f 1191/1191/1191 1190/1190/1190 1189/1189/1189
f 1194/1194/1194 1193/1193/1193 1192/1192/1192
f 1195/1195/1195 1194/1194/1194 1192/1192/1192
f 1196/1196/1196 1194/1194/1194 1195/1195/1195
f 1197/1197/1197 1196/1196/1196 1195/1195/1195
f 1198/1198/1198 1196/1196/1196 1197/1197/1197
f 1199/1199/1199 1198/1198/1198 1197/1197/1197
f 1202/1202/1202 1201/1201/1201 1200/1200/1200
f 1203/1203/1203 1202/1202/1202 1200/1200/1200
f 1204/1204/1204 1202/1202/1202 1203/1203/1203
f 1205/1205/1205 1204/1204/1204 1203/1203/1203
f 1206/1206/1206 1204/1204/1204 1205/1205/1205
f 1207/1207/1207 1206/1206/1206 1205/1205/1205
f 1210/1210/1210 1209/1209/1209 1208/1208/1208
f 1211/1211/1211 1210/1210/1210 1208/1208/1208
f 1214/1214/1214 1213/1213/1213 1212/1212/1212
f 1215/1215/1215 1214/1214/1214 1212/1212/1212
f 1218/1218/1218 1217/1217/1217 1216/1216/1216
f 1219/1219/1219 1218/1218/1218 1216/1216/1216
f 1222/1222/1222 1221/1221/1221 1220/1220/1220
f 1223/1223/1223 1222/1222/1222 1220/1220/1220
f 1226/1226/1226 1225/1225/1225 1224/1224/1224
f 1227/1227/1227 1226/1226/1226 1224/1224/1224
f 1230/1230/1230 1229/1229/1229 1228/1228/1228
f 1231/1231/1231 1230/1230/1230 1228/1228/1228
f 1234/1234/1234 1233/1233/1233 1232/1232/1232
f 1235/1235/1235 1234/1234/1234 1232/1232/1232
f 1238/1238/1238 1237/1237/1237 1236/1236/1236
f 1239/1239/1239 1238/1238/1238 1236/1236/1236
f 1242/1242/1242 1241/1241/1241 1240/1240/1240
f 1243/1243/1243 1242/1242/1242 1240/1240/1240
f 1246/1246/1246 1245/1245/1245 1244/1244/1244
f 1247/1247/1247 1246/1246/1246 1244/1244/1244
f 1250/1250/1250 1249/1249/1249 1248/1248/1248
f 1251/1251/1251 1250/1250/1250 1248/1248/1248
f 1254/1254/1254 1253/1253/1253 1252/1252/1252
f 1255/1255/1255 1254/1254/1254 1252/1252/1252
f 1258/1258/1258 1257/1257/1257 1256/1256/1256
f 1259/1259/1259 1258/1258/1258 1256/1256/1256
f 1262/1262/1262 1261/1261/1261 1260/1260/1260
f 1263/1263/1263 1262/1262/1262 1260/1260/1260
f 1266/1266/1266 1265/1265/1265 1264/1264/1264
f 1267/1267/1267 1266/1266/1266 1264/1264/1264
f 1270/1270/1270 1269/1269/1269 1268/1268/1268
f 1271/1271/1271 1270/1270/1270 1268/1268/1268
f 1274/1274/1274 1273/1273/1273 1272/1272/1272
f 1273/1273/1273 1275/1275/1275 1272/1272/1272
f 1272/1272/1272 1275/1275/1275 1276/1276/1276
f 1275/1275/1275 1277/1277/1277 1276/1276/1276
f 1276/1276/1276 1277/1277/1277 1278/1278/1278
f 1277/1277/1277 1279/1279/1279 1278/1278/1278
f 1282/1282/1282 1281/1281/1281 1280/1280/1280
f 1281/1281/1281 1283/1283/1283 1280/1280/1280
f 1280/1280/1280 1283/1283/1283 1284/1284/1284
f 1283/1283/1283 1285/1285/1285 1284/1284/1284
f 1284/1284/1284 1285/1285/1285 1286/1286/1286
f 1285/1285/1285 1287/1287/1287 1286/1286/1286
f 1290/1290/1290 1289/1289/1289 1288/1288/1288
f 1289/1289/1289 1291/1291/1291 1288/1288/1288
f 1288/1288/1288 1291/1291/1291 1292/1292/1292
f 1291/1291/1291 1293/1293/1293 1292/1292/1292
f 1292/1292/1292 1293/1293/1293 1294/1294/1294
f 1293/1293/1293 1295/1295/1295 1294/1294/1294
f 1298/1298/1298 1297/1297/1297 1296/1296/1296
f 1297/1297/1297 1299/1299/1299 1296/1296/1296
f 1296/1296/1296 1299/1299/1299 1300/1300/1300
f 1299/1299/1299 1301/1301/1301 1300/1300/1300
f 1300/1300/1300 1301/1301/1301 1302/1302/1302
f 1301/1301/1301 1303/1303/1303 1302/1302/1302
f 1306/1306/1306 1305/1305/1305 1304/1304/1304
f 1307/1307/1307 1306/1306/1306 1304/1304/1304
f 1310/1310/1310 1309/1309/1309 1308/1308/1308
f 1309/1309/1309 1311/1311/1311 1308/1308/1308
f 1308/1308/1308 1311/1311/1311 1312/1312/1312
f 1311/1311/1311 1313/1313/1313 1312/1312/1312
f 1316/1316/1316 1315/1315/1315 1314/1314/1314
f 1315/1315/1315 1317/1317/1317 1314/1314/1314
f 1314/1314/1314 1317/1317/1317 1318/1318/1318
f 1317/1317/1317 1319/1319/1319 1318/1318/1318
f 1322/1322/1322 1321/1321/1321 1320/1320/1320
f 1321/1321/1321 1323/1323/1323 1320/1320/1320
f 1320/1320/1320 1323/1323/1323 1324/1324/1324
f 1323/1323/1323 1325/1325/1325 1324/1324/1324
f 1328/1328/1328 1327/1327/1327 1326/1326/1326
f 1329/1329/1329 1328/1328/1328 1326/1326/1326
f 1330/1330/1330 1328/1328/1328 1329/1329/1329
f 1331/1331/1331 1330/1330/1330 1329/1329/1329
f 1334/1334/1334 1333/1333/1333 1332/1332/1332
f 1335/1335/1335 1334/1334/1334 1332/1332/1332
f 1336/1336/1336 1334/1334/1334 1335/1335/1335
f 1337/1337/1337 1336/1336/1336 1335/1335/1335
f 1340/1340/1340 1339/1339/1339 1338/1338/1338
f 1341/1341/1341 1340/1340/1340 1338/1338/1338
f 1342/1342/1342 1340/1340/1340 1341/1341/1341
f 1343/1343/1343 1342/1342/1342 1341/1341/1341
f 1346/1346/1346 1345/1345/1345 1344/1344/1344
f 1347/1347/1347 1346/1346/1346 1344/1344/1344
f 1348/1348/1348 1346/1346/1346 1347/1347/1347
f 1349/1349/1349 1348/1348/1348 1347/1347/1347
f 1352/1352/1352 1351/1351/1351 1350/1350/1350
f 1353/1353/1353 1352/1352/1352 1350/1350/1350
f 1356/1356/1356 1355/1355/1355 1354/1354/1354
f 1357/1357/1357 1356/1356/1356 1354/1354/1354
f 1360/1360/1360 1359/1359/1359 1358/1358/1358
f 1361/1361/1361 1360/1360/1360 1358/1358/1358
f 1364/1364/1364 1363/1363/1363 1362/1362/1362
f 1365/1365/1365 1364/1364/1364 1362/1362/1362
f 1368/1368/1368 1367/1367/1367 1366/1366/1366
f 1369/1369/1369 1368/1368/1368 1366/1366/1366
f 1372/1372/1372 1371/1371/1371 1370/1370/1370
f 1373/1373/1373 1372/1372/1372 1370/1370/1370
f 1376/1376/1376 1375/1375/1375 1374/1374/1374
f 1377/1377/1377 1376/1376/1376 1374/1374/1374
f 1380/1380/1380 1379/1379/1379 1378/1378/1378
f 1381/1381/1381 1380/1380/1380 1378/1378/1378
f 1384/1384/1384 1383/1383/1383 1382/1382/1382
f 1385/1385/1385 1384/1384/1384 1382/1382/1382
f 1388/1388/1388 1387/1387/1387 1386/1386/1386
f 1389/1389/1389 1388/1388/1388 1386/1386/1386
f 1392/1392/1392 1391/1391/1391 1390/1390/1390
f 1393/1393/1393 1392/1392/1392 1390/1390/1390
f 1396/1396/1396 1395/1395/1395 1394/1394/1394
f 1397/1397/1397 1396/1396/1396 1394/1394/1394
f 1400/1400/1400 1399/1399/1399 1398/1398/1398
f 1399/1399/1399 1401/1401/1401 1398/1398/1398
f 1398/1398/1398 1401/1401/1401 1402/1402/1402
f 1401/1401/1401 1403/1403/1403 1402/1402/1402
f 1406/1406/1406 1405/1405/1405 1404/1404/1404
f 1405/1405/1405 1407/1407/1407 1404/1404/1404
f 1404/1404/1404 1407/1407/1407 1408/1408/1408
f 1407/1407/1407 1409/1409/1409 1408/1408/1408
f 1412/1412/1412 1411/1411/1411 1410/1410/1410
f 1413/1413/1413 1412/1412/1412 1410/1410/1410
f 1416/1416/1416 1415/1415/1415 1414/1414/1414
f 1415/1415/1415 1417/1417/1417 1414/1414/1414
f 1414/1414/1414 1417/1417/1417 1418/1418/1418
f 1417/1417/1417 1419/1419/1419 1418/1418/1418
f 1422/1422/1422 1421/1421/1421 1420/1420/1420
f 1423/1423/1423 1422/1422/1422 1420/1420/1420
f 1426/1426/1426 1425/1425/1425 1424/1424/1424
f 1427/1427/1427 1426/1426/1426 1424/1424/1424
f 1430/1430/1430 1429/1429/1429 1428/1428/1428
f 1431/1431/1431 1430/1430/1430 1428/1428/1428
f 1434/1434/1434 1433/1433/1433 1432/1432/1432
f 1435/1435/1435 1434/1434/1434 1432/1432/1432
f 1438/1438/1438 1437/1437/1437 1436/1436/1436
f 1439/1439/1439 1438/1438/1438 1436/1436/1436
f 1442/1442/1442 1441/1441/1441 1440/1440/1440
f 1443/1443/1443 1442/1442/1442 1440/1440/1440
f 1443/1443/1443 1440/1440/1440 1444/1444/1444
f 1445/1445/1445 1443/1443/1443 1444/1444/1444
f 1448/1448/1448 1447/1447/1447 1446/1446/1446
f 1449/1449/1449 1448/1448/1448 1446/1446/1446
f 1452/1452/1452 1451/1451/1451 1450/1450/1450
f 1453/1453/1453 1452/1452/1452 1450/1450/1450
f 1453/1453/1453 1450/1450/1450 1454/1454/1454
f 1455/1455/1455 1453/1453/1453 1454/1454/1454
f 1458/1458/1458 1457/1457/1457 1456/1456/1456
f 1459/1459/1459 1458/1458/1458 1456/1456/1456
f 1459/1459/1459 1456/1456/1456 1460/1460/1460
f 1461/1461/1461 1459/1459/1459 1460/1460/1460
f 1464/1464/1464 1463/1463/1463 1462/1462/1462
f 1465/1465/1465 1464/1464/1464 1462/1462/1462
f 1468/1468/1468 1467/1467/1467 1466/1466/1466
f 1469/1469/1469 1468/1468/1468 1466/1466/1466
f 1472/1472/1472 1471/1471/1471 1470/1470/1470
f 1473/1473/1473 1472/1472/1472 1470/1470/1470
f 1476/1476/1476 1475/1475/1475 1474/1474/1474
f 1477/1477/1477 1476/1476/1476 1474/1474/1474
f 1480/1480/1480 1479/1479/1479 1478/1478/1478
f 1481/1481/1481 1480/1480/1480 1478/1478/1478
f 1484/1484/1484 1483/1483/1483 1482/1482/1482
f 1485/1485/1485 1484/1484/1484 1482/1482/1482
f 1488/1488/1488 1487/1487/1487 1486/1486/1486
f 1489/1489/1489 1488/1488/1488 1486/1486/1486
f 1492/1492/1492 1491/1491/1491 1490/1490/1490
f 1493/1493/1493 1492/1492/1492 1490/1490/1490
f 1494/1494/1494 1492/1492/1492 1493/1493/1493
f 1495/1495/1495 1494/1494/1494 1493/1493/1493
f 1496/1496/1496 1494/1494/1494 1495/1495/1495
f 1497/1497/1497 1496/1496/1496 1495/1495/1495
f 1500/1500/1500 1499/1499/1499 1498/1498/1498
f 1501/1501/1501 1500/1500/1500 1498/1498/1498
f 1504/1504/1504 1503/1503/1503 1502/1502/1502
f 1505/1505/1505 1504/1504/1504 1502/1502/1502
f 1506/1506/1506 1504/1504/1504 1505/1505/1505
f 1507/1507/1507 1506/1506/1506 1505/1505/1505
f 1508/1508/1508 1506/1506/1506 1507/1507/1507
f 1509/1509/1509 1508/1508/1508 1507/1507/1507
f 1512/1512/1512 1511/1511/1511 1510/1510/1510
f 1513/1513/1513 1512/1512/1512 1510/1510/1510
f 1516/1516/1516 1515/1515/1515 1514/1514/1514
f 1517/1517/1517 1516/1516/1516 1514/1514/1514
f 1520/1520/1520 1519/1519/1519 1518/1518/1518
f 1521/1521/1521 1520/1520/1520 1518/1518/1518
f 1524/1524/1524 1523/1523/1523 1522/1522/1522
f 1523/1523/1523 1525/1525/1525 1522/1522/1522
f 1522/1522/1522 1525/1525/1525 1526/1526/1526
f 1525/1525/1525 1527/1527/1527 1526/1526/1526
f 1530/1530/1530 1529/1529/1529 1528/1528/1528
f 1531/1531/1531 1530/1530/1530 1528/1528/1528
f 1534/1534/1534 1533/1533/1533 1532/1532/1532
f 1535/1535/1535 1534/1534/1534 1532/1532/1532
f 1538/1538/1538 1537/1537/1537 1536/1536/1536
f 1539/1539/1539 1538/1538/1538 1536/1536/1536
f 1542/1542/1542 1541/1541/1541 1540/1540/1540
f 1543/1543/1543 1542/1542/1542 1540/1540/1540
f 1546/1546/1546 1545/1545/1545 1544/1544/1544
f 1547/1547/1547 1546/1546/1546 1544/1544/1544
f 1550/1550/1550 1549/1549/1549 1548/1548/1548
f 1551/1551/1551 1550/1550/1550 1548/1548/1548
f 1554/1554/1554 1553/1553/1553 1552/1552/1552
f 1555/1555/1555 1554/1554/1554 1552/1552/1552
f 1558/1558/1558 1557/1557/1557 1556/1556/1556
f 1559/1559/1559 1558/1558/1558 1556/1556/1556
f 1562/1562/1562 1561/1561/1561 1560/1560/1560
f 1563/1563/1563 1562/1562/1562 1560/1560/1560
f 1566/1566/1566 1565/1565/1565 1564/1564/1564
f 1567/1567/1567 1566/1566/1566 1564/1564/1564
f 1570/1570/1570 1569/1569/1569 1568/1568/1568
f 1571/1571/1571 1570/1570/1570 1568/1568/1568
f 1574/1574/1574 1573/1573/1573 1572/1572/1572
f 1575/1575/1575 1574/1574/1574 1572/1572/1572
f 1578/1578/1578 1577/1577/1577 1576/1576/1576
f 1579/1579/1579 1578/1578/1578 1576/1576/1576
f 1582/1582/1582 1581/1581/1581 1580/1580/1580
f 1583/1583/1583 1582/1582/1582 1580/1580/1580
f 1586/1586/1586 1585/1585/1585 1584/1584/1584
f 1587/1587/1587 1586/1586/1586 1584/1584/1584
f 1590/1590/1590 1589/1589/1589 1588/1588/1588
f 1591/1591/1591 1590/1590/1590 1588/1588/1588
f 1594/1594/1594 1593/1593/1593 1592/1592/1592
f 1595/1595/1595 1594/1594/1594 1592/1592/1592
f 1598/1598/1598 1597/1597/1597 1596/1596/1596
f 1599/1599/1599 1598/1598/1598 1596/1596/1596
f 1602/1602/1602 1601/1601/1601 1600/1600/1600
f 1603/1603/1603 1602/1602/1602 1600/1600/1600
f 1606/1606/1606 1605/1605/1605 1604/1604/1604
f 1607/1607/1607 1606/1606/1606 1604/1604/1604
f 1610/1610/1610 1609/1609/1609 1608/1608/1608
f 1611/1611/1611 1610/1610/1610 1608/1608/1608
f 1614/1614/1614 1613/1613/1613 1612/1612/1612
f 1615/1615/1615 1614/1614/1614 1612/1612/1612
f 1618/1618/1618 1617/1617/1617 1616/1616/1616
f 1619/1619/1619 1618/1618/1618 1616/1616/1616
f 1622/1622/1622 1621/1621/1621 1620/1620/1620
f 1623/1623/1623 1622/1622/1622 1620/1620/1620
f 1626/1626/1626 1625/1625/1625 1624/1624/1624
f 1627/1627/1627 1626/1626/1626 1624/1624/1624
f 1630/1630/1630 1629/1629/1629 1628/1628/1628
f 1631/1631/1631 1630/1630/1630 1628/1628/1628
f 1634/1634/1634 1633/1633/1633 1632/1632/1632
f 1635/1635/1635 1634/1634/1634 1632/1632/1632
f 1638/1638/1638 1637/1637/1637 1636/1636/1636
f 1639/1639/1639 1638/1638/1638 1636/1636/1636
f 1642/1642/1642 1641/1641/1641 1640/1640/1640
f 1643/1643/1643 1642/1642/1642 1640/1640/1640
f 1646/1646/1646 1645/1645/1645 1644/1644/1644
f 1647/1647/1647 1646/1646/1646 1644/1644/1644
f 1650/1650/1650 1649/1649/1649 1648/1648/1648
f 1651/1651/1651 1650/1650/1650 1648/1648/1648
f 1654/1654/1654 1653/1653/1653 1652/1652/1652
f 1655/1655/1655 1654/1654/1654 1652/1652/1652
f 1658/1658/1658 1657/1657/1657 1656/1656/1656
f 1659/1659/1659 1658/1658/1658 1656/1656/1656
f 1662/1662/1662 1661/1661/1661 1660/1660/1660
f 1663/1663/1663 1662/1662/1662 1660/1660/1660
f 1666/1666/1666 1665/1665/1665 1664/1664/1664
f 1667/1667/1667 1666/1666/1666 1664/1664/1664
f 1670/1670/1670 1669/1669/1669 1668/1668/1668
f 1671/1671/1671 1670/1670/1670 1668/1668/1668
f 1674/1674/1674 1673/1673/1673 1672/1672/1672
f 1675/1675/1675 1674/1674/1674 1672/1672/1672
f 1678/1678/1678 1677/1677/1677 1676/1676/1676
f 1679/1679/1679 1678/1678/1678 1676/1676/1676
f 1682/1682/1682 1681/1681/1681 1680/1680/1680
f 1683/1683/1683 1682/1682/1682 1680/1680/1680
f 1686/1686/1686 1685/1685/1685 1684/1684/1684
f 1687/1687/1687 1686/1686/1686 1684/1684/1684
f 1690/1690/1690 1689/1689/1689 1688/1688/1688
f 1691/1691/1691 1690/1690/1690 1688/1688/1688
f 1694/1694/1694 1693/1693/1693 1692/1692/1692
f 1695/1695/1695 1694/1694/1694 1692/1692/1692
f 1698/1698/1698 1697/1697/1697 1696/1696/1696
f 1699/1699/1699 1698/1698/1698 1696/1696/1696
f 1702/1702/1702 1701/1701/1701 1700/1700/1700
f 1703/1703/1703 1702/1702/1702 1700/1700/1700
f 1706/1706/1706 1705/1705/1705 1704/1704/1704
f 1707/1707/1707 1706/1706/1706 1704/1704/1704
f 1710/1710/1710 1709/1709/1709 1708/1708/1708
f 1711/1711/1711 1710/1710/1710 1708/1708/1708
f 1714/1714/1714 1713/1713/1713 1712/1712/1712
f 1715/1715/1715 1714/1714/1714 1712/1712/1712
f 1718/1718/1718 1717/1717/1717 1716/1716/1716
f 1719/1719/1719 1718/1718/1718 1716/1716/1716
f 1722/1722/1722 1721/1721/1721 1720/1720/1720
f 1723/1723/1723 1722/1722/1722 1720/1720/1720
f 1726/1726/1726 1725/1725/1725 1724/1724/1724
f 1727/1727/1727 1726/1726/1726 1724/1724/1724
f 1730/1730/1730 1729/1729/1729 1728/1728/1728
f 1731/1731/1731 1730/1730/1730 1728/1728/1728
f 1734/1734/1734 1733/1733/1733 1732/1732/1732
f 1735/1735/1735 1734/1734/1734 1732/1732/1732
f 1738/1738/1738 1737/1737/1737 1736/1736/1736
f 1739/1739/1739 1738/1738/1738 1736/1736/1736
f 1742/1742/1742 1741/1741/1741 1740/1740/1740
f 1743/1743/1743 1742/1742/1742 1740/1740/1740
f 1746/1746/1746 1745/1745/1745 1744/1744/1744
f 1747/1747/1747 1746/1746/1746 1744/1744/1744
f 1750/1750/1750 1749/1749/1749 1748/1748/1748
f 1751/1751/1751 1750/1750/1750 1748/1748/1748
f 1754/1754/1754 1753/1753/1753 1752/1752/1752
f 1755/1755/1755 1754/1754/1754 1752/1752/1752
f 1758/1758/1758 1757/1757/1757 1756/1756/1756
f 1759/1759/1759 1758/1758/1758 1756/1756/1756
f 1762/1762/1762 1761/1761/1761 1760/1760/1760
f 1763/1763/1763 1762/1762/1762 1760/1760/1760
f 1766/1766/1766 1765/1765/1765 1764/1764/1764
f 1767/1767/1767 1766/1766/1766 1764/1764/1764
f 1770/1770/1770 1769/1769/1769 1768/1768/1768
f 1771/1771/1771 1770/1770/1770 1768/1768/1768
f 1774/1774/1774 1773/1773/1773 1772/1772/1772
f 1775/1775/1775 1774/1774/1774 1772/1772/1772
f 1778/1778/1778 1777/1777/1777 1776/1776/1776
f 1779/1779/1779 1778/1778/1778 1776/1776/1776
f 1782/1782/1782 1781/1781/1781 1780/1780/1780
f 1783/1783/1783 1782/1782/1782 1780/1780/1780
f 1786/1786/1786 1785/1785/1785 1784/1784/1784
f 1787/1787/1787 1786/1786/1786 1784/1784/1784
f 1790/1790/1790 1789/1789/1789 1788/1788/1788
f 1788/1788/1788 1791/1791/1791 1790/1790/1790
f 1788/1788/1788 1792/1792/1792 1791/1791/1791
f 1792/1792/1792 1793/1793/1793 1791/1791/1791
f 1792/1792/1792 1794/1794/1794 1793/1793/1793
f 1794/1794/1794 1795/1795/1795 1793/1793/1793
f 1794/1794/1794 1796/1796/1796 1795/1795/1795
f 1796/1796/1796 1797/1797/1797 1795/1795/1795
f 1796/1796/1796 1798/1798/1798 1797/1797/1797
f 1798/1798/1798 1799/1799/1799 1797/1797/1797
f 1798/1798/1798 1800/1800/1800 1799/1799/1799
f 1800/1800/1800 1801/1801/1801 1799/1799/1799
f 1800/1800/1800 1802/1802/1802 1801/1801/1801
f 1802/1802/1802 1803/1803/1803 1801/1801/1801
f 1806/1806/1806 1805/1805/1805 1804/1804/1804
f 1804/1804/1804 1807/1807/1807 1806/1806/1806
f 1804/1804/1804 1808/1808/1808 1807/1807/1807
f 1808/1808/1808 1809/1809/1809 1807/1807/1807
f 1808/1808/1808 1810/1810/1810 1809/1809/1809
f 1810/1810/1810 1811/1811/1811 1809/1809/1809
f 1810/1810/1810 1812/1812/1812 1811/1811/1811
f 1812/1812/1812 1813/1813/1813 1811/1811/1811
f 1812/1812/1812 1814/1814/1814 1813/1813/1813
f 1812/1812/1812 1815/1815/1815 1814/1814/1814
f 1815/1815/1815 1816/1816/1816 1814/1814/1814
f 1815/1815/1815 1817/1817/1817 1816/1816/1816
f 1817/1817/1817 1818/1818/1818 1816/1816/1816
f 1818/1818/1818 1819/1819/1819 1816/1816/1816
f 1822/1822/1822 1821/1821/1821 1820/1820/1820
f 1821/1821/1821 1823/1823/1823 1820/1820/1820
f 1821/1821/1821 1824/1824/1824 1823/1823/1823
f 1824/1824/1824 1825/1825/1825 1823/1823/1823
f 1824/1824/1824 1826/1826/1826 1825/1825/1825
f 1826/1826/1826 1827/1827/1827 1825/1825/1825
f 1826/1826/1826 1828/1828/1828 1827/1827/1827
f 1828/1828/1828 1829/1829/1829 1827/1827/1827
f 1832/1832/1832 1831/1831/1831 1830/1830/1830
f 1833/1833/1833 1832/1832/1832 1830/1830/1830
f 1833/1833/1833 1830/1830/1830 1834/1834/1834
f 1835/1835/1835 1833/1833/1833 1834/1834/1834
f 1835/1835/1835 1834/1834/1834 1836/1836/1836
f 1837/1837/1837 1835/1835/1835 1836/1836/1836
f 1832/1832/1832 1839/1839/1839 1838/1838/1838
f 1839/1839/1839 1840/1840/1840 1838/1838/1838
f 1843/1843/1843 1842/1842/1842 1841/1841/1841
f 1842/1842/1842 1844/1844/1844 1841/1841/1841
f 1842/1842/1842 1845/1845/1845 1844/1844/1844
f 1845/1845/1845 1846/1846/1846 1844/1844/1844
f 1845/1845/1845 1847/1847/1847 1846/1846/1846
f 1847/1847/1847 1848/1848/1848 1846/1846/1846
f 1847/1847/1847 1849/1849/1849 1848/1848/1848
f 1849/1849/1849 1850/1850/1850 1848/1848/1848
f 1853/1853/1853 1852/1852/1852 1851/1851/1851
f 1852/1852/1852 1854/1854/1854 1851/1851/1851
f 1852/1852/1852 1855/1855/1855 1854/1854/1854
f 1855/1855/1855 1856/1856/1856 1854/1854/1854
f 1855/1855/1855 1857/1857/1857 1856/1856/1856
f 1857/1857/1857 1858/1858/1858 1856/1856/1856
f 1861/1861/1861 1860/1860/1860 1859/1859/1859
f 1862/1862/1862 1861/1861/1861 1859/1859/1859
f 1865/1865/1865 1864/1864/1864 1863/1863/1863
f 1866/1866/1866 1865/1865/1865 1863/1863/1863
f 1869/1869/1869 1868/1868/1868 1867/1867/1867
f 1870/1870/1870 1869/1869/1869 1867/1867/1867
f 1873/1873/1873 1872/1872/1872 1871/1871/1871
f 1874/1874/1874 1873/1873/1873 1871/1871/1871
f 1877/1877/1877 1876/1876/1876 1875/1875/1875
f 1878/1878/1878 1877/1877/1877 1875/1875/1875
f 1881/1881/1881 1880/1880/1880 1879/1879/1879
f 1882/1882/1882 1881/1881/1881 1879/1879/1879
f 1885/1885/1885 1884/1884/1884 1883/1883/1883
f 1886/1886/1886 1885/1885/1885 1883/1883/1883
f 1889/1889/1889 1888/1888/1888 1887/1887/1887
f 1890/1890/1890 1889/1889/1889 1887/1887/1887
f 1893/1893/1893 1892/1892/1892 1891/1891/1891
f 1894/1894/1894 1893/1893/1893 1891/1891/1891
f 1897/1897/1897 1896/1896/1896 1895/1895/1895
f 1898/1898/1898 1897/1897/1897 1895/1895/1895
f 1901/1901/1901 1900/1900/1900 1899/1899/1899
f 1902/1902/1902 1901/1901/1901 1899/1899/1899
f 1905/1905/1905 1904/1904/1904 1903/1903/1903
f 1906/1906/1906 1905/1905/1905 1903/1903/1903
f 1909/1909/1909 1908/1908/1908 1907/1907/1907
f 1910/1910/1910 1909/1909/1909 1907/1907/1907
f 1913/1913/1913 1912/1912/1912 1911/1911/1911
f 1914/1914/1914 1913/1913/1913 1911/1911/1911
f 1917/1917/1917 1916/1916/1916 1915/1915/1915
f 1918/1918/1918 1917/1917/1917 1915/1915/1915
f 1921/1921/1921 1920/1920/1920 1919/1919/1919
f 1922/1922/1922 1921/1921/1921 1919/1919/1919
f 1925/1925/1925 1924/1924/1924 1923/1923/1923
f 1926/1926/1926 1925/1925/1925 1923/1923/1923
f 1929/1929/1929 1928/1928/1928 1927/1927/1927
f 1930/1930/1930 1929/1929/1929 1927/1927/1927
f 1933/1933/1933 1932/1932/1932 1931/1931/1931
f 1934/1934/1934 1933/1933/1933 1931/1931/1931
f 1937/1937/1937 1936/1936/1936 1935/1935/1935
f 1938/1938/1938 1937/1937/1937 1935/1935/1935
f 1941/1941/1941 1940/1940/1940 1939/1939/1939
f 1942/1942/1942 1941/1941/1941 1939/1939/1939
f 1945/1945/1945 1944/1944/1944 1943/1943/1943
f 1946/1946/1946 1945/1945/1945 1943/1943/1943
f 1949/1949/1949 1948/1948/1948 1947/1947/1947
f 1950/1950/1950 1949/1949/1949 1947/1947/1947
f 1953/1953/1953 1952/1952/1952 1951/1951/1951
f 1954/1954/1954 1953/1953/1953 1951/1951/1951
f 1957/1957/1957 1956/1956/1956 1955/1955/1955
f 1958/1958/1958 1957/1957/1957 1955/1955/1955
f 1961/1961/1961 1960/1960/1960 1959/1959/1959
f 1962/1962/1962 1961/1961/1961 1959/1959/1959
f 1965/1965/1965 1964/1964/1964 1963/1963/1963
f 1966/1966/1966 1965/1965/1965 1963/1963/1963
f 1969/1969/1969 1968/1968/1968 1967/1967/1967
f 1970/1970/1970 1969/1969/1969 1967/1967/1967
f 1973/1973/1973 1972/1972/1972 1971/1971/1971
f 1974/1974/1974 1973/1973/1973 1971/1971/1971
f 1977/1977/1977 1976/1976/1976 1975/1975/1975
f 1978/1978/1978 1977/1977/1977 1975/1975/1975
f 1981/1981/1981 1980/1980/1980 1979/1979/1979
f 1982/1982/1982 1981/1981/1981 1979/1979/1979
f 1985/1985/1985 1984/1984/1984 1983/1983/1983
f 1986/1986/1986 1985/1985/1985 1983/1983/1983
f 1989/1989/1989 1988/1988/1988 1987/1987/1987
f 1990/1990/1990 1989/1989/1989 1987/1987/1987
f 1993/1993/1993 1992/1992/1992 1991/1991/1991
f 1994/1994/1994 1993/1993/1993 1991/1991/1991
f 1997/1997/1997 1996/1996/1996 1995/1995/1995
f 1998/1998/1998 1997/1997/1997 1995/1995/1995
f 2001/2001/2001 2000/2000/2000 1999/1999/1999
f 2002/2002/2002 2001/2001/2001 1999/1999/1999
f 2005/2005/2005 2004/2004/2004 2003/2003/2003
f 2006/2006/2006 2005/2005/2005 2003/2003/2003
f 2009/2009/2009 2008/2008/2008 2007/2007/2007
f 2010/2010/2010 2009/2009/2009 2007/2007/2007
f 2013/2013/2013 2012/2012/2012 2011/2011/2011
f 2014/2014/2014 2013/2013/2013 2011/2011/2011
f 2017/2017/2017 2016/2016/2016 2015/2015/2015
f 2018/2018/2018 2017/2017/2017 2015/2015/2015
f 2021/2021/2021 2020/2020/2020 2019/2019/2019
f 2022/2022/2022 2021/2021/2021 2019/2019/2019
f 2025/2025/2025 2024/2024/2024 2023/2023/2023
f 2026/2026/2026 2025/2025/2025 2023/2023/2023
f 2029/2029/2029 2028/2028/2028 2027/2027/2027
f 2030/2030/2030 2029/2029/2029 2027/2027/2027
f 2033/2033/2033 2032/2032/2032 2031/2031/2031
f 2034/2034/2034 2033/2033/2033 2031/2031/2031
f 2037/2037/2037 2036/2036/2036 2035/2035/2035
f 2038/2038/2038 2037/2037/2037 2035/2035/2035
f 2041/2041/2041 2040/2040/2040 2039/2039/2039
f 2042/2042/2042 2041/2041/2041 2039/2039/2039
f 2045/2045/2045 2044/2044/2044 2043/2043/2043
f 2046/2046/2046 2045/2045/2045 2043/2043/2043
f 2049/2049/2049 2048/2048/2048 2047/2047/2047
f 2050/2050/2050 2049/2049/2049 2047/2047/2047
f 2053/2053/2053 2052/2052/2052 2051/2051/2051
f 2054/2054/2054 2053/2053/2053 2051/2051/2051
f 2057/2057/2057 2056/2056/2056 2055/2055/2055
f 2058/2058/2058 2057/2057/2057 2055/2055/2055
f 2056/2056/2056 2059/2059/2059 2055/2055/2055
f 2060/2060/2060 2058/2058/2058 2055/2055/2055
f 2058/2058/2058 2060/2060/2060 2061/2061/2061
f 2062/2062/2062 2058/2058/2058 2061/2061/2061
f 2062/2062/2062 2061/2061/2061 2063/2063/2063
f 2064/2064/2064 2062/2062/2062 2063/2063/2063
f 2059/2059/2059 2056/2056/2056 2065/2065/2065
f 2056/2056/2056 2066/2066/2066 2065/2065/2065
f 2064/2064/2064 2063/2063/2063 2067/2067/2067
f 2068/2068/2068 2064/2064/2064 2067/2067/2067
f 2066/2066/2066 2069/2069/2069 2065/2065/2065
f 2069/2069/2069 2068/2068/2068 2067/2067/2067
f 2069/2069/2069 2070/2070/2070 2065/2065/2065
f 2070/2070/2070 2069/2069/2069 2067/2067/2067
f 2073/2073/2073 2072/2072/2072 2071/2071/2071
f 2072/2072/2072 2073/2073/2073 2074/2074/2074
f 2072/2072/2072 2075/2075/2075 2071/2071/2071
f 2076/2076/2076 2072/2072/2072 2074/2074/2074
f 2075/2075/2075 2077/2077/2077 2071/2071/2071
f 2077/2077/2077 2078/2078/2078 2071/2071/2071
f 2078/2078/2078 2077/2077/2077 2079/2079/2079
f 2077/2077/2077 2080/2080/2080 2079/2079/2079
f 2079/2079/2079 2080/2080/2080 2081/2081/2081
f 2080/2080/2080 2082/2082/2082 2081/2081/2081
f 2083/2083/2083 2076/2076/2076 2074/2074/2074
f 2084/2084/2084 2083/2083/2083 2074/2074/2074
f 2081/2081/2081 2082/2082/2082 2085/2085/2085
f 2083/2083/2083 2084/2084/2084 2085/2085/2085
f 2082/2082/2082 2086/2086/2086 2085/2085/2085
f 2086/2086/2086 2083/2083/2083 2085/2085/2085
f 2089/2089/2089 2088/2088/2088 2087/2087/2087
f 2090/2090/2090 2089/2089/2089 2087/2087/2087
f 2087/2087/2087 2088/2088/2088 2091/2091/2091
f 2092/2092/2092 2089/2089/2089 2090/2090/2090
f 2088/2088/2088 2093/2093/2093 2091/2091/2091
f 2094/2094/2094 2092/2092/2092 2090/2090/2090
f 2091/2091/2091 2093/2093/2093 2095/2095/2095
f 2096/2096/2096 2092/2092/2092 2094/2094/2094
f 2093/2093/2093 2097/2097/2097 2095/2095/2095
f 2098/2098/2098 2096/2096/2096 2094/2094/2094
f 2095/2095/2095 2097/2097/2097 2099/2099/2099
f 2100/2100/2100 2096/2096/2096 2098/2098/2098
f 2097/2097/2097 2101/2101/2101 2099/2099/2099
f 2102/2102/2102 2100/2100/2100 2098/2098/2098
f 2099/2099/2099 2101/2101/2101 2103/2103/2103
f 2104/2104/2104 2100/2100/2100 2102/2102/2102
f 2101/2101/2101 2105/2105/2105 2103/2103/2103
f 2106/2106/2106 2104/2104/2104 2102/2102/2102
f 2103/2103/2103 2105/2105/2105 2107/2107/2107
f 2108/2108/2108 2104/2104/2104 2106/2106/2106
f 2105/2105/2105 2109/2109/2109 2107/2107/2107
f 2110/2110/2110 2108/2108/2108 2106/2106/2106
f 2107/2107/2107 2109/2109/2109 2111/2111/2111
f 2112/2112/2112 2108/2108/2108 2110/2110/2110
f 2109/2109/2109 2113/2113/2113 2111/2111/2111
f 2114/2114/2114 2112/2112/2112 2110/2110/2110
f 2111/2111/2111 2113/2113/2113 2115/2115/2115
f 2116/2116/2116 2112/2112/2112 2114/2114/2114
f 2113/2113/2113 2117/2117/2117 2115/2115/2115
f 2118/2118/2118 2116/2116/2116 2114/2114/2114
f 2115/2115/2115 2117/2117/2117 2118/2118/2118
f 2117/2117/2117 2116/2116/2116 2118/2118/2118
f 2121/2121/2121 2120/2120/2120 2119/2119/2119
f 2120/2120/2120 2122/2122/2122 2119/2119/2119
f 2123/2123/2123 2120/2120/2120 2121/2121/2121
f 2119/2119/2119 2122/2122/2122 2124/2124/2124
f 2125/2125/2125 2123/2123/2123 2121/2121/2121
f 2122/2122/2122 2126/2126/2126 2124/2124/2124
f 2127/2127/2127 2123/2123/2123 2125/2125/2125
f 2124/2124/2124 2126/2126/2126 2128/2128/2128
f 2129/2129/2129 2127/2127/2127 2125/2125/2125
f 2126/2126/2126 2130/2130/2130 2128/2128/2128
f 2131/2131/2131 2127/2127/2127 2129/2129/2129
f 2128/2128/2128 2130/2130/2130 2132/2132/2132
f 2133/2133/2133 2131/2131/2131 2129/2129/2129
f 2130/2130/2130 2134/2134/2134 2132/2132/2132
f 2135/2135/2135 2131/2131/2131 2133/2133/2133
f 2132/2132/2132 2134/2134/2134 2136/2136/2136
f 2137/2137/2137 2135/2135/2135 2133/2133/2133
f 2134/2134/2134 2138/2138/2138 2136/2136/2136
f 2139/2139/2139 2135/2135/2135 2137/2137/2137
f 2136/2136/2136 2138/2138/2138 2140/2140/2140
f 2141/2141/2141 2139/2139/2139 2137/2137/2137
f 2138/2138/2138 2142/2142/2142 2140/2140/2140
f 2143/2143/2143 2139/2139/2139 2141/2141/2141
f 2140/2140/2140 2142/2142/2142 2144/2144/2144
f 2145/2145/2145 2143/2143/2143 2141/2141/2141
f 2142/2142/2142 2146/2146/2146 2144/2144/2144
f 2147/2147/2147 2143/2143/2143 2145/2145/2145
f 2144/2144/2144 2146/2146/2146 2148/2148/2148
f 2149/2149/2149 2147/2147/2147 2145/2145/2145
f 2146/2146/2146 2150/2150/2150 2148/2148/2148
f 2150/2150/2150 2147/2147/2147 2149/2149/2149
f 2148/2148/2148 2150/2150/2150 2149/2149/2149
f 2153/2153/2153 2152/2152/2152 2151/2151/2151
f 2154/2154/2154 2153/2153/2153 2151/2151/2151
f 2151/2151/2151 2152/2152/2152 2155/2155/2155
f 2156/2156/2156 2153/2153/2153 2154/2154/2154
f 2152/2152/2152 2157/2157/2157 2155/2155/2155
f 2158/2158/2158 2156/2156/2156 2154/2154/2154
f 2155/2155/2155 2157/2157/2157 2159/2159/2159
f 2160/2160/2160 2156/2156/2156 2158/2158/2158
f 2157/2157/2157 2161/2161/2161 2159/2159/2159
f 2162/2162/2162 2160/2160/2160 2158/2158/2158
f 2159/2159/2159 2161/2161/2161 2163/2163/2163
f 2164/2164/2164 2160/2160/2160 2162/2162/2162
f 2161/2161/2161 2165/2165/2165 2163/2163/2163
f 2166/2166/2166 2164/2164/2164 2162/2162/2162
f 2163/2163/2163 2165/2165/2165 2167/2167/2167
f 2168/2168/2168 2164/2164/2164 2166/2166/2166
f 2165/2165/2165 2169/2169/2169 2167/2167/2167
f 2170/2170/2170 2168/2168/2168 2166/2166/2166
f 2167/2167/2167 2169/2169/2169 2171/2171/2171
f 2172/2172/2172 2168/2168/2168 2170/2170/2170
f 2169/2169/2169 2173/2173/2173 2171/2171/2171
f 2174/2174/2174 2172/2172/2172 2170/2170/2170
f 2171/2171/2171 2173/2173/2173 2175/2175/2175
f 2176/2176/2176 2172/2172/2172 2174/2174/2174
f 2173/2173/2173 2177/2177/2177 2175/2175/2175
f 2178/2178/2178 2176/2176/2176 2174/2174/2174
f 2175/2175/2175 2177/2177/2177 2179/2179/2179
f 2180/2180/2180 2176/2176/2176 2178/2178/2178
f 2177/2177/2177 2181/2181/2181 2179/2179/2179
f 2182/2182/2182 2180/2180/2180 2178/2178/2178
f 2179/2179/2179 2181/2181/2181 2182/2182/2182
f 2181/2181/2181 2180/2180/2180 2182/2182/2182
f 2185/2185/2185 2184/2184/2184 2183/2183/2183
f 2184/2184/2184 2186/2186/2186 2183/2183/2183
f 2187/2187/2187 2184/2184/2184 2185/2185/2185
f 2183/2183/2183 2186/2186/2186 2188/2188/2188
f 2189/2189/2189 2187/2187/2187 2185/2185/2185
f 2186/2186/2186 2190/2190/2190 2188/2188/2188
f 2191/2191/2191 2187/2187/2187 2189/2189/2189
f 2188/2188/2188 2190/2190/2190 2192/2192/2192
f 2193/2193/2193 2191/2191/2191 2189/2189/2189
f 2190/2190/2190 2194/2194/2194 2192/2192/2192
f 2195/2195/2195 2191/2191/2191 2193/2193/2193
f 2192/2192/2192 2194/2194/2194 2196/2196/2196
f 2197/2197/2197 2195/2195/2195 2193/2193/2193
f 2194/2194/2194 2198/2198/2198 2196/2196/2196
f 2199/2199/2199 2195/2195/2195 2197/2197/2197
f 2196/2196/2196 2198/2198/2198 2200/2200/2200
f 2201/2201/2201 2199/2199/2199 2197/2197/2197
f 2198/2198/2198 2202/2202/2202 2200/2200/2200
f 2203/2203/2203 2199/2199/2199 2201/2201/2201
f 2200/2200/2200 2202/2202/2202 2204/2204/2204
f 2205/2205/2205 2203/2203/2203 2201/2201/2201
f 2202/2202/2202 2206/2206/2206 2204/2204/2204
f 2207/2207/2207 2203/2203/2203 2205/2205/2205
f 2204/2204/2204 2206/2206/2206 2208/2208/2208
f 2209/2209/2209 2207/2207/2207 2205/2205/2205
f 2206/2206/2206 2210/2210/2210 2208/2208/2208
f 2211/2211/2211 2207/2207/2207 2209/2209/2209
f 2208/2208/2208 2210/2210/2210 2212/2212/2212
f 2213/2213/2213 2211/2211/2211 2209/2209/2209
f 2210/2210/2210 2214/2214/2214 2212/2212/2212
f 2214/2214/2214 2211/2211/2211 2213/2213/2213
f 2212/2212/2212 2214/2214/2214 2213/2213/2213
