g Mora Jai Box Lid
v 11.626806 3.1091423 -1.2637851
v -11.626811 3.1091435 -1.2637851
v -11.626805 31.453604 -1.2637851
v -15.669081 6.648117 -1.2637851
v -15.746919 27.745504 -1.2637851
v -15.669078 27.914633 -1.2637851
v -15.669081 6.648117 -1.2637851
v -15.74692 6.817242 -1.2637851
v -15.746919 27.745504 -1.2637851
v -17.823572 29.099308 -2.4202263
v -17.726637 29.059155 -2.4887903
v -17.746313 29.067104 -2.613002
v -16.745434 29.741344 -3.1295128
v -16.809645 29.776789 -3.0222123
v -16.925547 29.824596 -3.0507085
v -12.7520075 34.718834 -2.4202263
v -12.711857 34.6219 -2.48879
v -12.72015 34.64143 -2.613002
v -17.133474 5.760919 -3.1294441
v -17.198204 5.726718 -3.0222123
v -17.313961 5.678568 -3.0507085
v -12.458557 0.5372624 -3.129512
v -12.494061 0.47307432 -3.0222123
v -12.541866 0.35717463 -3.0507085
v -11.604154 -0.031238696 -3.0507085
v -11.556004 0.08451758 -3.0222123
v -11.521727 0.14921531 -3.1294441
v 11.521739 0.14922032 -3.129444
v 11.556005 0.08451758 -3.0222123
v 11.604154 -0.031238696 -3.0507085
v 16.745506 4.824279 -3.129514
v 16.809645 4.788658 -3.0222123
v 16.925547 4.740854 -3.0507085
v 17.313961 5.678568 -3.0507088
v 17.198204 5.726718 -3.0222123
v 17.133493 5.760963 -3.129444
v 17.823572 5.46614 -2.4202263
v 17.726637 5.5062914 -2.4887903
v 17.746313 5.4983444 -2.613002
v 17.133516 28.80443 -3.1294441
v 17.198204 28.83873 -3.0222123
v 17.313961 28.886879 -3.0507085
v 12.4587755 34.0281 -3.1295116
v 12.494061 34.092377 -3.0222123
v 12.541866 34.208275 -3.0507085
v 11.604154 34.596687 -3.0507088
v 11.556004 34.480934 -3.0222123
v 11.521829 34.41619 -3.1294441
v -8.171829 7.3910108 -2.7888207
v -3.8663995 7.3910108 -2.7888207
v -3.8663995 13.479599 -2.7888207
v -9.891711 13.479601 -2.7888207
v -9.891711 9.110218 -2.7888207
v -9.236136 29.742172 -2.0385413
v 9.236143 29.742172 -2.0385413
v 9.204611 29.583645 -2.0385413
v 9.20461 4.9818063 -2.0385413
v -9.204604 29.583647 -2.0385413
v 9.442746 6.179002 -2.0385413
v 9.442747 28.38645 -2.0385413
v 10.120903 7.193935 -2.0385413
v 10.120905 27.371513 -2.0385413
v 11.135836 7.872091 -2.0385413
v 11.1358385 26.69336 -2.0385413
v 12.333032 8.110229 -2.0385413
v 12.333034 26.455221 -2.0385413
v 12.448256 8.08731 -2.0385413
v 12.448256 26.478142 -2.0385413
v -9.204604 4.981805 -2.0385413
v -9.442742 28.38645 -2.0385413
v -9.236137 4.823277 -2.0385413
v 9.236143 4.823277 -2.0385413
v -9.44274 6.1789994 -2.0385413
v -10.120897 7.1939335 -2.0385413
v -10.120897 27.371517 -2.0385413
v -11.135836 26.69336 -2.0385413
v -11.135831 7.8720903 -2.0385413
v -12.333027 8.110228 -2.0385413
v -12.333027 26.455221 -2.0385413
v -12.4482565 26.478144 -2.0385413
v -12.4482565 8.087307 -2.0385413
v 12.448256 26.478142 -2.7888207
v 12.448256 8.08731 -2.7888207
v 12.448256 8.08731 -2.0385413
v 12.448256 26.478142 -2.0385413
v -12.4482565 26.478144 -2.7888207
v -12.4482565 26.478144 -2.0385413
v -12.4482565 8.087307 -2.0385413
v -12.4482565 8.087307 -2.7888207
v -9.236137 4.823277 -2.7888207
v -9.236137 4.823277 -2.0385413
v 9.236143 4.823277 -2.0385413
v 9.236143 4.823277 -2.7888207
v -9.236136 29.742172 -2.7888207
v 9.236143 29.742172 -2.7888207
v 9.236143 29.742172 -2.0385413
v -9.236136 29.742172 -2.0385413
v -12.333027 26.455221 -2.7888207
v -12.4482565 26.478144 -2.7888207
v -12.4482565 8.087307 -2.7888207
v -12.333027 8.110228 -2.7888207
v -11.135836 26.69336 -2.7888207
v -11.135831 7.8720903 -2.7888207
v -11.113811 26.708073 -2.7888207
v -11.113807 7.8573747 -2.7888207
v -10.3148985 26.537075 -2.7888207
v -10.3148985 20.662663 -2.7888207
v -10.3148985 13.902788 -2.7888207
v -10.120897 27.371517 -2.7888207
v -9.442742 28.38645 -2.7888207
v -10.3148985 8.028374 -2.7888207
v -10.120897 7.1939335 -2.7888207
v -9.44274 6.1789994 -2.7888207
v -9.254349 27.597626 -2.7888207
v -9.43061 28.447441 -2.7888207
v -9.204604 29.583647 -2.7888207
v -3.4432116 27.597626 -2.7888207
v -9.236136 29.742172 -2.7888207
v 3.4432106 27.597626 -2.7888207
v 9.204611 29.583645 -2.7888207
v 9.254349 27.597626 -2.7888207
v 9.236143 29.742172 -2.7888207
v 9.4306135 28.447453 -2.7888207
v 9.442747 28.38645 -2.7888207
v 10.120905 27.371513 -2.7888207
v 10.3148985 26.537075 -2.7888207
v 11.113811 26.708078 -2.7888207
v -8.171829 27.17444 -2.7888207
v -9.891711 25.452528 -2.7888207
v -3.8663995 27.17444 -2.7888207
v -3.8663995 21.08585 -2.7888207
v -9.891711 21.08585 -2.7888207
v -3.4432116 20.662663 -2.7888207
v -3.0200243 27.17444 -2.7888207
v -3.0200243 21.08585 -2.7888207
v 3.020023 27.17444 -2.7888207
v 3.0200238 21.08585 -2.7888207
v 3.4432116 20.662663 -2.7888207
v 3.8663988 27.17444 -2.7888207
v 3.8663995 21.08585 -2.7888207
v 8.170476 27.17444 -2.7888207
v 9.891711 25.452528 -2.7888207
v 9.891711 21.08585 -2.7888207
v 10.3148985 20.662663 -2.7888207
v 10.3148985 13.902788 -2.7888207
v 9.891711 20.239473 -2.7888207
v 9.891711 14.3259735 -2.7888207
v 3.8663995 20.239475 -2.7888207
v 3.8663995 14.325976 -2.7888207
v 3.4432116 13.902788 -2.7888207
v 3.0200238 14.325976 -2.7888207
v -3.0200243 14.325976 -2.7888207
v 3.0200238 20.239475 -2.7888207
v -3.0200243 20.239475 -2.7888207
v -3.4432116 13.902788 -2.7888207
v -3.8663995 14.325976 -2.7888207
v -9.891711 14.325976 -2.7888207
v -3.8663995 20.239475 -2.7888207
v -9.891711 20.239473 -2.7888207
v -3.8663995 13.479599 -2.7888207
v -9.891711 13.479601 -2.7888207
v -9.891711 9.110218 -2.7888207
v -3.8663995 7.3910108 -2.7888207
v -3.4432116 6.9678226 -2.7888207
v -8.171829 7.3910108 -2.7888207
v -9.254349 6.9678226 -2.7888207
v -9.43061 6.1180115 -2.7888207
v -9.204604 4.981805 -2.7888207
v -9.236137 4.823277 -2.7888207
v 3.4432118 6.9678226 -2.7888207
v 9.20461 4.9818063 -2.7888207
v 9.254349 6.9678226 -2.7888207
v 9.236143 4.823277 -2.7888207
v 9.430613 6.1180034 -2.7888207
v 9.442746 6.179002 -2.7888207
v 10.120903 7.193935 -2.7888207
v 10.3148985 8.028373 -2.7888207
v 11.11381 7.8573728 -2.7888207
v -3.020024 7.3910108 -2.7888207
v -3.0200243 13.479599 -2.7888207
v 3.0200238 13.479599 -2.7888207
v 3.020024 7.3910108 -2.7888207
v 3.8663998 7.3910108 -2.7888207
v 8.170477 7.3910108 -2.7888207
v 3.8663995 13.479599 -2.7888207
v 9.891711 13.479599 -2.7888207
v 9.891711 9.110217 -2.7888207
v 11.135836 7.872091 -2.7888207
v 11.1358385 26.69336 -2.7888207
v 12.333032 8.110229 -2.7888207
v 12.333034 26.455221 -2.7888207
v 12.448256 26.478142 -2.7888207
v 12.448256 8.08731 -2.7888207
v 3.8663995 21.08585 -2.7888207
v 9.891711 21.08585 -2.7888207
v 9.891711 25.452528 -2.7888207
v 8.170476 27.17444 -2.7888207
v 3.8663988 27.17444 -2.7888207
v 3.0200238 13.479599 -2.7888207
v -3.0200243 13.479599 -2.7888207
v -3.020024 7.3910108 -2.7888207
v 3.020024 7.3910108 -2.7888207
v 3.0200238 20.239475 -2.7888207
v -3.0200243 20.239475 -2.7888207
v -3.0200243 14.325976 -2.7888207
v 3.0200238 14.325976 -2.7888207
v -3.8663995 20.239475 -2.7888207
v -9.891711 20.239473 -2.7888207
v -9.891711 14.325976 -2.7888207
v -3.8663995 14.325976 -2.7888207
v 8.170477 7.3910108 -2.7888207
v 9.891711 9.110217 -2.7888207
v 9.891711 13.479599 -2.7888207
v 3.8663995 13.479599 -2.7888207
v 3.8663998 7.3910108 -2.7888207
v 3.020023 27.17444 -2.7888207
v -3.0200243 27.17444 -2.7888207
v -3.0200243 21.08585 -2.7888207
v 3.0200238 21.08585 -2.7888207
v -9.891711 21.08585 -2.7888207
v -3.8663995 21.08585 -2.7888207
v -3.8663995 27.17444 -2.7888207
v -8.171829 27.17444 -2.7888207
v -9.891711 25.452528 -2.7888207
v 9.891711 14.3259735 -2.7888207
v 9.891711 20.239473 -2.7888207
v 3.8663995 20.239475 -2.7888207
v 3.8663995 14.325976 -2.7888207
v 12.448256 8.08731 -2.0385413
v 12.448256 8.08731 -2.7888207
v 12.333032 8.110229 -2.7888207
v 12.333032 8.110229 -2.0385413
v 11.135836 7.872091 -2.7888207
v 11.135836 7.872091 -2.0385413
v 11.11381 7.8573728 -2.7888207
v 10.120903 7.193935 -2.7888207
v 10.120903 7.193935 -2.0385413
v 10.120903 7.193935 -2.7888207
v 9.442746 6.179002 -2.7888207
v 9.442746 6.179002 -2.0385413
v 10.120903 7.193935 -2.0385413
v 9.442746 6.179002 -2.0385413
v 9.442746 6.179002 -2.7888207
v 9.430613 6.1180034 -2.7888207
v 9.20461 4.9818063 -2.0385413
v 9.20461 4.9818063 -2.7888207
v 9.236143 4.823277 -2.0385413
v 9.236143 4.823277 -2.7888207
v -12.333027 8.110228 -2.0385413
v -12.4482565 8.087307 -2.7888207
v -12.4482565 8.087307 -2.0385413
v -12.333027 8.110228 -2.7888207
v -11.135831 7.8720903 -2.0385413
v -11.135831 7.8720903 -2.7888207
v -10.120897 7.1939335 -2.0385413
v -11.113807 7.8573747 -2.7888207
v -10.120897 7.1939335 -2.7888207
v -9.44274 6.1789994 -2.0385413
v -9.44274 6.1789994 -2.7888207
v -10.120897 7.1939335 -2.7888207
v -10.120897 7.1939335 -2.0385413
v -9.43061 6.1180115 -2.7888207
v -9.44274 6.1789994 -2.7888207
v -9.44274 6.1789994 -2.0385413
v -9.204604 4.981805 -2.7888207
v -9.204604 4.981805 -2.0385413
v -9.236137 4.823277 -2.0385413
v -9.236137 4.823277 -2.7888207
v 12.333034 26.455221 -2.7888207
v 12.448256 26.478142 -2.7888207
v 12.448256 26.478142 -2.0385413
v 12.333034 26.455221 -2.0385413
v 11.1358385 26.69336 -2.7888207
v 11.1358385 26.69336 -2.0385413
v 10.120905 27.371513 -2.0385413
v 11.113811 26.708078 -2.7888207
v 10.120905 27.371513 -2.7888207
v 9.442747 28.38645 -2.7888207
v 10.120905 27.371513 -2.7888207
v 10.120905 27.371513 -2.0385413
v 9.442747 28.38645 -2.0385413
v 9.4306135 28.447453 -2.7888207
v 9.442747 28.38645 -2.7888207
v 9.442747 28.38645 -2.0385413
v 9.204611 29.583645 -2.0385413
v 9.204611 29.583645 -2.7888207
v 9.236143 29.742172 -2.0385413
v 9.236143 29.742172 -2.7888207
v -12.4482565 26.478144 -2.0385413
v -12.4482565 26.478144 -2.7888207
v -12.333027 26.455221 -2.7888207
v -12.333027 26.455221 -2.0385413
v -11.135836 26.69336 -2.0385413
v -11.135836 26.69336 -2.7888207
v -11.113811 26.708073 -2.7888207
v -10.120897 27.371517 -2.7888207
v -10.120897 27.371517 -2.0385413
v -10.120897 27.371517 -2.0385413
v -10.120897 27.371517 -2.7888207
v -9.442742 28.38645 -2.7888207
v -9.442742 28.38645 -2.0385413
v -9.204604 29.583647 -2.0385413
v -9.442742 28.38645 -2.0385413
v -9.442742 28.38645 -2.7888207
v -9.43061 28.447441 -2.7888207
v -9.204604 29.583647 -2.7888207
v -9.236136 29.742172 -2.7888207
v -9.236136 29.742172 -2.0385413
v -10.221006 29.103386 -2.7888207
v -12.459187 34.00818 -2.7888207
v -16.72545 29.741917 -2.7888207
v -11.812022 27.51237 -2.7888207
v 11.521129 34.396736 -2.7888207
v 11.688616 34.797363 -2.388194
v -11.688616 34.797363 -2.388194
v -11.521129 34.396736 -2.7888207
v 11.823169 27.509932 -2.7888207
v 16.72545 29.741917 -2.7888207
v 12.459187 34.00818 -2.7888207
v 10.232153 29.100946 -2.7888207
v 17.514637 28.971342 -2.388194
v 17.114008 28.803854 -2.7888207
v 17.114008 5.761593 -2.7888207
v 17.514637 5.5941052 -2.388194
v -12.459187 34.00818 -2.7888207
v -12.6240425 34.409897 -2.388194
v -17.12717 29.906769 -2.388194
v -16.72545 29.741917 -2.7888207
v 9.157423 29.546112 -2.7888207
v 11.521129 34.396736 -2.7888207
v -11.521129 34.396736 -2.7888207
v -9.146277 29.548553 -2.7888207
v 12.263686 8.129201 -2.7888207
v 17.114008 5.761593 -2.7888207
v 17.114008 28.803854 -2.7888207
v 12.268336 26.435202 -2.7888207
v -16.72545 4.8235335 -2.7888207
v -17.12717 4.6586766 -2.388194
v -12.6240425 0.15555173 -2.388194
v -12.459187 0.55727065 -2.7888207
v -12.257191 26.437641 -2.7888207
v -17.114008 28.803854 -2.7888207
v -17.114008 5.761593 -2.7888207
v -12.26441 8.126283 -2.7888207
v -9.153497 5.015369 -2.7888207
v -11.521129 0.16871393 -2.7888207
v 11.521129 0.16871393 -2.7888207
v 9.152773 5.0182886 -2.7888207
v 12.4591875 0.55727065 -2.7888207
v 12.6240425 0.15555173 -2.388194
v 17.12717 4.6586766 -2.388194
v 16.72545 4.8235335 -2.7888207
v 16.72545 29.741917 -2.7888207
v 17.12717 29.906769 -2.388194
v 12.6240425 34.409897 -2.388194
v 12.459187 34.00818 -2.7888207
v -17.114008 28.803854 -2.7888207
v -17.514637 28.971342 -2.388194
v -17.514637 5.5941052 -2.388194
v -17.114008 5.761593 -2.7888207
v -11.819242 7.051553 -2.7888207
v -16.72545 4.8235335 -2.7888207
v -12.459187 0.55727065 -2.7888207
v -10.228226 5.4605374 -2.7888207
v 10.227503 5.463458 -2.7888207
v 12.4591875 0.55727065 -2.7888207
v 16.72545 4.8235335 -2.7888207
v 11.818518 7.0544705 -2.7888207
v 11.688616 -0.2319157 -2.388194
v 11.521129 0.16871393 -2.7888207
v -11.521129 0.16871393 -2.7888207
v -11.688616 -0.2319157 -2.388194
v -12.26441 7.4967203 -2.3343472
v -12.26441 7.4967203 -2.9246716
v -11.772885 7.0051975 -2.9246716
v -10.31788 5.5501914 -2.9246716
v -9.783057 5.015369 -2.9246716
v -9.783057 5.015369 -2.3343472
v 12.268336 27.064762 -2.3343472
v 12.263686 7.499639 -2.3343472
v 12.263686 7.499639 -2.9246716
v 12.263686 7.743748 -2.9246716
v 12.263686 7.743748 -3.0877855
v 12.268336 26.820656 -2.9246716
v 12.268336 26.820656 -3.0877855
v 12.268336 27.064762 -2.9246716
v -9.783057 5.015369 -2.3343472
v -9.783057 5.015369 -2.9246716
v -9.590863 5.015369 -2.9246716
v 9.590146 5.0182886 -2.9246716
v 9.590146 5.0182886 -3.0877855
v -9.590863 5.015369 -3.0877855
v 9.782335 5.0182886 -2.9246716
v 9.782335 5.0182886 -2.3343472
v 9.782335 5.0182886 -2.3343472
v 9.782335 5.0182886 -2.9246716
v 10.31953 5.555483 -2.9246716
v 12.148461 7.3844156 -2.9246716
v 12.263686 7.499639 -2.9246716
v 12.263686 7.499639 -2.3343472
v -12.902592 27.597927 -2.3343472
v -12.902592 27.597927 -2.9246716
v -12.3405695 28.159948 -2.9246716
v -12.141961 28.358559 -2.9246716
v -10.331299 30.169218 -2.9246716
v -10.306562 30.193954 -2.9246716
v -10.306562 30.193954 -2.3343472
v -12.257191 26.8231 -3.0877855
v -12.26441 7.7408276 -3.0877855
v -12.26441 7.7408276 -2.9246716
v -12.257191 26.8231 -2.9246716
v -12.257191 27.067202 -2.3343472
v -12.257191 27.067202 -2.9246716
v -12.26441 7.4967203 -2.3343472
v -12.26441 7.4967203 -2.9246716
v 12.909086 6.9689145 -2.3343472
v 12.909086 6.9689145 -2.9246716
v 12.347065 6.4068937 -2.9246716
v 12.148461 6.2082896 -2.9246716
v 10.337801 4.3976293 -2.9246716
v 10.313059 4.372887 -2.9246716
v 10.313059 4.372887 -2.3343472
v 12.268336 27.064762 -2.3343472
v 12.268336 27.064762 -2.9246716
v 11.7768135 27.556286 -2.9246716
v 10.321813 29.011286 -2.9246716
v 9.786985 29.546112 -2.9246716
v 9.786985 29.546112 -2.3343472
v -12.327708 7.728237 -3.152111
v -12.320489 26.83569 -3.152111
v -12.326722 26.836931 -3.152111
v -12.839293 26.938883 -3.152111
v -12.833052 7.6277165 -3.152111
v -12.846511 7.6250396 -3.152111
v 10.317709 30.191515 -2.3343472
v 10.317709 30.191515 -2.9246716
v 10.321813 30.187408 -2.9246716
v 10.87973 29.629494 -2.9246716
v 11.637375 28.871847 -2.9246716
v 12.913737 27.595488 -2.9246716
v 12.913737 27.595488 -2.3343472
v -12.902592 27.597927 -2.3343472
v -12.909809 6.965996 -2.3343472
v -12.909809 6.965996 -2.9246716
v -12.909809 7.6124477 -2.9246716
v -12.909809 7.6124477 -3.0877855
v -12.902592 26.951477 -2.9246716
v -12.902592 26.951477 -3.0877855
v -12.902592 27.597927 -2.9246716
v -9.706651 4.4332666 -3.152111
v 9.705934 4.436186 -3.152111
v 9.703485 4.4484944 -3.152111
v 9.6027355 4.95499 -3.152111
v -9.604466 4.9469805 -3.152111
v -9.603455 4.952072 -3.152111
v 10.313059 4.372887 -2.3343472
v 10.313059 4.372887 -2.9246716
v 9.718524 4.372887 -2.9246716
v -9.719241 4.369968 -2.9246716
v -9.719241 4.369968 -3.0877855
v 9.718524 4.372887 -3.0877855
v -10.313782 4.369968 -2.9246716
v -10.313782 4.369968 -2.3343472
v 12.913737 26.949032 -3.0877855
v 12.909086 7.61537 -3.0877855
v 12.909086 7.61537 -2.9246716
v 12.913737 26.949032 -2.9246716
v 12.913737 27.595488 -2.3343472
v 12.913737 27.595488 -2.9246716
v 12.909086 6.9689145 -2.3343472
v 12.909086 6.9689145 -2.9246716
v 9.786985 29.546112 -2.3343472
v 9.786985 29.546112 -2.9246716
v 9.594798 29.546112 -2.9246716
v -9.583644 29.548553 -2.9246716
v -9.583644 29.548553 -3.0877855
v 9.594798 29.546112 -3.0877855
v -9.775839 29.548553 -2.9246716
v -9.775839 29.548553 -2.3343472
v 9.594798 29.546112 -3.0877855
v 9.594798 29.546112 -2.9246716
v 9.786985 29.546112 -2.9246716
v 9.786985 29.546112 -3.0877855
v -10.306562 30.193954 -2.3343472
v -10.306562 30.193954 -2.9246716
v -9.712024 30.193954 -2.9246716
v 9.723175 30.191515 -2.9246716
v 9.723175 30.191515 -3.0877855
v -9.712024 30.193954 -3.0877855
v 10.317709 30.191515 -2.9246716
v 10.317709 30.191515 -2.3343472
v 9.608401 29.614506 -3.152111
v 9.710585 30.128214 -3.152111
v -9.69943 30.130655 -3.152111
v 9.6073885 29.609411 -3.152111
v -9.596234 29.611853 -3.152111
v -9.696984 30.118347 -3.152111
v -12.909809 6.965996 -2.3343472
v -10.313782 4.369968 -2.3343472
v -10.313782 4.369968 -2.9246716
v -10.31788 4.374066 -2.9246716
v -10.875804 4.93199 -2.9246716
v -11.633445 5.689632 -2.9246716
v -12.909809 6.965996 -2.9246716
v 12.845788 7.62796 -3.152111
v 12.850439 26.936445 -3.152111
v 12.836979 26.933764 -3.152111
v 12.333218 7.7299175 -3.152111
v 12.3316345 26.833246 -3.152111
v 12.326984 7.7311583 -3.152111
v -12.257191 26.8231 -3.0877855
v -12.320489 26.83569 -3.152111
v -12.327708 7.728237 -3.152111
v -12.26441 7.7408276 -3.0877855
v 9.786985 29.546112 -3.0877855
v 9.839036 29.609411 -3.152111
v 9.6073885 29.609411 -3.152111
v 9.594798 29.546112 -3.0877855
v -9.583644 29.548553 -3.0877855
v -9.596234 29.611853 -3.152111
v 12.268336 26.820656 -3.0877855
v 12.263686 7.743748 -3.0877855
v 12.326984 7.7311583 -3.152111
v 12.3316345 26.833246 -3.152111
v -9.590863 5.015369 -3.0877855
v -9.603455 4.952072 -3.152111
v 9.6027355 4.95499 -3.152111
v 9.590146 5.0182886 -3.0877855
v -12.902592 26.951477 -3.0877855
v -12.909809 7.6124477 -3.0877855
v -12.908103 7.6127872 -3.089526
v -12.846511 7.6250396 -3.152111
v -12.839293 26.938883 -3.152111
v -12.840896 26.939205 -3.150478
v -9.711711 30.192387 -3.0893831
v -9.69943 30.130655 -3.152111
v 9.710585 30.128214 -3.152111
v 9.710875 30.129683 -3.150621
v 9.723175 30.191515 -3.0877855
v -9.712024 30.193954 -3.0877855
v 12.847391 7.6276407 -3.150478
v 12.909086 7.61537 -3.0877855
v 12.913737 26.949032 -3.0877855
v 12.845788 7.62796 -3.152111
v 12.850439 26.936445 -3.152111
v 12.912028 26.948696 -3.089526
v 9.718211 4.3744564 -3.0893831
v 9.705934 4.436186 -3.152111
v -9.706651 4.4332666 -3.152111
v -9.706942 4.431802 -3.150621
v -9.719241 4.369968 -3.0877855
v 9.718524 4.372887 -3.0877855
v -12.141961 27.18243 -2.9246716
v -12.257191 27.067202 -2.9246716
v -12.257191 27.067202 -2.3343472
v -9.775839 29.548553 -2.3343472
v -10.313034 29.01136 -2.9246716
v -9.775839 29.548553 -2.9246716
v 9.152773 5.0182886 -2.7888207
v 9.152773 5.0182886 -3.153935
v 9.560688 5.1872525 -3.153935
v 9.560688 5.1872525 -2.9246716
v 10.227503 5.463458 -2.9246716
v 10.227503 5.463458 -2.7888207
v 10.227503 5.463458 -2.7888207
v 10.227503 5.463458 -2.9246716
v 10.902712 3.8327157 -2.9246716
v 11.353001 2.7451947 -2.9246716
v 12.4591875 0.55727065 -2.7888207
v 11.353003 2.745193 -3.1421213
v 12.458585 0.53727376 -3.1295114
v 12.494063 0.47307432 -3.0222123
v 12.541867 0.3571746 -3.0507085
v 12.6240425 0.15555173 -2.388194
v 12.711857 -0.05644978 -2.4887903
v 12.72015 -0.07598076 -2.613002
v 12.6240425 0.15555173 -1.1889845
v 12.7520075 -0.15338361 -2.4202263
v 12.7520075 -0.15338361 -1.3355762
v -17.12717 29.906769 -2.388194
v -17.12717 29.906769 -1.1889845
v -17.436106 30.034735 -1.3355762
v -17.436106 30.034735 -2.4202263
v -17.339172 29.994581 -2.4887903
v -17.358702 30.002874 -2.613002
v -16.72545 29.741917 -2.7888207
v -16.809645 29.776789 -3.0222123
v -16.925547 29.824596 -3.0507085
v -14.586854 28.661282 -2.9246716
v -16.745434 29.741344 -3.1295128
v -14.586855 28.661293 -3.141871
v -13.590543 28.248764 -2.9246716
v -12.141961 27.648981 -2.9246716
v -11.812022 27.51237 -2.9246716
v -11.812022 27.51237 -2.7888207
v -11.604154 -0.031238696 -3.0507085
v -12.72015 -0.07598077 -2.613002
v -11.784376 -0.46359164 -2.613002
v -12.541866 0.35717463 -3.0507085
v -12.458557 0.5372624 -3.129512
v -11.521727 0.14921531 -3.1294441
v -11.353726 2.7422726 -3.1421213
v -11.158087 2.781187 -3.1425622
v -10.31788 3.3425972 -3.145936
v -9.75647 4.1828065 -3.1499176
v -9.153497 5.015369 -3.153935
v -9.55933 5.1738963 -3.1538992
v -9.561405 5.1843324 -3.153935
v -9.727099 4.3304625 -3.1505136
v -17.823572 29.099308 -1.3355762
v -17.514637 28.971342 -1.1889845
v -17.514637 28.971342 -2.388194
v -17.823572 29.099308 -2.4202263
v -17.726637 29.059155 -2.4887903
v -17.746313 29.067104 -2.613002
v -17.114008 28.803854 -2.7888207
v -17.198204 28.83873 -3.0222123
v -17.313961 28.886879 -3.0507088
v -17.133461 28.804565 -3.1294436
v 9.157423 29.546112 -3.153935
v 9.56534 29.37715 -3.153935
v 9.563264 29.387585 -3.1538992
v 9.731033 30.231022 -3.1505136
v 9.760405 30.378681 -3.1499176
v 10.321813 31.218885 -3.145936
v 11.521829 34.41619 -3.1294441
v 11.162023 31.780294 -3.1425622
v 11.357651 31.819206 -3.1421213
v 12.4587755 34.0281 -3.1295116
v 11.604154 34.596687 -3.0507088
v 12.541866 34.208275 -3.0507085
v 12.72015 34.64143 -2.613002
v 11.784376 35.02904 -2.6130016
v -10.228226 5.4605374 -2.7888207
v -10.228226 5.4605374 -2.9246716
v -9.828343 5.2948985 -2.9246716
v -9.561405 5.1843324 -2.9246716
v -9.153497 5.015369 -2.7888207
v -9.153497 5.015369 -3.153935
v -9.561405 5.1843324 -3.153935
v -12.459187 34.00818 -2.7888207
v -10.221006 29.103386 -2.7888207
v -10.221006 29.103386 -2.9246716
v -10.896223 30.73414 -2.9246716
v -11.346507 31.821655 -2.9246716
v -11.34651 31.821655 -3.1421213
v -12.458322 34.028286 -3.1295114
v -12.494063 34.092377 -3.0222123
v -12.541867 34.208275 -3.0507085
v -12.6240425 34.409897 -2.388194
v -12.72015 34.64143 -2.613002
v -12.711857 34.6219 -2.48879
v -12.7520075 34.718834 -1.3355762
v -12.6240425 34.409897 -1.1889845
v -12.7520075 34.718834 -2.4202263
v 11.816581 35.1063 -1.3355762
v 11.688616 34.797363 -1.1889845
v 11.688616 34.797363 -2.388194
v 11.776429 35.009365 -2.4887903
v 11.816581 35.1063 -2.4202263
v 11.784376 35.02904 -2.6130016
v 11.688616 34.797363 -2.388194
v 11.604154 34.596687 -3.0507088
v 11.556004 34.480934 -3.0222123
v 11.521129 34.396736 -2.7888207
v 9.157423 29.546112 -2.7888207
v 9.157423 29.546112 -3.153935
v 11.521829 34.41619 -3.1294441
v 11.556004 34.480934 -3.0222123
v -12.26441 8.126283 -3.153935
v -12.111106 7.756174 -3.153935
v -12.111106 7.756174 -2.9246716
v -12.26441 8.126283 -2.7888207
v -12.098773 7.7264 -2.9246716
v -11.819242 7.051553 -2.7888207
v -11.819242 7.051553 -2.9246716
v -11.819242 7.051553 -2.7888207
v -11.819242 7.051553 -2.9246716
v -11.931198 7.0051975 -2.9246716
v -13.980478 6.156691 -2.9246716
v -14.594074 5.902632 -2.9246716
v -16.72545 4.8235335 -2.7888207
v -16.809645 4.788658 -3.0222123
v -16.745466 4.8241825 -3.1295147
v -14.594075 5.90263 -3.141871
v -16.925547 4.740854 -3.0507085
v -17.358702 4.5625696 -2.613002
v -17.12717 4.6586766 -2.388194
v -17.339172 4.570863 -2.4887903
v -17.436106 4.5307117 -2.4202263
v -17.436106 4.5307117 -1.3355762
v -17.12717 4.6586766 -1.1889845
v -11.816581 35.1063 -2.4202263
v -11.816581 35.1063 -1.3355762
v -12.7520075 34.718834 -1.3355762
v -12.7520075 34.718834 -2.4202263
v -11.784376 35.02904 -2.6130016
v -12.72015 34.64143 -2.613002
v 17.436106 30.034735 -1.3355762
v 17.12717 29.906769 -1.1889845
v 17.12717 29.906769 -2.388194
v 17.436106 30.034735 -2.4202263
v 17.339172 29.994581 -2.4887903
v 17.358702 30.002874 -2.613002
v 16.72545 29.741917 -2.7888207
v 16.809645 29.776789 -3.0222123
v 16.925547 29.824596 -3.0507085
v 16.745558 29.741041 -3.129515
v 14.59801 28.658854 -2.9246716
v 14.598011 28.658857 -3.141871
v 11.823169 27.509932 -2.7888207
v 13.984412 28.404797 -2.9246716
v 11.935123 27.556286 -2.9246716
v 11.823169 27.509932 -2.9246716
v -9.554187 29.379595 -3.153935
v -9.146277 29.548553 -3.153935
v -9.552111 29.390032 -3.1538992
v -9.749253 30.381117 -3.1499176
v -9.581844 29.539507 -3.1533031
v -11.521617 34.416283 -3.129444
v -10.31066 31.221325 -3.145936
v -11.150871 31.782738 -3.1425622
v -11.34651 31.821655 -3.1421213
v -12.458322 34.028286 -3.1295114
v -12.541867 34.208275 -3.0507085
v -11.604154 34.596687 -3.0507088
v -11.784376 35.02904 -2.6130016
v -12.72015 34.64143 -2.613002
v 17.514637 28.971342 -2.388194
v 17.514637 28.971342 -1.1889845
v 17.823572 29.099308 -1.3355762
v 17.823572 29.099308 -2.4202263
v 17.726637 29.059155 -2.4887903
v 17.746313 29.067104 -2.6130016
v 17.746313 29.067104 -2.6130016
v 17.114008 28.803854 -2.7888207
v 17.198204 28.83873 -3.0222123
v 17.313961 28.886879 -3.0507085
v 12.268336 26.435202 -2.7888207
v 17.198204 28.83873 -3.0222123
v 17.133516 28.80443 -3.1294441
v 12.268336 26.435202 -3.153935
v -12.103886 26.80775 -3.153935
v -12.257191 26.437641 -3.153935
v -12.257191 26.437641 -2.7888207
v -12.103886 26.80775 -2.9246716
v -11.812022 27.51237 -2.7888207
v -11.812022 27.51237 -2.9246716
v -11.521617 34.416283 -3.129444
v -9.146277 29.548553 -3.153935
v -9.146277 29.548553 -2.7888207
v -11.521129 34.396736 -2.7888207
v -11.556005 34.480934 -3.0222123
v -11.604154 34.596687 -3.0507088
v -11.688616 34.797363 -2.388194
v -11.784376 35.02904 -2.6130016
v -11.776429 35.009365 -2.4887903
v -11.688616 34.797363 -1.1889845
v -11.816581 35.1063 -2.4202263
v -11.816581 35.1063 -1.3355762
v 17.358702 4.5625696 -2.613002
v 16.925547 4.740854 -3.0507085
v 16.809645 4.788658 -3.0222123
v 16.72545 4.8235335 -2.7888207
v 17.12717 4.6586766 -2.388194
v 17.339172 4.570863 -2.4887903
v 17.436106 4.5307117 -2.4202263
v 17.436106 4.5307117 -1.3355762
v 17.12717 4.6586766 -1.1889845
v -12.257191 26.437641 -2.7888207
v -12.257191 26.437641 -3.153935
v -17.133461 28.804565 -3.1294436
v -17.198204 28.83873 -3.0222123
v -17.114008 28.803854 -2.7888207
v -17.133474 5.760919 -3.1294441
v -12.26441 8.126283 -3.153935
v -12.26441 8.126283 -2.7888207
v -17.198204 5.726718 -3.0222123
v -17.114008 5.761593 -2.7888207
v -17.746313 5.4983444 -2.6130016
v -17.313961 5.678568 -3.0507085
v -17.514637 5.5941052 -2.388194
v -17.726637 5.5062914 -2.4887903
v -17.823572 5.46614 -2.4202263
v -17.823572 5.46614 -1.3355762
v -17.514637 5.5941052 -1.1889845
v -10.31788 5.2440057 -2.9246716
v -10.228226 5.4605374 -2.9246716
v -10.228226 5.4605374 -2.7888207
v -11.105152 3.3425972 -2.9246716
v -11.353713 2.742274 -2.9246716
v -12.459187 0.55727065 -2.7888207
v -11.353726 2.7422726 -3.1421213
v -12.458557 0.5372624 -3.129512
v -12.494061 0.47307432 -3.0222123
v -12.541866 0.35717463 -3.0507085
v -12.6240425 0.15555173 -2.388194
v -12.711857 -0.05644978 -2.4887903
v -12.72015 -0.07598077 -2.613002
v -12.6240425 0.15555173 -1.1889845
v -12.7520075 -0.15338361 -2.4202263
v -12.7520075 -0.15338361 -1.3355762
v 9.152773 5.0182886 -3.153935
v 9.152773 5.0182886 -2.7888207
v 11.521129 0.16871393 -2.7888207
v 11.521739 0.14922032 -3.129444
v 11.556005 0.08451758 -3.0222123
v 11.604154 -0.031238696 -3.0507085
v 11.688616 -0.2319157 -2.388194
v 11.776429 -0.4439172 -2.4887903
v 11.784376 -0.4635916 -2.613002
v 11.688616 -0.2319157 -1.1889845
v 11.816581 -0.54085106 -2.4202263
v 11.816581 -0.54085106 -1.3355762
v 16.745506 4.824279 -3.129514
v 14.593359 5.9055457 -3.141871
v 14.593356 5.9055576 -2.9246716
v 16.809645 4.788658 -3.0222123
v 16.72545 4.8235335 -2.7888207
v 13.597056 6.3180723 -2.9246716
v 12.148461 6.9178586 -2.9246716
v 11.818518 7.0544705 -2.9246716
v 11.818518 7.0544705 -2.7888207
v -12.14918 7.763747 -3.1538036
v -12.111106 7.756174 -3.153935
v -12.26441 8.126283 -3.153935
v -12.298597 7.734027 -3.1532075
v -13.140269 7.566607 -3.1498222
v -17.133474 5.760919 -3.1294441
v -13.980478 7.0051975 -3.1458406
v -14.541888 6.16499 -3.142467
v -14.594075 5.90263 -3.141871
v -16.745466 4.8241825 -3.1295147
v -16.925547 4.740854 -3.0507085
v -17.313961 5.678568 -3.0507085
v -17.746313 5.4983444 -2.6130016
v -17.358702 4.5625696 -2.613002
v 14.541173 6.16791 -3.142467
v 14.593359 5.9055457 -3.141871
v 16.745506 4.824279 -3.129514
v 13.979763 7.008118 -3.1458406
v 17.133493 5.760963 -3.129444
v 13.139553 7.569526 -3.1498222
v 17.313961 5.678568 -3.0507088
v 16.925547 4.740854 -3.0507085
v 17.358702 4.5625696 -2.613002
v 17.746313 5.4983444 -2.613002
v 12.263686 8.129201 -3.153935
v 12.991958 7.5988846 -3.1504183
v 12.148461 7.766668 -3.1538036
v 12.110382 7.759093 -3.153935
v 12.263686 8.129201 -2.7888207
v 11.818518 7.0544705 -2.7888207
v 11.818518 7.0544705 -2.9246716
v 12.110382 7.759093 -2.9246716
v 12.110382 7.759093 -3.153935
v 12.263686 8.129201 -3.153935
v -17.823572 5.46614 -2.4202263
v -17.823572 5.46614 -1.3355762
v -17.436106 4.5307117 -1.3355762
v -17.436106 4.5307117 -2.4202263
v -17.746313 5.4983444 -2.6130016
v -17.358702 4.5625696 -2.613002
v 17.823572 5.46614 -1.3355762
v 17.514637 5.5941052 -1.1889845
v 17.514637 5.5941052 -2.388194
v 17.823572 5.46614 -2.4202263
v 17.726637 5.5062914 -2.4887903
v 17.746313 5.4983444 -2.613002
v 17.114008 5.761593 -2.7888207
v 17.198204 5.726718 -3.0222123
v 17.313961 5.678568 -3.0507088
v 12.263686 8.129201 -2.7888207
v 17.133493 5.760963 -3.129444
v 12.263686 8.129201 -3.153935
v 16.745558 29.741041 -3.129515
v 14.598011 28.658857 -3.141871
v 14.545825 28.396496 -3.142467
v 13.984412 27.556286 -3.1458406
v 17.133516 28.80443 -3.1294441
v 13.144205 26.994877 -3.1498222
v 16.925547 29.824596 -3.0507085
v 17.313961 28.886879 -3.0507085
v 17.746313 29.067104 -2.6130016
v 17.358702 30.002874 -2.613002
v 12.268336 26.435202 -3.153935
v 12.30253 26.827457 -3.1532075
v 12.153113 26.797733 -3.1538036
v 12.115031 26.80531 -3.153935
v 12.115031 26.80531 -2.9246716
v 11.823169 27.509932 -2.9246716
v 11.823169 27.509932 -2.7888207
v 12.268336 26.435202 -2.7888207
v 12.268336 26.435202 -3.153935
v 12.115031 26.80531 -3.153935
v -11.521129 0.16871393 -2.7888207
v -9.153497 5.015369 -2.7888207
v -9.153497 5.015369 -3.153935
v -11.521727 0.14921531 -3.1294441
v -11.556004 0.08451758 -3.0222123
v -11.604154 -0.031238696 -3.0507085
v -11.688616 -0.2319157 -2.388194
v -11.776429 -0.4439172 -2.4887903
v -11.784376 -0.46359164 -2.613002
v -11.688616 -0.2319157 -1.1889845
v -11.816581 -0.54085106 -2.4202263
v -11.816581 -0.54085106 -1.3355762
v 12.4587755 34.0281 -3.1295116
v 11.357651 31.819206 -3.1421213
v 11.35764 31.819206 -2.9246716
v 12.459187 34.00818 -2.7888207
v 12.494061 34.092377 -3.0222123
v 11.10908 31.218885 -2.9246716
v 10.321813 29.317492 -2.9246716
v 10.232153 29.100946 -2.7888207
v 10.232153 29.100946 -2.9246716
v 12.494061 34.092377 -3.0222123
v 12.6240425 34.409897 -2.388194
v 12.541866 34.208275 -3.0507085
v 12.72015 34.64143 -2.613002
v 12.711857 34.6219 -2.48879
v 12.6240425 34.409897 -1.1889845
v 12.7520075 34.718834 -2.4202263
v 12.7520075 34.718834 -1.3355762
v 10.232153 29.100946 -2.7888207
v 10.232153 29.100946 -2.9246716
v 9.56534 29.37715 -2.9246716
v 9.157423 29.546112 -2.7888207
v 9.157423 29.546112 -3.153935
v 9.56534 29.37715 -3.153935
v -9.146277 29.548553 -2.7888207
v -9.146277 29.548553 -3.153935
v -9.554187 29.379595 -3.153935
v -9.554187 29.379595 -2.9246716
v -10.221006 29.103386 -2.9246716
v -10.221006 29.103386 -2.7888207
v -11.814729 1.6136411 0.31335056
v -11.814729 3.1791985 -1.2637851
v -11.626811 3.1091435 -1.2637851
v -11.626811 1.5358037 0.31335056
v 11.626806 3.1091423 -1.2637851
v 11.626806 1.5358021 0.31335056
v 11.814725 3.1791985 -1.2637851
v 11.814725 1.6136405 0.31335056
v 15.669081 6.6481156 -1.2637851
v 15.669081 5.467994 0.31335056
v 17.89677 5.22828 -1.6245872
v 17.896772 29.337168 -1.6245872
v 17.491638 30.315247 -1.6245872
v 17.49164 4.2502017 -1.6245872
v 13.03252 -0.20891725 -1.6245872
v 13.03252 34.77437 -1.6245872
v 12.05444 -0.6140515 -1.6245872
v 12.0544405 35.1795 -1.6245872
v -12.0544405 35.1795 -1.6245872
v -12.0544405 -0.61405003 -1.6245872
v -13.03252 -0.20891874 -1.6245872
v -13.032518 34.774364 -1.6245872
v -17.49164 30.31525 -1.6245872
v -17.491638 4.2502017 -1.6245872
v -17.896772 5.22828 -1.6245872
v -17.89677 29.337168 -1.6245872
v 13.03252 34.77437 0.31335056
v 12.0544405 35.1795 -1.6245872
v 13.03252 34.77437 -1.6245872
v 12.0544405 35.1795 0.31335056
v -12.0544405 35.1795 -1.6245872
v -12.0544405 35.1795 0.31335056
v -13.032518 34.774364 -1.6245872
v -13.032518 34.774364 0.31335056
v -17.49164 30.31525 -1.6245872
v -17.49164 30.31525 0.31335056
v -17.49164 30.31525 0.31335056
v -17.89677 29.337168 -1.6245872
v -17.49164 30.31525 -1.6245872
v -17.89677 29.337168 0.31335056
v -17.896772 5.22828 -1.6245872
v -17.896772 5.22828 0.31335056
v -17.491638 4.2502017 -1.6245872
v -17.491638 4.2502017 0.31335056
v -13.03252 -0.20891874 -1.6245872
v -13.03252 -0.20891874 0.31335056
v -13.03252 -0.20891874 0.31335056
v -12.0544405 -0.61405003 -1.6245872
v -13.03252 -0.20891874 -1.6245872
v -12.0544405 -0.61405003 0.31335056
v 12.05444 -0.6140515 -1.6245872
v 12.05444 -0.6140515 0.31335056
v 13.03252 -0.20891725 -1.6245872
v 13.03252 -0.20891725 0.31335056
v 17.49164 4.2502017 -1.6245872
v 17.49164 4.2502017 0.31335056
v 17.49164 4.2502017 0.31335056
v 17.89677 5.22828 -1.6245872
v 17.49164 4.2502017 -1.6245872
v 17.89677 5.22828 0.31335056
v 17.896772 29.337168 -1.6245872
v 17.896772 29.337168 0.31335056
v 17.491638 30.315247 -1.6245872
v 17.491638 30.315247 0.31335056
v 13.03252 34.77437 -1.6245872
v 13.03252 34.77437 0.31335056
v 14.360592 2.9646885 -2.2803693
v 15.038747 3.9796202 -2.2803693
v 15.038747 3.9796202 -3.2281308
v 14.360592 2.9646885 -3.2281308
v 13.345656 2.2865324 -2.2803693
v 13.345656 2.2865324 -3.2281308
v 12.148461 2.0483942 -2.2803693
v 12.148461 2.0483942 -3.2281308
v 10.951267 2.2865324 -2.2803693
v 10.951267 2.2865324 -3.2281308
v 15.038747 3.9796202 -2.2803693
v 15.276883 5.1768174 -3.2281308
v 15.038747 3.9796202 -3.2281308
v 15.276883 5.1768174 -2.2803693
v 15.038747 6.3740144 -3.2281308
v 15.038747 6.3740144 -2.2803693
v 14.360592 7.3889465 -3.2281308
v 14.360592 7.3889465 -2.2803693
v 14.360592 7.3889465 -2.2803693
v 13.345656 8.067102 -2.2803693
v 13.345656 8.067102 -3.2281308
v 14.360592 7.3889465 -3.2281308
v 13.345656 8.067102 -2.2803693
v 12.148461 8.305241 -3.2281308
v 13.345656 8.067102 -3.2281308
v 12.148461 8.305241 -2.2803693
v 10.951267 8.067102 -3.2281308
v 10.951267 8.067102 -2.2803693
v 9.936334 7.3889465 -3.2281308
v 9.936334 7.3889465 -2.2803693
v 9.258176 6.3740144 -3.2281308
v 9.258176 6.3740144 -2.2803693
v 9.258176 6.3740144 -2.2803693
v 9.02004 5.1768174 -3.2281308
v 9.258176 6.3740144 -3.2281308
v 9.02004 5.1768174 -2.2803693
v 9.258176 3.9796202 -3.2281308
v 9.258176 3.9796202 -2.2803693
v 9.936334 2.9646885 -3.2281308
v 9.936334 2.9646885 -2.2803693
v 10.951267 2.2865324 -3.2281308
v 10.951267 2.2865324 -2.2803693
v 15.038747 3.9796202 -3.2281308
v 15.276883 5.1768174 -3.2281308
v 15.038747 6.3740144 -3.2281308
v 14.360592 2.9646885 -3.2281308
v 14.73831 5.1768174 -3.2281308
v 14.360592 7.3889465 -3.2281308
v 14.541173 4.1857243 -3.2281308
v 14.541173 6.16791 -3.2281308
v 13.979763 3.3455162 -3.2281308
v 13.979763 7.008118 -3.2281308
v 13.345656 2.2865324 -3.2281308
v 13.345656 8.067102 -3.2281308
v 13.139553 2.7841077 -3.2281308
v 13.139553 7.569526 -3.2281308
v 12.148461 2.0483942 -3.2281308
v 12.148461 2.5869668 -3.2281308
v 12.148461 8.305241 -3.2281308
v 12.148461 7.766668 -3.2281308
v 11.157369 7.569526 -3.2281308
v 10.951267 8.067102 -3.2281308
v 10.317161 7.008118 -3.2281308
v 9.936334 7.3889465 -3.2281308
v 9.755753 6.16791 -3.2281308
v 10.951267 2.2865324 -3.2281308
v 11.157369 2.7841077 -3.2281308
v 10.317161 3.3455162 -3.2281308
v 9.936334 2.9646885 -3.2281308
v 9.755753 4.1857243 -3.2281308
v 9.258176 6.3740144 -3.2281308
v 9.258176 3.9796202 -3.2281308
v 9.558612 5.1768174 -3.2281308
v 9.02004 5.1768174 -3.2281308
v -12.14918 2.0454736 -2.2803693
v -13.3463745 2.2836118 -3.2281308
v -13.3463745 2.2836118 -2.2803693
v -12.14918 2.0454736 -3.2281308
v -10.951984 2.2836118 -2.2803693
v -10.951984 2.2836118 -3.2281308
v -9.937049 2.9617682 -2.2803693
v -9.937049 2.9617682 -3.2281308
v -9.258893 3.9767025 -2.2803693
v -9.258893 3.9767025 -3.2281308
v -13.3463745 2.2836118 -2.2803693
v -13.3463745 2.2836118 -3.2281308
v -14.361307 2.9617682 -3.2281308
v -14.361307 2.9617682 -2.2803693
v -15.039465 3.9767025 -3.2281308
v -15.039465 3.9767025 -2.2803693
v -15.277602 5.1738963 -3.2281308
v -15.277602 5.1738963 -2.2803693
v -15.039465 6.3710923 -3.2281308
v -15.039465 6.3710923 -2.2803693
v -15.039465 6.3710923 -2.2803693
v -15.039465 6.3710923 -3.2281308
v -14.361307 7.3860264 -3.2281308
v -14.361307 7.3860264 -2.2803693
v -13.3463745 8.064183 -3.2281308
v -13.3463745 8.064183 -2.2803693
v -12.14918 8.3023205 -3.2281308
v -12.14918 8.3023205 -2.2803693
v -10.951984 8.064183 -3.2281308
v -10.951984 8.064183 -2.2803693
v -10.951984 8.064183 -2.2803693
v -10.951984 8.064183 -3.2281308
v -9.937049 7.3860264 -3.2281308
v -9.937049 7.3860264 -2.2803693
v -9.937049 7.3860264 -2.2803693
v -9.937049 7.3860264 -3.2281308
v -9.258893 6.3710923 -3.2281308
v -9.258893 6.3710923 -2.2803693
v -9.020758 5.1738963 -3.2281308
v -9.020758 5.1738963 -2.2803693
v -9.258893 3.9767025 -3.2281308
v -9.258893 3.9767025 -2.2803693
v -15.039465 6.3710923 -3.2281308
v -15.277602 5.1738963 -3.2281308
v -15.039465 3.9767025 -3.2281308
v -14.739028 5.1738963 -3.2281308
v -14.541888 6.16499 -3.2281308
v -14.541888 4.1828065 -3.2281308
v -14.361307 7.3860264 -3.2281308
v -14.361307 2.9617682 -3.2281308
v -13.980478 7.0051975 -3.2281308
v -13.980478 3.3425972 -3.2281308
v -13.3463745 8.064183 -3.2281308
v -13.140269 7.566607 -3.2281308
v -13.3463745 2.2836118 -3.2281308
v -13.140269 2.781187 -3.2281308
v -12.14918 2.5840476 -3.2281308
v -12.14918 2.0454736 -3.2281308
v -11.158087 2.781187 -3.2281308
v -10.951984 2.2836118 -3.2281308
v -10.31788 3.3425972 -3.2281308
v -12.14918 8.3023205 -3.2281308
v -12.14918 7.763747 -3.2281308
v -11.158087 7.566607 -3.2281308
v -10.951984 8.064183 -3.2281308
v -10.31788 7.0051975 -3.2281308
v -9.937049 2.9617682 -3.2281308
v -9.75647 4.1828065 -3.2281308
v -9.937049 7.3860264 -3.2281308
v -9.75647 6.16499 -3.2281308
v -9.55933 5.1738963 -3.2281308
v -9.258893 3.9767025 -3.2281308
v -9.258893 6.3710923 -3.2281308
v -9.020758 5.1738963 -3.2281308
v 12.153113 32.51601 -2.2803693
v 13.350308 32.27787 -3.2281308
v 13.350308 32.27787 -2.2803693
v 12.153113 32.51601 -3.2281308
v 10.955919 32.27787 -2.2803693
v 10.955919 32.27787 -3.2281308
v 9.940985 31.599716 -2.2803693
v 9.940985 31.599716 -3.2281308
v 9.262829 30.584782 -2.2803693
v 9.262829 30.584782 -3.2281308
v 13.350308 32.27787 -2.2803693
v 13.350308 32.27787 -3.2281308
v 14.365241 31.599716 -3.2281308
v 14.365241 31.599716 -2.2803693
v 14.365241 31.599716 -2.2803693
v 14.365241 31.599716 -3.2281308
v 15.043399 30.584782 -3.2281308
v 15.043399 30.584782 -2.2803693
v 15.281536 29.387585 -3.2281308
v 15.281536 29.387585 -2.2803693
v 15.043399 28.19039 -3.2281308
v 15.043399 28.19039 -2.2803693
v 15.043399 28.19039 -2.2803693
v 15.043399 28.19039 -3.2281308
v 14.365241 27.175455 -3.2281308
v 14.365241 27.175455 -2.2803693
v 13.350308 26.497301 -3.2281308
v 13.350308 26.497301 -2.2803693
v 12.153113 26.259167 -3.2281308
v 12.153113 26.259167 -2.2803693
v 10.955919 26.497301 -3.2281308
v 10.955919 26.497301 -2.2803693
v 10.955919 26.497301 -2.2803693
v 10.955919 26.497301 -3.2281308
v 9.940985 27.175455 -3.2281308
v 9.940985 27.175455 -2.2803693
v 9.262829 28.19039 -3.2281308
v 9.262829 28.19039 -2.2803693
v 9.024692 29.387585 -3.2281308
v 9.024692 29.387585 -2.2803693
v 9.262829 30.584782 -3.2281308
v 9.262829 30.584782 -2.2803693
v 15.043399 28.19039 -3.2281308
v 15.281536 29.387585 -3.2281308
v 15.043399 30.584782 -3.2281308
v 14.365241 27.175455 -3.2281308
v 14.742962 29.387585 -3.2281308
v 14.365241 31.599716 -3.2281308
v 14.545825 28.396496 -3.2281308
v 14.545825 30.378681 -3.2281308
v 13.984412 27.556286 -3.2281308
v 13.984412 31.218885 -3.2281308
v 13.350308 26.497301 -3.2281308
v 13.350308 32.27787 -3.2281308
v 13.144205 26.994877 -3.2281308
v 13.144205 31.780294 -3.2281308
v 12.153113 26.259167 -3.2281308
v 12.153113 26.797733 -3.2281308
v 12.153113 32.51601 -3.2281308
v 12.153113 31.97743 -3.2281308
v 11.162023 31.780294 -3.2281308
v 10.955919 32.27787 -3.2281308
v 10.321813 31.218885 -3.2281308
v 9.940985 31.599716 -3.2281308
v 9.760405 30.378681 -3.2281308
v 10.955919 26.497301 -3.2281308
v 11.162023 26.994877 -3.2281308
v 10.321813 27.556286 -3.2281308
v 9.940985 27.175455 -3.2281308
v 9.760405 28.396496 -3.2281308
v 9.262829 30.584782 -3.2281308
v 9.262829 28.19039 -3.2281308
v 9.563264 29.387585 -3.2281308
v 9.024692 29.387585 -3.2281308
v -14.354088 31.602156 -2.2803812
v -15.032246 30.587223 -2.2803812
v -15.032246 30.587223 -3.2281308
v -14.354088 31.602156 -3.2281308
v -13.339153 32.280315 -2.2803812
v -13.339153 32.280315 -3.2281308
v -12.141961 32.51845 -2.2803812
v -12.141961 32.51845 -3.2281308
v -10.944769 32.280315 -2.2803812
v -10.944769 32.280315 -3.2281308
v -15.032246 30.587223 -2.2803812
v -15.270383 29.390032 -3.2281308
v -15.032246 30.587223 -3.2281308
v -15.270383 29.390032 -2.2803812
v -15.032246 28.192831 -3.2281308
v -15.032246 28.192831 -2.2803812
v -14.354088 27.1779 -3.2281308
v -14.354088 27.1779 -2.2803812
v -13.339153 26.499743 -3.2281308
v -13.339153 26.499743 -2.2803812
v -13.339153 26.499743 -2.2803812
v -12.141961 26.261606 -3.2281308
v -13.339153 26.499743 -3.2281308
v -12.141961 26.261606 -2.2803812
v -10.944769 26.499743 -3.2281308
v -10.944769 26.499743 -2.2803812
v -9.9298315 27.1779 -3.2281308
v -9.9298315 27.1779 -2.2803812
v -9.251677 28.192831 -3.2281308
v -9.251677 28.192831 -2.2803812
v -9.251677 28.192831 -2.2803812
v -9.013538 29.390032 -3.2281308
v -9.251677 28.192831 -3.2281308
v -9.013538 29.390032 -2.2803812
v -9.251677 30.587223 -3.2281308
v -9.251677 30.587223 -2.2803812
v -9.9298315 31.602156 -3.2281308
v -9.9298315 31.602156 -2.2803812
v -15.032246 30.587223 -3.2281308
v -15.270383 29.390032 -3.2281308
v -15.032246 28.192831 -3.2281308
v -14.731809 29.390032 -3.2281308
v -14.53467 30.381117 -3.2281308
v -14.53467 28.398937 -3.2281308
v -14.354088 31.602156 -3.2281308
v -14.354088 27.1779 -3.2281308
v -13.97326 31.221325 -3.2281308
v -13.97326 27.558727 -3.2281308
v -13.339153 32.280315 -3.2281308
v -13.133052 31.782738 -3.2281308
v -13.339153 26.499743 -3.2281308
v -13.133052 26.997318 -3.2281308
v -12.141961 26.800179 -3.2281308
v -12.141961 26.261606 -3.2281308
v -11.150871 26.997318 -3.2281308
v -10.944769 26.499743 -3.2281308
v -10.31066 27.558727 -3.2281308
v -12.141961 32.51845 -3.2281308
v -12.141961 31.979877 -3.2281308
v -11.150871 31.782738 -3.2281308
v -10.944769 32.280315 -3.2281308
v -10.31066 31.221325 -3.2281308
v -9.9298315 27.1779 -3.2281308
v -9.9298315 31.602156 -3.2281308
v -9.749253 30.381117 -3.2281308
v -9.749253 28.398937 -3.2281308
v -9.552111 29.390032 -3.2281308
v -9.251677 30.587223 -3.2281308
v -9.251677 28.192831 -3.2281308
v -9.013538 29.390032 -3.2281308
v -9.9298315 31.602156 -2.2803812
v -10.944769 32.280315 -2.2803812
v -10.944769 32.280315 -3.2281308
v -9.9298315 31.602156 -3.2281308
v 14.541173 4.1857243 -2.9246716
v 14.73831 5.1768174 -2.9246716
v 14.593356 5.9055576 -2.9246716
v 13.597056 6.3180723 -2.9246716
v 14.541173 6.16791 -2.9246716
v 13.979763 3.3455162 -2.9246716
v 13.979763 7.008118 -2.9246716
v 13.139553 2.7841077 -2.9246716
v 12.650262 6.71009 -2.9246716
v 13.139553 7.569526 -2.9246716
v 12.148461 2.5869668 -2.9246716
v 12.909086 6.9689145 -2.9246716
v 12.909086 7.61537 -2.9246716
v 12.263686 7.743748 -2.9246716
v 12.347065 6.4068937 -2.9246716
v 12.148461 6.2082896 -2.9246716
v 11.353001 2.7451947 -2.9246716
v 10.571887 4.6317143 -2.9246716
v 12.263686 7.499639 -2.9246716
v 12.148461 6.9178586 -2.9246716
v 12.148461 7.3844156 -2.9246716
v 12.148461 7.766668 -2.9246716
v 11.818518 7.0544705 -2.9246716
v 12.110382 7.759093 -2.9246716
v 11.157369 7.569526 -2.9246716
v 10.31953 5.555483 -2.9246716
v 10.317161 7.008118 -2.9246716
v 10.227503 5.463458 -2.9246716
v 9.755753 6.16791 -2.9246716
v 9.560688 5.1872525 -2.9246716
v 10.902712 3.8327157 -2.9246716
v 11.157369 2.7841077 -2.9246716
v 10.317161 3.3455162 -2.9246716
v 10.337801 4.3976293 -2.9246716
v 10.313059 4.372887 -2.9246716
v 9.755753 4.1857243 -2.9246716
v 9.718524 4.372887 -2.9246716
v 9.782335 5.0182886 -2.9246716
v 9.590146 5.0182886 -2.9246716
v 9.558612 5.1768174 -2.9246716
v -13.980478 7.0051975 -2.9246716
v -14.541888 6.16499 -2.9246716
v -14.594074 5.902632 -2.9246716
v -13.980478 6.156691 -2.9246716
v -13.140269 7.566607 -2.9246716
v -12.909809 7.6124477 -2.9246716
v -14.541888 4.1828065 -2.9246716
v -14.739028 5.1738963 -2.9246716
v -13.980478 3.3425972 -2.9246716
v -13.140269 2.781187 -2.9246716
v -12.650983 6.7071695 -2.9246716
v -12.14918 2.5840476 -2.9246716
v -12.909809 6.965996 -2.9246716
v -12.26441 7.7408276 -2.9246716
v -11.633445 5.689632 -2.9246716
v -11.353713 2.742274 -2.9246716
v -11.772885 7.0051975 -2.9246716
v -10.875804 4.93199 -2.9246716
v -11.105152 3.3425972 -2.9246716
v -11.158087 2.781187 -2.9246716
v -10.572606 4.6287923 -2.9246716
v -12.26441 7.4967203 -2.9246716
v -12.14918 7.763747 -2.9246716
v -12.111106 7.756174 -2.9246716
v -10.31788 4.374066 -2.9246716
v -10.31788 3.3425972 -2.9246716
v -10.313782 4.369968 -2.9246716
v -9.75647 4.1828065 -2.9246716
v -9.719241 4.369968 -2.9246716
v -10.31788 5.2440057 -2.9246716
v -10.31788 5.5501914 -2.9246716
v -11.158087 7.566607 -2.9246716
v -10.31788 7.0051975 -2.9246716
v -10.228226 5.4605374 -2.9246716
v -10.228224 5.4605374 -2.9246716
v -9.783057 5.015369 -2.9246716
v -9.590863 5.015369 -2.9246716
v -9.828343 5.2948985 -2.9246716
v -9.75647 6.16499 -2.9246716
v -9.561405 5.1843324 -2.9246716
v -9.55933 5.1738963 -2.9246716
v -11.819242 7.051553 -2.9246716
v -12.098773 7.7264 -2.9246716
v -11.931198 7.0051975 -2.9246716
v 14.59801 28.658854 -2.9246716
v 14.742962 29.387585 -2.9246716
v 14.545825 30.378681 -2.9246716
v 13.984412 28.404797 -2.9246716
v 14.545825 28.396496 -2.9246716
v 13.984412 27.556286 -2.9246716
v 13.984412 31.218885 -2.9246716
v 12.654909 27.854313 -2.9246716
v 13.144205 31.780294 -2.9246716
v 13.144205 26.994877 -2.9246716
v 12.153113 31.97743 -2.9246716
v 11.637375 28.871847 -2.9246716
v 11.35764 31.819206 -2.9246716
v 12.913737 27.595488 -2.9246716
v 12.913737 26.949032 -2.9246716
v 12.268336 26.820656 -2.9246716
v 12.268336 27.064762 -2.9246716
v 12.153113 26.797733 -2.9246716
v 11.935123 27.556286 -2.9246716
v 11.823169 27.509932 -2.9246716
v 12.115031 26.80531 -2.9246716
v 11.162023 26.994877 -2.9246716
v 11.7768135 27.556286 -2.9246716
v 10.321813 29.011286 -2.9246716
v 10.321813 27.556286 -2.9246716
v 9.760405 28.396496 -2.9246716
v 10.232153 29.100946 -2.9246716
v 9.56534 29.37715 -2.9246716
v 10.87973 29.629494 -2.9246716
v 11.10908 31.218885 -2.9246716
v 11.162023 31.780294 -2.9246716
v 10.321813 31.218885 -2.9246716
v 10.576533 29.93269 -2.9246716
v 10.321813 29.317492 -2.9246716
v 10.321813 30.187408 -2.9246716
v 10.317709 30.191515 -2.9246716
v 9.760405 30.378681 -2.9246716
v 9.723175 30.191515 -2.9246716
v 9.786985 29.546112 -2.9246716
v 9.594798 29.546112 -2.9246716
v 9.563264 29.387585 -2.9246716
v -14.53467 30.381117 -2.9246716
v -14.731809 29.390032 -2.9246716
v -14.586854 28.661282 -2.9246716
v -13.97326 31.221325 -2.9246716
v -13.590543 28.248764 -2.9246716
v -13.133052 31.782738 -2.9246716
v -13.97326 27.558727 -2.9246716
v -14.53467 28.398937 -2.9246716
v -13.133052 26.997318 -2.9246716
v -12.902592 27.597927 -2.9246716
v -12.902592 26.951477 -2.9246716
v -12.643765 27.856752 -2.9246716
v -12.3405695 28.159948 -2.9246716
v -12.141961 31.979877 -2.9246716
v -12.257191 27.067202 -2.9246716
v -12.257191 26.8231 -2.9246716
v -12.141961 28.358559 -2.9246716
v -11.346507 31.821655 -2.9246716
v -12.141961 27.648981 -2.9246716
v -12.141961 27.18243 -2.9246716
v -12.141961 26.800179 -2.9246716
v -12.103886 26.80775 -2.9246716
v -11.812022 27.51237 -2.9246716
v -10.565391 29.935125 -2.9246716
v -11.150871 26.997318 -2.9246716
v -10.896223 30.73414 -2.9246716
v -11.150871 31.782738 -2.9246716
v -10.313034 29.01136 -2.9246716
v -10.221006 29.103386 -2.9246716
v -10.31066 27.558727 -2.9246716
v -9.749253 28.398937 -2.9246716
v -9.554187 29.379595 -2.9246716
v -10.331299 30.169218 -2.9246716
v -10.31066 31.221325 -2.9246716
v -10.306562 30.193954 -2.9246716
v -9.749253 30.381117 -2.9246716
v -9.712024 30.193954 -2.9246716
v -9.775839 29.548553 -2.9246716
v -9.583644 29.548553 -2.9246716
v -9.552111 29.390032 -2.9246716
v -9.696984 30.118347 -3.152111
v -9.69943 30.130655 -3.152111
v -9.699665 30.131828 -3.1509187
v -9.640698 29.835379 -3.152111
v -9.712024 30.193954 -2.9246716
v -9.596234 29.611853 -3.152111
v -9.711711 30.192387 -3.0893831
v -9.712024 30.193954 -3.0877855
v -9.583644 29.548553 -3.0877855
v -9.583644 29.548553 -2.9246716
v -9.749253 30.381117 -2.9246716
v -9.712024 30.193954 -2.9246716
v -9.712024 30.193954 -3.0877855
v -9.749253 30.381117 -3.1499176
v -9.711711 30.192387 -3.0893831
v -9.699665 30.131828 -3.1509187
v -10.31066 31.221325 -3.145936
v -10.31066 31.221325 -2.9246716
v -11.150871 31.782738 -3.1425622
v -11.150871 31.782738 -2.9246716
v -9.581844 29.539507 -3.1533031
v -9.640698 29.835379 -3.152111
v -9.596234 29.611853 -3.152111
v -9.583644 29.548553 -3.0877855
v -9.583644 29.548553 -2.9246716
v -9.552111 29.390032 -3.1538992
v -9.552111 29.390032 -2.9246716
v -9.554187 29.379595 -2.9246716
v -9.554187 29.379595 -3.153935
v 11.157369 7.569526 -2.9246716
v 12.110382 7.759093 -2.9246716
v 12.110382 7.759093 -3.153935
v 11.157369 7.569526 -3.2281308
v 12.148461 7.766668 -3.1538036
v 12.148461 7.766668 -3.2281308
v 12.845788 7.62796 -3.152111
v 12.570379 7.6827426 -3.152111
v 13.139553 7.569526 -3.1498222
v 13.139553 7.569526 -3.2281308
v 12.991958 7.5988846 -3.1504183
v 12.846881 7.627743 -3.1510024
v 12.148461 7.766668 -3.1538036
v 12.110382 7.759093 -3.153935
v 12.110382 7.759093 -2.9246716
v 12.148461 7.766668 -2.9246716
v 12.263686 7.743748 -3.0877855
v 12.263686 7.743748 -2.9246716
v 12.326984 7.7311583 -3.152111
v 12.570379 7.6827426 -3.152111
v 12.333218 7.7299175 -3.152111
v 11.157369 7.569526 -2.9246716
v 11.157369 7.569526 -3.2281308
v 10.317161 7.008118 -3.2281308
v 10.317161 7.008118 -2.9246716
v 9.755753 6.16791 -2.9246716
v 9.755753 6.16791 -3.2281308
v -10.31066 31.221325 -3.145936
v -11.150871 31.782738 -3.2281308
v -11.150871 31.782738 -3.1425622
v -10.31066 31.221325 -3.2281308
v -9.749253 30.381117 -3.1499176
v -9.749253 30.381117 -3.2281308
v -9.699665 30.131828 -3.1509187
v -9.69943 30.130655 -3.152111
v -9.696984 30.118347 -3.152111
v -9.640698 29.835379 -3.152111
v -9.581844 29.539507 -3.1533031
v -9.552111 29.390032 -3.2281308
v -9.552111 29.390032 -3.1538992
v -9.554187 29.379595 -3.153935
v -9.749253 28.398937 -3.2281308
v -9.554187 29.379595 -2.9246716
v -9.749253 28.398937 -2.9246716
v 14.742962 29.387585 -2.9246716
v 14.59801 28.658854 -2.9246716
v 14.598011 28.658857 -3.141871
v 14.742962 29.387585 -3.2281308
v 14.545825 28.396496 -3.2281308
v 14.545825 28.396496 -3.142467
v 14.545825 30.378681 -3.2281308
v 14.545825 30.378681 -2.9246716
v 13.984412 31.218885 -3.2281308
v 13.984412 31.218885 -2.9246716
v 13.144205 31.780294 -3.2281308
v 13.144205 31.780294 -2.9246716
v 14.545825 28.396496 -3.142467
v 14.598011 28.658857 -3.141871
v 14.59801 28.658854 -2.9246716
v 14.545825 28.396496 -2.9246716
v -11.150871 31.782738 -3.1425622
v -11.150871 31.782738 -3.2281308
v -12.141961 31.979877 -3.2281308
v -11.34651 31.821655 -3.1421213
v -12.141961 31.979877 -2.9246716
v -11.346507 31.821655 -2.9246716
v -11.150871 31.782738 -2.9246716
v -11.150871 31.782738 -3.1425622
v -11.34651 31.821655 -3.1421213
v -11.346507 31.821655 -2.9246716
v 13.984412 27.556286 -3.1458406
v 14.545825 28.396496 -3.2281308
v 14.545825 28.396496 -3.142467
v 13.984412 27.556286 -3.2281308
v 13.144205 26.994877 -3.2281308
v 13.144205 26.994877 -3.1498222
v 12.850439 26.936445 -3.152111
v 12.851532 26.936663 -3.1510024
v 12.153113 26.797733 -3.1538036
v 12.153113 26.797733 -3.2281308
v 12.30253 26.827457 -3.1532075
v 12.575027 26.881662 -3.152111
v 12.836979 26.933764 -3.152111
v 12.115031 26.80531 -3.153935
v 11.162023 26.994877 -2.9246716
v 11.162023 26.994877 -3.2281308
v 12.115031 26.80531 -2.9246716
v 13.984412 27.556286 -2.9246716
v 14.545825 28.396496 -3.142467
v 14.545825 28.396496 -2.9246716
v 13.984412 27.556286 -3.1458406
v 13.144205 26.994877 -3.1498222
v 13.144205 26.994877 -2.9246716
v 12.912028 26.948696 -3.089526
v 12.851532 26.936663 -3.1510024
v 12.268336 26.820656 -3.0877855
v 12.913737 26.949032 -3.0877855
v 12.913737 26.949032 -2.9246716
v 12.268336 26.820656 -2.9246716
v 12.153113 26.797733 -2.9246716
v 12.575027 26.881662 -3.152111
v 12.836979 26.933764 -3.152111
v 12.850439 26.936445 -3.152111
v 12.3316345 26.833246 -3.152111
v 12.30253 26.827457 -3.1532075
v 12.153113 26.797733 -3.1538036
v 12.115031 26.80531 -3.153935
v 12.115031 26.80531 -2.9246716
v 9.560688 5.1872525 -2.9246716
v 9.755753 6.16791 -2.9246716
v 9.755753 6.16791 -3.2281308
v 9.560688 5.1872525 -3.153935
v 9.558612 5.1768174 -3.1538992
v 9.558612 5.1768174 -3.2281308
v 9.588346 5.0273395 -3.1533031
v 9.647198 4.731464 -3.152111
v 9.703485 4.4484944 -3.152111
v 9.705934 4.436186 -3.152111
v 9.755753 4.1857243 -3.1499176
v 9.706165 4.4350147 -3.1509187
v 9.755753 4.1857243 -3.2281308
v 10.317161 3.3455162 -3.145936
v 10.317161 3.3455162 -3.2281308
v 9.560688 5.1872525 -2.9246716
v 9.560688 5.1872525 -3.153935
v 9.558612 5.1768174 -3.1538992
v 9.558612 5.1768174 -2.9246716
v 9.588346 5.0273395 -3.1533031
v 9.590146 5.0182886 -2.9246716
v 9.590146 5.0182886 -3.0877855
v 9.6027355 4.95499 -3.152111
v 9.647198 4.731464 -3.152111
v 9.706165 4.4350147 -3.1509187
v 9.703485 4.4484944 -3.152111
v 9.705934 4.436186 -3.152111
v 9.647198 4.731464 -3.152111
v 9.590146 5.0182886 -2.9246716
v 9.6027355 4.95499 -3.152111
v 9.590146 5.0182886 -3.0877855
v 9.718211 4.3744564 -3.0893831
v 9.718524 4.372887 -2.9246716
v 9.718524 4.372887 -3.0877855
v 9.718524 4.372887 -2.9246716
v 9.718524 4.372887 -3.0877855
v 9.755753 4.1857243 -2.9246716
v 9.718211 4.3744564 -3.0893831
v 9.706165 4.4350147 -3.1509187
v 9.755753 4.1857243 -3.1499176
v 10.317161 3.3455162 -2.9246716
v 10.317161 3.3455162 -3.145936
v 10.317161 3.3455162 -3.2281308
v 11.157369 2.7841077 -3.2281308
v 11.157369 2.7841077 -3.1425622
v 10.317161 3.3455162 -3.145936
v 10.317161 3.3455162 -3.145936
v 11.157369 2.7841077 -3.1425622
v 11.157369 2.7841077 -2.9246716
v 10.317161 3.3455162 -2.9246716
v 10.321813 27.556286 -3.2281308
v 11.162023 26.994877 -3.2281308
v 11.162023 26.994877 -2.9246716
v 10.321813 27.556286 -2.9246716
v 11.157369 2.7841077 -3.1425622
v 11.157369 2.7841077 -3.2281308
v 12.148461 2.5869668 -3.2281308
v 11.353003 2.745193 -3.1421213
v 12.148461 2.5869668 -2.9246716
v 11.353001 2.7451947 -2.9246716
v 11.157369 2.7841077 -3.1425622
v 11.353003 2.745193 -3.1421213
v 11.353001 2.7451947 -2.9246716
v 11.157369 2.7841077 -2.9246716
v 9.760405 28.396496 -3.2281308
v 10.321813 27.556286 -3.2281308
v 10.321813 27.556286 -2.9246716
v 9.760405 28.396496 -2.9246716
v 9.563264 29.387585 -3.2281308
v 9.56534 29.37715 -3.153935
v 9.56534 29.37715 -2.9246716
v 9.563264 29.387585 -3.1538992
v 9.760405 30.378681 -3.2281308
v 9.65185 29.83294 -3.152111
v 9.710585 30.128214 -3.152111
v 9.710817 30.129389 -3.1509187
v 9.731033 30.231022 -3.1505136
v 9.760405 30.378681 -3.1499176
v -13.140269 2.781187 -3.2281308
v -12.14918 2.5840476 -3.2281308
v -12.14918 2.5840476 -2.9246716
v -13.140269 2.781187 -2.9246716
v 9.56534 29.37715 -3.153935
v 9.56534 29.37715 -2.9246716
v 9.563264 29.387585 -2.9246716
v 9.563264 29.387585 -3.1538992
v 9.594798 29.546112 -3.0877855
v 9.594798 29.546112 -2.9246716
v 9.6073885 29.609411 -3.152111
v 9.723175 30.191515 -2.9246716
v 9.65185 29.83294 -3.152111
v 9.608401 29.614506 -3.152111
v 9.710817 30.129389 -3.1509187
v 9.710585 30.128214 -3.152111
v 9.710875 30.129683 -3.150621
v 9.731033 30.231022 -3.1505136
v 9.723175 30.191515 -3.0877855
v 9.760405 30.378681 -2.9246716
v 9.760405 30.378681 -3.1499176
v -13.980478 3.3425972 -3.2281308
v -13.140269 2.781187 -3.2281308
v -13.140269 2.781187 -2.9246716
v -13.980478 3.3425972 -2.9246716
v -14.541888 4.1828065 -3.2281308
v -13.980478 3.3425972 -3.2281308
v -13.980478 3.3425972 -2.9246716
v -14.541888 4.1828065 -2.9246716
v -14.739028 5.1738963 -3.2281308
v -14.739028 5.1738963 -2.9246716
v 10.321813 31.218885 -3.145936
v 9.760405 30.378681 -3.1499176
v 9.760405 30.378681 -2.9246716
v 10.321813 31.218885 -2.9246716
v 11.162023 31.780294 -2.9246716
v 11.162023 31.780294 -3.1425622
v 11.357651 31.819206 -3.1421213
v 11.35764 31.819206 -2.9246716
v 10.321813 31.218885 -3.2281308
v 9.760405 30.378681 -3.2281308
v 9.760405 30.378681 -3.1499176
v 10.321813 31.218885 -3.145936
v 11.162023 31.780294 -3.1425622
v 11.162023 31.780294 -3.2281308
v 11.357651 31.819206 -3.1421213
v 12.153113 31.97743 -2.9246716
v 11.35764 31.819206 -2.9246716
v 12.153113 31.97743 -3.2281308
v 13.144205 31.780294 -2.9246716
v 13.144205 31.780294 -3.2281308
v -14.541888 6.16499 -3.2281308
v -14.739028 5.1738963 -3.2281308
v -14.739028 5.1738963 -2.9246716
v -14.594075 5.90263 -3.141871
v -14.594074 5.902632 -2.9246716
v -14.541888 6.16499 -3.142467
v -14.541888 6.16499 -3.142467
v -14.594075 5.90263 -3.141871
v -14.594074 5.902632 -2.9246716
v -14.541888 6.16499 -2.9246716
v -13.980478 7.0051975 -3.2281308
v -14.541888 6.16499 -3.2281308
v -14.541888 6.16499 -3.142467
v -13.980478 7.0051975 -3.1458406
v -13.140269 7.566607 -3.1498222
v -13.140269 7.566607 -3.2281308
v -12.846511 7.6250396 -3.152111
v -12.847606 7.624822 -3.1510024
v -12.14918 7.763747 -3.1538036
v -12.14918 7.763747 -3.2281308
v -12.298597 7.734027 -3.1532075
v -12.571101 7.6798224 -3.152111
v -12.833052 7.6277165 -3.152111
v -12.111106 7.756174 -3.153935
v -11.158087 7.566607 -2.9246716
v -11.158087 7.566607 -3.2281308
v -12.111106 7.756174 -2.9246716
v -13.980478 7.0051975 -3.1458406
v -14.541888 6.16499 -3.142467
v -14.541888 6.16499 -2.9246716
v -13.980478 7.0051975 -2.9246716
v -13.140269 7.566607 -2.9246716
v -13.140269 7.566607 -3.1498222
v -12.908103 7.6127872 -3.089526
v -12.847606 7.624822 -3.1510024
v -12.909809 7.6124477 -3.0877855
v -12.909809 7.6124477 -2.9246716
v -12.141961 31.979877 -2.9246716
v -12.141961 31.979877 -3.2281308
v -13.133052 31.782738 -3.2281308
v -13.133052 31.782738 -2.9246716
v -13.97326 31.221325 -3.2281308
v -13.97326 31.221325 -2.9246716
v -14.53467 30.381117 -2.9246716
v -14.53467 30.381117 -3.2281308
v -12.833052 7.6277165 -3.152111
v -12.846511 7.6250396 -3.152111
v -12.847606 7.624822 -3.1510024
v -12.571101 7.6798224 -3.152111
v -12.26441 7.7408276 -3.0877855
v -12.327708 7.728237 -3.152111
v -12.908103 7.6127872 -3.089526
v -12.909809 7.6124477 -3.0877855
v -12.26441 7.7408276 -2.9246716
v -12.909809 7.6124477 -2.9246716
v -12.26441 7.7408276 -3.0877855
v -12.26441 7.7408276 -2.9246716
v -12.14918 7.763747 -2.9246716
v -12.298597 7.734027 -3.1532075
v -12.327708 7.728237 -3.152111
v -12.571101 7.6798224 -3.152111
v -12.14918 7.763747 -3.1538036
v -12.111106 7.756174 -2.9246716
v -12.111106 7.756174 -3.153935
v -14.53467 30.381117 -3.2281308
v -14.731809 29.390032 -3.2281308
v -14.731809 29.390032 -2.9246716
v -14.53467 30.381117 -2.9246716
v -10.31788 7.0051975 -2.9246716
v -11.158087 7.566607 -3.2281308
v -11.158087 7.566607 -2.9246716
v -10.31788 7.0051975 -3.2281308
v -9.75647 6.16499 -2.9246716
v -9.75647 6.16499 -3.2281308
v -14.586855 28.661293 -3.141871
v -14.586854 28.661282 -2.9246716
v -14.731809 29.390032 -2.9246716
v -14.731809 29.390032 -3.2281308
v -14.53467 28.398937 -3.142467
v -14.53467 28.398937 -3.2281308
v -13.97326 27.558727 -3.1458406
v -13.97326 27.558727 -3.2281308
v -14.53467 28.398937 -2.9246716
v -14.586854 28.661282 -2.9246716
v -14.586855 28.661293 -3.141871
v -14.53467 28.398937 -3.142467
v -13.97326 27.558727 -2.9246716
v -13.97326 27.558727 -3.1458406
v 12.148461 2.5869668 -3.2281308
v 13.139553 2.7841077 -2.9246716
v 12.148461 2.5869668 -2.9246716
v 13.139553 2.7841077 -3.2281308
v 13.979763 3.3455162 -2.9246716
v 13.979763 3.3455162 -3.2281308
v 14.541173 4.1857243 -3.2281308
v 14.541173 4.1857243 -2.9246716
v -9.75647 6.16499 -2.9246716
v -9.561405 5.1843324 -2.9246716
v -9.561405 5.1843324 -3.153935
v -9.75647 6.16499 -3.2281308
v -9.55933 5.1738963 -3.2281308
v -9.55933 5.1738963 -3.1538992
v -9.647916 4.7285423 -3.152111
v -9.706651 4.4332666 -3.152111
v -9.727099 4.3304625 -3.1505136
v -9.706883 4.4320955 -3.1509187
v -9.75647 4.1828065 -3.2281308
v -9.75647 4.1828065 -3.1499176
v -9.55933 5.1738963 -2.9246716
v -9.561405 5.1843324 -3.153935
v -9.561405 5.1843324 -2.9246716
v -9.55933 5.1738963 -3.1538992
v -9.590863 5.015369 -3.0877855
v -9.590863 5.015369 -2.9246716
v -9.603455 4.952072 -3.152111
v -9.604466 4.9469805 -3.152111
v -9.647916 4.7285423 -3.152111
v -13.97326 27.558727 -3.2281308
v -13.133052 26.997318 -3.2281308
v -13.133052 26.997318 -3.1498222
v -13.97326 27.558727 -3.1458406
v -13.97326 27.558727 -3.1458406
v -13.133052 26.997318 -3.1498222
v -13.133052 26.997318 -2.9246716
v -13.97326 27.558727 -2.9246716
v -9.706651 4.4332666 -3.152111
v -9.647916 4.7285423 -3.152111
v -9.706883 4.4320955 -3.1509187
v -9.590863 5.015369 -2.9246716
v -9.706942 4.431802 -3.150621
v -9.604466 4.9469805 -3.152111
v -9.719241 4.369968 -3.0877855
v -9.719241 4.369968 -2.9246716
v -9.603455 4.952072 -3.152111
v -9.590863 5.015369 -3.0877855
v -9.719241 4.369968 -2.9246716
v -9.75647 4.1828065 -2.9246716
v -9.75647 4.1828065 -3.1499176
v -9.727099 4.3304625 -3.1505136
v -9.719241 4.369968 -3.0877855
v -9.706942 4.431802 -3.150621
v -9.706883 4.4320955 -3.1509187
v -12.56388 26.884102 -3.152111
v -12.840385 26.939106 -3.1510024
v -12.839293 26.938883 -3.152111
v -12.326722 26.836931 -3.152111
v -12.320489 26.83569 -3.152111
v -12.257191 26.8231 -3.0877855
v -12.840896 26.939205 -3.150478
v -12.902592 26.951477 -3.0877855
v -12.902592 26.951477 -2.9246716
v -12.257191 26.8231 -2.9246716
v -13.133052 26.997318 -3.1498222
v -13.133052 26.997318 -3.2281308
v -12.141961 26.800179 -3.2281308
v -12.839293 26.938883 -3.152111
v -12.985456 26.96796 -3.1504183
v -12.840385 26.939106 -3.1510024
v -12.141961 26.800179 -3.1538036
v -12.56388 26.884102 -3.152111
v -11.150871 26.997318 -3.2281308
v -12.103886 26.80775 -3.153935
v -11.150871 26.997318 -2.9246716
v -12.103886 26.80775 -2.9246716
v -12.985456 26.96796 -3.1504183
v -12.840385 26.939106 -3.1510024
v -12.840896 26.939205 -3.150478
v -12.902592 26.951477 -3.0877855
v -13.133052 26.997318 -3.1498222
v -13.133052 26.997318 -2.9246716
v -12.902592 26.951477 -2.9246716
v -12.320489 26.83569 -3.152111
v -12.326722 26.836931 -3.152111
v -12.56388 26.884102 -3.152111
v -12.141961 26.800179 -3.1538036
v -12.257191 26.8231 -3.0877855
v -12.141961 26.800179 -2.9246716
v -12.257191 26.8231 -2.9246716
v -12.103886 26.80775 -2.9246716
v -12.103886 26.80775 -3.153935
v -10.31788 3.3425972 -2.9246716
v -9.75647 4.1828065 -3.1499176
v -9.75647 4.1828065 -2.9246716
v -10.31788 3.3425972 -3.145936
v -11.158087 2.781187 -3.1425622
v -11.158087 2.781187 -2.9246716
v -11.353726 2.7422726 -3.1421213
v -11.353713 2.742274 -2.9246716
v -10.31788 3.3425972 -3.145936
v -9.75647 4.1828065 -3.2281308
v -9.75647 4.1828065 -3.1499176
v -10.31788 3.3425972 -3.2281308
v -11.158087 2.781187 -3.2281308
v -11.158087 2.781187 -3.1425622
v -11.353726 2.7422726 -3.1421213
v -12.14918 2.5840476 -2.9246716
v -12.14918 2.5840476 -3.2281308
v -11.353713 2.742274 -2.9246716
v 14.541173 4.1857243 -2.9246716
v 14.541173 4.1857243 -3.2281308
v 14.73831 5.1768174 -3.2281308
v 14.73831 5.1768174 -2.9246716
v 14.593356 5.9055576 -2.9246716
v 14.73831 5.1768174 -2.9246716
v 14.73831 5.1768174 -3.2281308
v 14.593359 5.9055457 -3.141871
v 14.541173 6.16791 -3.2281308
v 14.541173 6.16791 -3.142467
v 13.979763 7.008118 -3.2281308
v 13.979763 7.008118 -3.1458406
v 13.139553 7.569526 -3.2281308
v 13.139553 7.569526 -3.1498222
v 14.593356 5.9055576 -2.9246716
v 14.593359 5.9055457 -3.141871
v 14.541173 6.16791 -3.142467
v 14.541173 6.16791 -2.9246716
v 13.979763 7.008118 -3.1458406
v 13.979763 7.008118 -2.9246716
v 13.139553 7.569526 -3.1498222
v 13.139553 7.569526 -2.9246716
v -11.150871 26.997318 -3.2281308
v -10.31066 27.558727 -2.9246716
v -11.150871 26.997318 -2.9246716
v -10.31066 27.558727 -3.2281308
v -9.749253 28.398937 -3.2281308
v -9.749253 28.398937 -2.9246716
v 12.845788 7.62796 -3.152111
v 12.570379 7.6827426 -3.152111
v 12.846881 7.627743 -3.1510024
v 12.333218 7.7299175 -3.152111
v 12.326984 7.7311583 -3.152111
v 12.263686 7.743748 -3.0877855
v 12.847391 7.6276407 -3.150478
v 12.909086 7.61537 -3.0877855
v 12.909086 7.61537 -2.9246716
v 12.263686 7.743748 -2.9246716
v 12.991958 7.5988846 -3.1504183
v 12.846881 7.627743 -3.1510024
v 12.847391 7.6276407 -3.150478
v 12.909086 7.61537 -3.0877855
v 13.139553 7.569526 -3.1498222
v 13.139553 7.569526 -2.9246716
v 12.909086 7.61537 -2.9246716
v 14.805392 4.096182 -3.061309
v 15.027763 5.21412 -3.061309
v 14.805392 6.332056 -3.061309
v 14.172133 3.1484423 -3.061309
v 14.172133 7.279795 -3.061309
v 13.224393 2.5151834 -3.061309
v 13.224393 7.9130554 -3.061309
v 12.106456 2.2928119 -3.061309
v 12.106456 8.1354265 -3.061309
v 10.988521 2.5151834 -3.061309
v 10.988521 7.9130554 -3.061309
v 10.040781 3.1484423 -3.061309
v 10.040781 7.279795 -3.061309
v 9.40752 4.096182 -3.061309
v 9.40752 6.332056 -3.061309
v 9.185149 5.21412 -3.061309
v -9.407515 4.0961833 -3.061309
v -9.185144 5.214118 -3.061309
v -9.407515 6.332054 -3.061309
v -10.040774 3.1484423 -3.061309
v -10.040774 7.2797947 -3.061309
v -10.988516 2.515182 -3.061309
v -10.988516 7.913054 -3.061309
v -12.106451 2.2928102 -3.061309
v -12.106451 8.135426 -3.061309
v -13.224387 2.515182 -3.061309
v -13.224387 7.913054 -3.061309
v -14.172125 3.1484423 -3.061309
v -14.172125 7.2797947 -3.061309
v -14.805387 4.0961833 -3.061309
v -14.805387 6.332054 -3.061309
v -15.027759 5.214118 -3.061309
v 14.805394 28.233395 -3.061309
v 15.027764 29.35133 -3.061309
v 14.805394 30.469267 -3.061309
v 14.1721325 27.285654 -3.061309
v 14.1721325 31.417004 -3.061309
v 13.224393 26.652395 -3.061309
v 13.224393 32.050262 -3.061309
v 12.106458 26.430023 -3.061309
v 12.106458 32.272636 -3.061309
v 10.988523 26.652395 -3.061309
v 10.988523 32.050262 -3.061309
v 10.040782 27.285654 -3.061309
v 10.040782 31.417004 -3.061309
v 9.407522 28.233395 -3.061309
v 9.407522 30.469267 -3.061309
v 9.18515 29.35133 -3.061309
v -9.407515 28.233395 -3.061309
v -9.185144 29.351336 -3.061309
v -9.407515 30.469267 -3.061309
v -10.040774 27.285658 -3.061309
v -10.040774 31.417004 -3.061309
v -10.988519 26.652395 -3.061309
v -10.988519 32.050274 -3.061309
v -12.106451 26.430023 -3.061309
v -12.106451 32.27264 -3.061309
v -13.224384 26.652395 -3.061309
v -13.224384 32.050274 -3.061309
v -14.172125 27.285658 -3.061309
v -14.172125 31.417004 -3.061309
v -14.805387 28.233395 -3.061309
v -14.805387 30.469267 -3.061309
v -15.027759 29.351336 -3.061309
v 17.12717 29.906769 -2.388194
v 17.12717 29.906769 -1.1889845
v 12.6240425 34.409897 -1.1889845
v 12.6240425 34.409897 -2.388194
v 12.6240425 0.15555173 -2.388194
v 12.6240425 0.15555173 -1.1889845
v 17.12717 4.6586766 -1.1889845
v 17.12717 4.6586766 -2.388194
v -11.688616 -0.2319157 -2.388194
v -11.688616 -0.2319157 -1.1889845
v 11.688616 -0.2319157 -1.1889845
v 11.688616 -0.2319157 -2.388194
v 17.514637 5.5941052 -2.388194
v 17.514637 5.5941052 -1.1889845
v 17.514637 28.971342 -1.1889845
v 17.514637 28.971342 -2.388194
v 11.784376 -0.4635916 -2.613002
v 12.72015 -0.07598076 -2.613002
v 12.541867 0.3571746 -3.0507085
v 11.604154 -0.031238696 -3.0507085
v 11.521739 0.14922032 -3.129444
v 12.458585 0.53727376 -3.1295114
v 11.353003 2.745193 -3.1421213
v 11.157369 2.7841077 -3.1425622
v 10.317161 3.3455162 -3.145936
v 9.152773 5.0182886 -3.153935
v 9.755753 4.1857243 -3.1499176
v 9.588346 5.0273395 -3.1533031
v 9.558612 5.1768174 -3.1538992
v 9.560688 5.1872525 -3.153935
v -17.514637 28.971342 -2.388194
v -17.514637 28.971342 -1.1889845
v -17.514637 5.5941052 -1.1889845
v -17.514637 5.5941052 -2.388194
v 17.436106 4.5307117 -2.4202263
v 17.436106 4.5307117 -1.3355762
v 17.823572 5.46614 -1.3355762
v 17.823572 5.46614 -2.4202263
v 11.688616 34.797363 -2.388194
v 11.688616 34.797363 -1.1889845
v -11.688616 34.797363 -1.1889845
v -11.688616 34.797363 -2.388194
v -17.313961 28.886879 -3.0507088
v -17.358702 30.002874 -2.613002
v -17.746313 29.067104 -2.613002
v -16.925547 29.824596 -3.0507085
v -16.745434 29.741344 -3.1295128
v -17.133461 28.804565 -3.1294436
v -14.586855 28.661293 -3.141871
v -14.53467 28.398937 -3.142467
v -13.97326 27.558727 -3.1458406
v -13.133052 26.997318 -3.1498222
v -12.257191 26.437641 -3.153935
v -12.985456 26.96796 -3.1504183
v -12.141961 26.800179 -3.1538036
v -12.103886 26.80775 -3.153935
v -12.6240425 34.409897 -2.388194
v -12.6240425 34.409897 -1.1889845
v -17.12717 29.906769 -1.1889845
v -17.12717 29.906769 -2.388194
v 11.816581 -0.54085106 -2.4202263
v 11.816581 -0.54085106 -1.3355762
v 12.7520075 -0.15338361 -1.3355762
v 12.7520075 -0.15338361 -2.4202263
v 11.784376 -0.4635916 -2.613002
v 12.72015 -0.07598076 -2.613002
v -17.12717 4.6586766 -2.388194
v -17.12717 4.6586766 -1.1889845
v -12.6240425 0.15555173 -1.1889845
v -12.6240425 0.15555173 -2.388194
v -12.7520075 -0.15338361 -2.4202263
v -12.7520075 -0.15338361 -1.3355762
v -11.816581 -0.54085106 -1.3355762
v -11.816581 -0.54085106 -2.4202263
v -12.72015 -0.07598077 -2.613002
v -11.784376 -0.46359164 -2.613002
v 17.823572 29.099308 -2.4202263
v 17.823572 29.099308 -1.3355762
v 17.436106 30.034735 -1.3355762
v 17.436106 30.034735 -2.4202263
v 17.746313 29.067104 -2.6130016
v 17.358702 30.002874 -2.613002
v 12.7520075 34.718834 -2.4202263
v 12.7520075 34.718834 -1.3355762
v 11.816581 35.1063 -1.3355762
v 11.816581 35.1063 -2.4202263
v 12.72015 34.64143 -2.613002
v 11.784376 35.02904 -2.6130016
v -15.669078 29.097458 0.31335056
v -13.032518 34.774364 0.31335056
v -11.814723 32.95181 0.31335056
v -17.49164 30.31525 0.31335056
v -15.746919 28.90954 0.31335056
v -17.89677 29.337168 0.31335056
v -15.74692 5.655913 0.31335056
v -17.896772 5.22828 0.31335056
v -15.669081 5.467996 0.31335056
v -15.74692 5.655913 0.31335056
v -17.491638 4.2502017 0.31335056
v -11.814729 1.6136411 0.31335056
v -13.03252 -0.20891874 0.31335056
v -11.626811 1.5358037 0.31335056
v -12.0544405 -0.61405003 0.31335056
v 11.626806 1.5358021 0.31335056
v 12.05444 -0.6140515 0.31335056
v 11.814725 1.6136405 0.31335056
v 13.03252 -0.20891725 0.31335056
v 15.669081 5.467994 0.31335056
v 17.49164 4.2502017 0.31335056
v 15.746919 5.655911 0.31335056
v 17.89677 5.22828 0.31335056
v 15.74692 28.909533 0.31335056
v 17.896772 29.337168 0.31335056
v 15.669081 29.09745 0.31335056
v 17.491638 30.315247 0.31335056
v -11.814723 32.95181 0.31335056
v -13.032518 34.774364 0.31335056
v -12.0544405 35.1795 0.31335056
v -11.626805 33.029648 0.31335056
v 11.814729 32.95181 0.31335056
v 13.03252 34.77437 0.31335056
v 17.491638 30.315247 0.31335056
v 15.669081 29.09745 0.31335056
v 11.626811 33.029644 0.31335056
v 13.03252 34.77437 0.31335056
v 11.814729 32.95181 0.31335056
v 12.0544405 35.1795 0.31335056
v -11.626805 33.029648 0.31335056
v -12.0544405 35.1795 0.31335056
v 11.626811 33.029644 0.31335056
v 15.669081 27.914629 -1.2637851
v 15.74692 27.7455 -1.2637851
v 15.746919 6.817241 -1.2637851
v 15.669081 6.6481156 -1.2637851
v 11.814729 31.383547 -1.2637851
v 11.814725 3.1791985 -1.2637851
v 11.626811 31.453604 -1.2637851
v 11.626806 3.1091423 -1.2637851
v -11.626805 31.453604 -1.2637851
v -11.626811 3.1091435 -1.2637851
v -11.814723 31.383547 -1.2637851
v -11.626805 31.453604 -1.2637851
v -11.814729 3.1791985 -1.2637851
v -11.814729 3.1791985 -1.2637851
v -15.669078 27.914633 -1.2637851
v -11.814723 31.383547 -1.2637851
v -15.669081 6.648117 -1.2637851
v -11.814723 32.95181 0.31335056
v -15.669078 27.914633 -1.2637851
v -15.669078 29.097458 0.31335056
v -11.814723 31.383547 -1.2637851
v -11.626805 33.029648 0.31335056
v -11.626805 31.453604 -1.2637851
v 11.626811 33.029644 0.31335056
v 11.626811 31.453604 -1.2637851
v 11.814729 32.95181 0.31335056
v 11.814729 31.383547 -1.2637851
v 15.669081 29.09745 0.31335056
v 11.814729 31.383547 -1.2637851
v 11.814729 32.95181 0.31335056
v 15.669081 27.914629 -1.2637851
v 15.74692 28.909533 0.31335056
v 15.74692 27.7455 -1.2637851
v 15.746919 5.655911 0.31335056
v 15.746919 6.817241 -1.2637851
v -15.669078 29.097458 0.31335056
v -15.669078 27.914633 -1.2637851
v -15.746919 27.745504 -1.2637851
v -15.746919 28.90954 0.31335056
v -15.74692 6.817242 -1.2637851
v -15.74692 5.655913 0.31335056
v -15.669081 6.648117 -1.2637851
v -15.669081 5.467996 0.31335056
v -11.814729 3.1791985 -1.2637851
v -11.814729 1.6136411 0.31335056
v 15.669081 5.467994 0.31335056
v 15.669081 6.6481156 -1.2637851
v 15.746919 6.817241 -1.2637851
v 15.746919 5.655911 0.31335056
v 15.902349 5.2921042 1.0007895
v 15.981347 5.4828176 -1.4923899
v 15.902349 5.2921042 -1.4923899
v 15.981347 5.4828176 1.0007895
v 15.981349 29.082626 -1.4923899
v 15.981349 29.082626 1.0007895
v 15.902349 29.273342 -1.4923899
v 15.902349 29.273342 1.0007895
v 11.990618 33.185078 -1.4923899
v 11.990618 33.185078 1.0007895
v 11.990615 1.3803706 1.0007895
v 15.902349 5.2921042 1.0007895
v 15.902349 5.2921042 -1.4923899
v 11.990615 1.3803706 -1.4923899
v 11.799898 1.301372 1.0007895
v 11.799898 1.301372 -1.4923899
v -11.799902 1.3013734 1.0007895
v -11.799902 1.3013734 -1.4923899
v -11.990618 1.3803706 1.0007895
v -11.990618 1.3803706 -1.4923899
v 11.990618 33.185078 1.0007895
v 11.799902 33.264076 -1.4923899
v 11.990618 33.185078 -1.4923899
v 11.799902 33.264076 1.0007895
v -11.799897 33.264076 -1.4923899
v -11.799897 33.264076 1.0007895
v -11.990613 33.185078 -1.4923899
v -11.990613 33.185078 1.0007895
v -15.902349 29.27335 -1.4923899
v -15.902349 29.27335 1.0007895
v -15.902349 5.2921066 1.0007895
v -11.990618 1.3803706 1.0007895
v -11.990618 1.3803706 -1.4923899
v -15.902349 5.2921066 -1.4923899
v -15.981349 5.482821 1.0007895
v -15.981349 5.482821 -1.4923899
v -15.981347 29.082632 1.0007895
v -15.981347 29.082632 -1.4923899
v -15.902349 29.27335 1.0007895
v -15.902349 29.27335 -1.4923899
v 15.342416 5.714304 1.0007895
v 15.342416 5.714304 -1.4923899
v 15.4186325 5.898302 -1.4923899
v 15.4186325 5.898302 1.0007895
v 15.418633 28.667143 -1.4923899
v 15.418633 28.667143 1.0007895
v 15.342416 28.851145 -1.4923899
v 15.342416 28.851145 1.0007895
v 11.568418 32.62514 -1.4923899
v 11.568418 32.62514 1.0007895
v -11.568414 32.62514 1.0007895
v -15.342414 28.851149 -1.4923899
v -15.342414 28.851149 1.0007895
v -11.568414 32.62514 -1.4923899
v -11.384413 32.701363 1.0007895
v -11.384413 32.701363 -1.4923899
v 11.384419 32.701363 1.0007895
v 11.384419 32.701363 -1.4923899
v 11.568418 32.62514 1.0007895
v 11.568418 32.62514 -1.4923899
v -11.5684185 1.9403055 1.0007895
v -11.5684185 1.9403055 -1.4923899
v -11.3844185 1.864089 -1.4923899
v -11.3844185 1.864089 1.0007895
v 11.384415 1.8640875 -1.4923899
v 11.384415 1.8640875 1.0007895
v 11.568414 1.9403055 -1.4923899
v 11.568414 1.9403055 1.0007895
v 15.342416 5.714304 -1.4923899
v 15.342416 5.714304 1.0007895
v -15.342414 28.851149 1.0007895
v -15.342414 28.851149 -1.4923899
v -15.4186325 28.667149 -1.4923899
v -15.4186325 28.667149 1.0007895
v -15.418633 5.898305 -1.4923899
v -15.418633 5.898305 1.0007895
v -15.342416 5.7143054 -1.4923899
v -15.342416 5.7143054 1.0007895
v -11.5684185 1.9403055 -1.4923899
v -11.5684185 1.9403055 1.0007895
v -17.358702 30.002874 -2.613002
v -17.823572 29.099308 -2.4202263
v -17.746313 29.067104 -2.613002
v -17.436106 30.034735 -2.4202263
v -17.823572 29.099308 -1.3355762
v -17.436106 30.034735 -1.3355762
v 17.823572 5.46614 -2.4202263
v 17.746313 5.4983444 -2.613002
v 17.358702 4.5625696 -2.613002
v 17.436106 4.5307117 -2.4202263
v 3.020023 27.174438 -2.334001
v 3.0200233 21.085846 -2.3340013
v -3.0200243 21.085846 -2.3340013
v -3.0200243 27.174438 -2.334001
v 3.020023 27.174438 -2.8665566
v 3.0200233 21.085846 -2.866557
v 3.0200233 21.085846 -2.3340013
v 3.020023 27.174438 -2.334001
v -3.0200243 27.174438 -2.8665566
v 3.020023 27.174438 -2.8665566
v 3.020023 27.174438 -2.334001
v -3.0200243 27.174438 -2.334001
v 3.0200233 21.085846 -2.866557
v -3.0200243 21.085846 -2.866557
v -3.0200243 21.085846 -2.3340013
v 3.0200233 21.085846 -2.3340013
v -3.0200243 21.085846 -2.866557
v -3.0200243 27.174438 -2.8665566
v -3.0200243 27.174438 -2.334001
v -3.0200243 21.085846 -2.3340013
v 2.678614 26.833029 -2.8665566
v 2.6583076 26.765436 -3.1908984
v -2.6989214 26.765436 -3.1908984
v -2.678615 26.833029 -2.8665566
v 2.6786141 21.427258 -2.866557
v 2.658308 21.359667 -3.1908984
v 2.6583076 26.765436 -3.1908984
v 2.678614 26.833029 -2.8665566
v -2.678615 21.427258 -2.866557
v -2.6989214 21.359667 -3.1908984
v 2.658308 21.359667 -3.1908984
v 2.6786141 21.427258 -2.866557
v -2.678615 26.833029 -2.8665566
v -2.6989214 26.765436 -3.1908984
v -2.6989214 21.359667 -3.1908984
v -2.678615 21.427258 -2.866557
v 3.020023 27.174438 -2.8665566
v 2.999717 27.106848 -3.1908984
v 2.9997172 21.01826 -3.1908984
v 3.0200233 21.085846 -2.866557
v -3.0200243 27.174438 -2.8665566
v -3.0403304 27.106848 -3.1908984
v 2.999717 27.106848 -3.1908984
v 3.020023 27.174438 -2.8665566
v 3.0200233 21.085846 -2.866557
v 2.9997172 21.01826 -3.1908984
v -3.0403304 21.01826 -3.1908984
v -3.0200243 21.085846 -2.866557
v -3.0200243 21.085846 -2.866557
v -3.0403304 21.01826 -3.1908984
v -3.0403304 27.106848 -3.1908984
v -3.0200243 27.174438 -2.8665566
v -8.171829 27.17444 -2.334001
v -3.8663995 27.17444 -2.334001
v -3.8663995 21.085852 -2.3340013
v -9.891711 21.085852 -2.3340013
v -9.891711 25.452528 -2.334001
v -3.8663995 27.17444 -2.8665566
v -3.8663995 21.085852 -2.866557
v -3.8663995 21.085852 -2.3340013
v -3.8663995 27.17444 -2.334001
v -8.171829 27.17444 -2.8665566
v -3.8663995 27.17444 -2.8665566
v -3.8663995 27.17444 -2.334001
v -8.171829 27.17444 -2.334001
v -3.8663995 21.085852 -2.866557
v -9.891711 21.085852 -2.866557
v -9.891711 21.085852 -2.3340013
v -3.8663995 21.085852 -2.3340013
v -9.891711 21.085852 -2.866557
v -9.891711 25.452528 -2.8665566
v -9.891711 25.452528 -2.334001
v -9.891711 21.085852 -2.3340013
v -9.891711 25.452528 -2.8665566
v -8.171829 27.17444 -2.8665566
v -8.171829 27.17444 -2.334001
v -9.891711 25.452528 -2.334001
v -9.891711 25.452528 -2.8665566
v -9.912016 25.391699 -3.1908984
v -8.1901045 27.10685 -3.1908984
v -8.171829 27.17444 -2.8665566
v -9.891711 21.085852 -2.866557
v -9.912016 21.018261 -3.1908984
v -9.912016 25.391699 -3.1908984
v -9.891711 25.452528 -2.8665566
v -3.8663995 21.085852 -2.866557
v -3.8867059 21.018261 -3.1908984
v -9.912016 21.018261 -3.1908984
v -9.891711 21.085852 -2.866557
v -4.207809 21.42726 -2.866557
v -4.228115 21.35967 -3.1908984
v -4.228115 26.765442 -3.1908984
v -4.207809 26.833029 -2.8665566
v -4.207809 26.833029 -2.8665566
v -4.228115 26.765442 -3.1908984
v -8.06283 26.765442 -3.1908984
v -8.044555 26.833029 -2.8665566
v -9.550302 21.427258 -2.866557
v -9.570608 21.35967 -3.1908984
v -4.228115 21.35967 -3.1908984
v -4.207809 21.42726 -2.866557
v -9.550302 25.325253 -2.8665566
v -9.570608 25.264423 -3.1908984
v -9.570608 21.35967 -3.1908984
v -9.550302 21.427258 -2.866557
v -8.044555 26.833029 -2.8665566
v -8.06283 26.765442 -3.1908984
v -9.570608 25.264423 -3.1908984
v -9.550302 25.325253 -2.8665566
v -3.8663995 27.17444 -2.8665566
v -3.8867059 27.10685 -3.1908984
v -3.8867059 21.018261 -3.1908984
v -3.8663995 21.085852 -2.866557
v -8.171829 27.17444 -2.8665566
v -8.1901045 27.10685 -3.1908984
v -3.8867059 27.10685 -3.1908984
v -3.8663995 27.17444 -2.8665566
v 9.891711 14.325976 -2.3340023
v 3.866399 14.325976 -2.3340023
v 3.866399 20.239475 -2.334002
v 9.891711 20.239475 -2.334002
v 9.891711 14.325976 -2.8665578
v 3.866399 14.325976 -2.8665578
v 3.866399 14.325976 -2.3340023
v 9.891711 14.325976 -2.3340023
v 9.891711 20.239475 -2.8665576
v 9.891711 14.325976 -2.8665578
v 9.891711 14.325976 -2.3340023
v 9.891711 20.239475 -2.334002
v 3.866399 14.325976 -2.8665578
v 3.866399 20.239475 -2.8665576
v 3.866399 20.239475 -2.334002
v 3.866399 14.325976 -2.3340023
v 3.866399 20.239475 -2.8665576
v 9.891711 20.239475 -2.8665576
v 9.891711 20.239475 -2.334002
v 3.866399 20.239475 -2.334002
v 3.866399 20.239475 -2.8665576
v 3.846093 20.171885 -3.1908994
v 9.871406 20.171885 -3.1908994
v 9.891711 20.239475 -2.8665576
v 3.866399 14.325976 -2.8665578
v 3.846093 14.258386 -3.1908994
v 3.846093 20.171885 -3.1908994
v 3.866399 20.239475 -2.8665576
v 9.550302 19.898066 -2.8665576
v 9.529996 19.830475 -3.1908994
v 4.187503 19.830475 -3.1908994
v 4.2078085 19.898066 -2.8665576
v 9.891711 20.239475 -2.8665576
v 9.871406 20.171885 -3.1908994
v 9.871406 14.258386 -3.1908994
v 9.891711 14.325976 -2.8665578
v 4.2078085 19.898066 -2.8665576
v 4.187503 19.830475 -3.1908994
v 4.187503 14.599794 -3.1908994
v 4.2078085 14.667386 -2.8665578
v 9.891711 14.325976 -2.8665578
v 9.871406 14.258386 -3.1908994
v 3.846093 14.258386 -3.1908994
v 3.866399 14.325976 -2.8665578
v 9.550302 14.667385 -2.8665578
v 9.529996 14.599794 -3.1908994
v 9.529996 19.830475 -3.1908994
v 9.550302 19.898066 -2.8665576
v 4.2078085 14.667386 -2.8665578
v 4.187503 14.599794 -3.1908994
v 9.529996 14.599794 -3.1908994
v 9.550302 14.667385 -2.8665578
v 3.0200238 20.239475 -2.334002
v 3.0200238 14.325976 -2.3340023
v -3.0200243 14.325976 -2.3340023
v -3.0200243 20.239475 -2.334002
v 3.0200238 20.239475 -2.8665576
v 3.0200238 14.325976 -2.8665578
v 3.0200238 14.325976 -2.3340023
v 3.0200238 20.239475 -2.334002
v -3.0200243 20.239475 -2.8665576
v 3.0200238 20.239475 -2.8665576
v 3.0200238 20.239475 -2.334002
v -3.0200243 20.239475 -2.334002
v 3.0200238 14.325976 -2.8665578
v -3.0200243 14.325976 -2.8665578
v -3.0200243 14.325976 -2.3340023
v 3.0200238 14.325976 -2.3340023
v -3.0200243 14.325976 -2.8665578
v -3.0200243 20.239475 -2.8665576
v -3.0200243 20.239475 -2.334002
v -3.0200243 14.325976 -2.3340023
v 2.6786144 19.898066 -2.8665576
v 2.6583083 19.830475 -3.1908994
v -2.6989212 19.830475 -3.1908994
v -2.678615 19.898066 -2.8665576
v -3.0200243 14.325976 -2.8665578
v -3.0403304 14.258386 -3.1908994
v -3.0403304 20.171885 -3.1908994
v -3.0200243 20.239475 -2.8665576
v 2.6786144 14.667385 -2.8665578
v 2.6583083 14.599794 -3.1908994
v 2.6583083 19.830475 -3.1908994
v 2.6786144 19.898066 -2.8665576
v 3.0200238 14.325976 -2.8665578
v 2.9997177 14.258386 -3.1908994
v -3.0403304 14.258386 -3.1908994
v -3.0200243 14.325976 -2.8665578
v -3.0200243 20.239475 -2.8665576
v -3.0403304 20.171885 -3.1908994
v 2.9997177 20.171885 -3.1908994
v 3.0200238 20.239475 -2.8665576
v 3.0200238 20.239475 -2.8665576
v 2.9997177 20.171885 -3.1908994
v 2.9997177 14.258386 -3.1908994
v 3.0200238 14.325976 -2.8665578
v -2.678615 14.667385 -2.8665578
v -2.6989212 14.599794 -3.1908994
v 2.6583083 14.599794 -3.1908994
v 2.6786144 14.667385 -2.8665578
v -2.678615 19.898066 -2.8665576
v -2.6989212 19.830475 -3.1908994
v -2.6989212 14.599794 -3.1908994
v -2.678615 14.667385 -2.8665578
v -3.866399 20.239475 -2.334002
v -3.866399 14.325976 -2.3340023
v -9.891711 14.325976 -2.3340023
v -9.891711 20.239475 -2.334002
v -3.866399 20.239475 -2.8665576
v -3.866399 14.325976 -2.8665578
v -3.866399 14.325976 -2.3340023
v -3.866399 20.239475 -2.334002
v -9.891711 20.239475 -2.8665576
v -3.866399 20.239475 -2.8665576
v -3.866399 20.239475 -2.334002
v -9.891711 20.239475 -2.334002
v -3.866399 14.325976 -2.8665578
v -9.891711 14.325976 -2.8665578
v -9.891711 14.325976 -2.3340023
v -3.866399 14.325976 -2.3340023
v -9.891711 14.325976 -2.8665578
v -9.891711 20.239475 -2.8665576
v -9.891711 20.239475 -2.334002
v -9.891711 14.325976 -2.3340023
v -3.866399 20.239475 -2.8665576
v -3.8867052 20.171885 -3.1908994
v -3.8867052 14.258386 -3.1908994
v -3.866399 14.325976 -2.8665578
v -9.891711 20.239475 -2.8665576
v -9.912016 20.171885 -3.1908994
v -3.8867052 20.171885 -3.1908994
v -3.866399 20.239475 -2.8665576
v -3.866399 14.325976 -2.8665578
v -3.8867052 14.258386 -3.1908994
v -9.912016 14.258386 -3.1908994
v -9.891711 14.325976 -2.8665578
v -9.891711 14.325976 -2.8665578
v -9.912016 14.258386 -3.1908994
v -9.912016 20.171885 -3.1908994
v -9.891711 20.239475 -2.8665576
v -4.2078085 14.667385 -2.8665578
v -4.228115 14.599794 -3.1908994
v -4.228115 19.830475 -3.1908994
v -4.2078085 19.898066 -2.8665576
v -4.2078085 19.898066 -2.8665576
v -4.228115 19.830475 -3.1908994
v -9.570607 19.830475 -3.1908994
v -9.550302 19.898066 -2.8665576
v -9.550302 14.667386 -2.8665578
v -9.570607 14.599795 -3.1908994
v -4.228115 14.599794 -3.1908994
v -4.2078085 14.667385 -2.8665578
v -9.550302 19.898066 -2.8665576
v -9.570607 19.830475 -3.1908994
v -9.570607 14.599795 -3.1908994
v -9.550302 14.667386 -2.8665578
v 3.8663988 13.479601 -2.334002
v 9.89171 13.479601 -2.334002
v 9.89171 9.110219 -2.334002
v 8.170476 7.3910117 -2.3340023
v 3.8663988 7.3910117 -2.3340023
v 3.8663988 13.479601 -2.8665576
v 9.89171 13.479601 -2.8665576
v 9.89171 13.479601 -2.334002
v 3.8663988 13.479601 -2.334002
v 9.89171 9.110219 -2.8665576
v 8.170476 7.3910117 -2.8665578
v 8.170476 7.3910117 -2.3340023
v 9.89171 9.110219 -2.334002
v 9.89171 13.479601 -2.8665576
v 9.89171 9.110219 -2.8665576
v 9.89171 9.110219 -2.334002
v 9.89171 13.479601 -2.334002
v 8.170476 7.3910117 -2.8665578
v 3.8663988 7.3910117 -2.8665578
v 3.8663988 7.3910117 -2.3340023
v 8.170476 7.3910117 -2.3340023
v 3.8663988 7.3910117 -2.8665578
v 3.8663988 13.479601 -2.8665576
v 3.8663988 13.479601 -2.334002
v 3.8663988 7.3910117 -2.3340023
v 9.5503 13.13819 -2.8665576
v 9.529995 13.070601 -3.1908994
v 4.187502 13.070601 -3.1908994
v 4.2078085 13.13819 -2.8665576
v 4.2078085 13.13819 -2.8665576
v 4.187502 13.070601 -3.1908994
v 4.187502 7.6648307 -3.1908994
v 4.2078085 7.732421 -2.8665578
v 4.2078085 7.732421 -2.8665578
v 4.187502 7.6648307 -3.1908994
v 8.024926 7.6648307 -3.1908994
v 8.0432005 7.732421 -2.8665578
v 9.5503 9.2374935 -2.8665576
v 9.529995 9.176662 -3.1908994
v 9.529995 13.070601 -3.1908994
v 9.5503 13.13819 -2.8665576
v 8.0432005 7.732421 -2.8665578
v 8.024926 7.6648307 -3.1908994
v 9.529995 9.176662 -3.1908994
v 9.5503 9.2374935 -2.8665576
v 9.89171 9.110219 -2.8665576
v 9.871405 9.049388 -3.1908994
v 8.152201 7.323422 -3.1908994
v 8.170476 7.3910117 -2.8665578
v 9.89171 13.479601 -2.8665576
v 9.871405 13.41201 -3.1908994
v 9.871405 9.049388 -3.1908994
v 9.89171 9.110219 -2.8665576
v 8.170476 7.3910117 -2.8665578
v 8.152201 7.323422 -3.1908994
v 3.8460927 7.323422 -3.1908994
v 3.8663988 7.3910117 -2.8665578
v 3.8663988 7.3910117 -2.8665578
v 3.8460927 7.323422 -3.1908994
v 3.8460925 13.412011 -3.1908994
v 3.8663988 13.479601 -2.8665576
v 3.8663988 13.479601 -2.8665576
v 3.8460925 13.412011 -3.1908994
v 9.871405 13.41201 -3.1908994
v 9.89171 13.479601 -2.8665576
v 3.0200238 13.479601 -2.334002
v 3.020024 7.391011 -2.3340023
v -3.020024 7.391011 -2.3340023
v -3.0200243 13.479601 -2.334002
v -3.020024 7.391011 -2.8665578
v -3.0200243 13.479601 -2.8665576
v -3.0200243 13.479601 -2.334002
v -3.020024 7.391011 -2.3340023
v 3.0200238 13.479601 -2.8665576
v 3.020024 7.391011 -2.8665578
v 3.020024 7.391011 -2.3340023
v 3.0200238 13.479601 -2.334002
v -3.0200243 13.479601 -2.8665576
v 3.0200238 13.479601 -2.8665576
v 3.0200238 13.479601 -2.334002
v -3.0200243 13.479601 -2.334002
v 3.020024 7.391011 -2.8665578
v -3.020024 7.391011 -2.8665578
v -3.020024 7.391011 -2.3340023
v 3.020024 7.391011 -2.3340023
v -3.020024 7.391011 -2.8665578
v -3.0403304 7.323421 -3.1908994
v -3.0403304 13.41201 -3.1908994
v -3.0200243 13.479601 -2.8665576
v 3.020024 7.391011 -2.8665578
v 2.999718 7.323421 -3.1908994
v -3.0403304 7.323421 -3.1908994
v -3.020024 7.391011 -2.8665578
v -2.678615 13.13819 -2.8665576
v -2.6989212 13.0706005 -3.1908994
v -2.6989212 7.66483 -3.1908994
v -2.6786149 7.7324204 -2.8665578
v -3.0200243 13.479601 -2.8665576
v -3.0403304 13.41201 -3.1908994
v 2.9997177 13.41201 -3.1908994
v 3.0200238 13.479601 -2.8665576
v -2.6786149 7.7324204 -2.8665578
v -2.6989212 7.66483 -3.1908994
v 2.6583083 7.66483 -3.1908994
v 2.6786149 7.7324204 -2.8665578
v 3.0200238 13.479601 -2.8665576
v 2.9997177 13.41201 -3.1908994
v 2.999718 7.323421 -3.1908994
v 3.020024 7.391011 -2.8665578
v 2.6786144 13.13819 -2.8665576
v 2.6583083 13.0706005 -3.1908994
v -2.6989212 13.0706005 -3.1908994
v -2.678615 13.13819 -2.8665576
v 2.6786149 7.7324204 -2.8665578
v 2.6583083 7.66483 -3.1908994
v 2.6583083 13.0706005 -3.1908994
v 2.6786144 13.13819 -2.8665576
v -9.891711 13.479602 -2.334002
v -3.8663995 13.479601 -2.334002
v -3.8663995 7.3910117 -2.3340023
v -8.171829 7.3910117 -2.3340023
v -9.891711 9.110219 -2.334002
v -3.8663995 13.479601 -2.8665576
v -3.8663995 7.3910117 -2.8665578
v -3.8663995 7.3910117 -2.3340023
v -3.8663995 13.479601 -2.334002
v -9.891711 13.479602 -2.8665576
v -3.8663995 13.479601 -2.8665576
v -3.8663995 13.479601 -2.334002
v -9.891711 13.479602 -2.334002
v -3.8663995 7.3910117 -2.8665578
v -8.171829 7.3910117 -2.8665578
v -8.171829 7.3910117 -2.3340023
v -3.8663995 7.3910117 -2.3340023
v -8.171829 7.3910117 -2.8665578
v -9.891711 9.110219 -2.8665576
v -9.891711 9.110219 -2.334002
v -8.171829 7.3910117 -2.3340023
v -9.891711 9.110219 -2.8665576
v -9.891711 13.479602 -2.8665576
v -9.891711 13.479602 -2.334002
v -9.891711 9.110219 -2.334002
v -9.550302 9.2374935 -2.8665576
v -9.570608 9.176662 -3.1908994
v -8.06283 7.6648307 -3.1908994
v -8.044555 7.732421 -2.8665578
v -4.228115 7.6648307 -3.1908994
v -4.207809 7.732421 -2.8665578
v -4.207809 13.13819 -2.8665576
v -4.228115 13.070601 -3.1908994
v -9.570608 13.070602 -3.1908994
v -9.550302 13.138192 -2.8665576
v -4.207809 7.732421 -2.8665578
v -4.228115 7.6648307 -3.1908994
v -4.228115 13.070601 -3.1908994
v -4.207809 13.13819 -2.8665576
v -9.550302 13.138192 -2.8665576
v -9.570608 13.070602 -3.1908994
v -9.570608 9.176662 -3.1908994
v -9.550302 9.2374935 -2.8665576
v -3.8663995 13.479601 -2.8665576
v -3.8867059 13.412011 -3.1908994
v -3.8867059 7.323422 -3.1908994
v -3.8663995 7.3910117 -2.8665578
v -9.891711 13.479602 -2.8665576
v -9.912016 13.412011 -3.1908994
v -3.8867059 13.412011 -3.1908994
v -3.8663995 13.479601 -2.8665576
v -3.8663995 7.3910117 -2.8665578
v -3.8867059 7.323422 -3.1908994
v -8.1901045 7.323422 -3.1908994
v -8.171829 7.3910117 -2.8665578
v -9.912016 9.049389 -3.1908994
v -9.891711 9.110219 -2.8665576
v -9.891711 9.110219 -2.8665576
v -9.912016 9.049389 -3.1908994
v -9.912016 13.412011 -3.1908994
v -9.891711 13.479602 -2.8665576
v 8.170475 27.17444 -2.334001
v 9.89171 25.452528 -2.334001
v 9.89171 21.085852 -2.3340013
v 3.8663988 21.085852 -2.3340013
v 3.8663979 27.17444 -2.334001
v 9.89171 21.085852 -2.866557
v 3.8663988 21.085852 -2.866557
v 3.8663988 21.085852 -2.3340013
v 9.89171 21.085852 -2.3340013
v 9.89171 25.452528 -2.8665566
v 9.89171 21.085852 -2.866557
v 9.89171 21.085852 -2.3340013
v 9.89171 25.452528 -2.334001
v 3.8663988 21.085852 -2.866557
v 3.8663979 27.17444 -2.8665566
v 3.8663979 27.17444 -2.334001
v 3.8663988 21.085852 -2.3340013
v 3.8663979 27.17444 -2.8665566
v 8.170475 27.17444 -2.8665566
v 8.170475 27.17444 -2.334001
v 3.8663979 27.17444 -2.334001
v 8.170475 27.17444 -2.8665566
v 9.89171 25.452528 -2.8665566
v 9.89171 25.452528 -2.334001
v 8.170475 27.17444 -2.334001
v 8.170475 27.17444 -2.8665566
v 9.871405 25.391699 -3.1908984
v 9.89171 25.452528 -2.8665566
v 8.1522 27.10685 -3.1908984
v 3.8663979 27.17444 -2.8665566
v 3.8460915 27.10685 -3.1908984
v 3.8663988 21.085852 -2.866557
v 3.8460925 21.018261 -3.1908984
v 3.8460915 27.10685 -3.1908984
v 3.8663979 27.17444 -2.8665566
v 4.2078085 21.42726 -2.866557
v 4.187502 21.35967 -3.1908984
v 9.529995 21.35967 -3.1908984
v 9.5503 21.427258 -2.866557
v 9.5503 21.427258 -2.866557
v 9.529995 21.35967 -3.1908984
v 9.529995 25.264423 -3.1908984
v 9.5503 25.325253 -2.8665566
v 4.2078075 26.833029 -2.8665566
v 4.187501 26.765442 -3.1908984
v 4.187502 21.35967 -3.1908984
v 4.2078085 21.42726 -2.866557
v 8.0432 26.833029 -2.8665566
v 4.187501 26.765442 -3.1908984
v 4.2078075 26.833029 -2.8665566
v 8.024925 26.765442 -3.1908984
v 9.5503 25.325253 -2.8665566
v 9.529995 25.264423 -3.1908984
v 9.89171 21.085852 -2.866557
v 9.871405 21.018261 -3.1908984
v 3.8460925 21.018261 -3.1908984
v 3.8663988 21.085852 -2.866557
v 9.89171 25.452528 -2.8665566
v 9.871405 25.391699 -3.1908984
v 9.871405 21.018261 -3.1908984
v 9.89171 21.085852 -2.866557
v 8.1522 27.10685 -3.1908984
v 9.529995 25.264423 -3.1908984
v 9.871405 25.391699 -3.1908984
v 8.024925 26.765442 -3.1908984
v 9.529995 21.35967 -3.1908984
v 3.8460915 27.10685 -3.1908984
v 9.871405 21.018261 -3.1908984
v 4.187501 26.765442 -3.1908984
v 4.187502 21.35967 -3.1908984
v 3.8460925 21.018261 -3.1908984
v -9.912016 9.049389 -3.1908994
v -9.570608 9.176662 -3.1908994
v -9.570608 13.070602 -3.1908994
v -8.1901045 7.323422 -3.1908994
v -9.912016 13.412011 -3.1908994
v -8.06283 7.6648307 -3.1908994
v -4.228115 13.070601 -3.1908994
v -3.8867059 7.323422 -3.1908994
v -3.8867059 13.412011 -3.1908994
v -4.228115 7.6648307 -3.1908994
v -3.0403304 7.323421 -3.1908994
v -2.6989212 13.0706005 -3.1908994
v -3.0403304 13.41201 -3.1908994
v -2.6989212 7.66483 -3.1908994
v 2.6583083 13.0706005 -3.1908994
v 2.999718 7.323421 -3.1908994
v 2.9997177 13.41201 -3.1908994
v 2.6583083 7.66483 -3.1908994
v 3.8460925 13.412011 -3.1908994
v 4.187502 13.070601 -3.1908994
v 9.529995 13.070601 -3.1908994
v 3.8460927 7.323422 -3.1908994
v 9.871405 13.41201 -3.1908994
v 4.187502 7.6648307 -3.1908994
v 9.529995 9.176662 -3.1908994
v 8.152201 7.323422 -3.1908994
v 9.871405 9.049388 -3.1908994
v 8.024926 7.6648307 -3.1908994
v -3.8867052 20.171885 -3.1908994
v -4.228115 14.599794 -3.1908994
v -3.8867052 14.258386 -3.1908994
v -4.228115 19.830475 -3.1908994
v -9.570607 14.599795 -3.1908994
v -9.912016 20.171885 -3.1908994
v -9.912016 14.258386 -3.1908994
v -9.570607 19.830475 -3.1908994
v -3.0403304 14.258386 -3.1908994
v -2.6989212 19.830475 -3.1908994
v -3.0403304 20.171885 -3.1908994
v -2.6989212 14.599794 -3.1908994
v 2.6583083 19.830475 -3.1908994
v 2.9997177 14.258386 -3.1908994
v 2.9997177 20.171885 -3.1908994
v 2.6583083 14.599794 -3.1908994
v 3.846093 20.171885 -3.1908994
v 9.529996 19.830475 -3.1908994
v 9.871406 20.171885 -3.1908994
v 4.187503 19.830475 -3.1908994
v 9.529996 14.599794 -3.1908994
v 3.846093 14.258386 -3.1908994
v 9.871406 14.258386 -3.1908994
v 4.187503 14.599794 -3.1908994
v -9.912016 25.391699 -3.1908984
v -8.06283 26.765442 -3.1908984
v -8.1901045 27.10685 -3.1908984
v -9.570608 25.264423 -3.1908984
v -4.228115 26.765442 -3.1908984
v -9.912016 21.018261 -3.1908984
v -3.8867059 27.10685 -3.1908984
v -9.570608 21.35967 -3.1908984
v -4.228115 21.35967 -3.1908984
v -3.8867059 21.018261 -3.1908984
v -3.0403304 21.01826 -3.1908984
v -2.6989214 21.359667 -3.1908984
v -2.6989214 26.765436 -3.1908984
v 2.9997172 21.01826 -3.1908984
v -3.0403304 27.106848 -3.1908984
v 2.658308 21.359667 -3.1908984
v 2.6583076 26.765436 -3.1908984
v 2.999717 27.106848 -3.1908984
v 15.981347 5.4828176 1.0007895
v 15.418633 28.667143 1.0007895
v 15.981349 29.082626 1.0007895
v 15.4186325 5.898302 1.0007895
v 15.342416 28.851145 1.0007895
v 15.902349 5.2921042 1.0007895
v 15.902349 29.273342 1.0007895
v 15.342416 5.714304 1.0007895
v 11.568418 32.62514 1.0007895
v 11.990615 1.3803706 1.0007895
v 11.990618 33.185078 1.0007895
v 11.568414 1.9403055 1.0007895
v 11.384419 32.701363 1.0007895
v 11.799898 1.301372 1.0007895
v 11.799902 33.264076 1.0007895
v 11.384415 1.8640875 1.0007895
v -11.384413 32.701363 1.0007895
v -11.799902 1.3013734 1.0007895
v -11.799897 33.264076 1.0007895
v -11.3844185 1.864089 1.0007895
v -11.568414 32.62514 1.0007895
v -11.990618 1.3803706 1.0007895
v -11.990613 33.185078 1.0007895
v -11.5684185 1.9403055 1.0007895
v -15.342414 28.851149 1.0007895
v -15.902349 5.2921066 1.0007895
v -15.902349 29.27335 1.0007895
v -15.342416 5.7143054 1.0007895
v -15.4186325 28.667149 1.0007895
v -15.981349 5.482821 1.0007895
v -15.981347 29.082632 1.0007895
v -15.418633 5.898305 1.0007895
v 15.981347 5.4828176 -1.4923899
v 15.4186325 5.898302 -1.4923899
v 15.342416 5.714304 -1.4923899
v 15.902349 5.2921042 -1.4923899
v 15.981349 29.082626 -1.4923899
v 11.568414 1.9403055 -1.4923899
v 15.418633 28.667143 -1.4923899
v 11.990615 1.3803706 -1.4923899
v 15.902349 29.273342 -1.4923899
v 11.384415 1.8640875 -1.4923899
v 15.342416 28.851145 -1.4923899
v 11.799898 1.301372 -1.4923899
v 11.990618 33.185078 -1.4923899
v -11.3844185 1.864089 -1.4923899
v 11.568418 32.62514 -1.4923899
v -11.799902 1.3013734 -1.4923899
v 11.799902 33.264076 -1.4923899
v -11.5684185 1.9403055 -1.4923899
v 11.384419 32.701363 -1.4923899
v -11.990618 1.3803706 -1.4923899
v -11.799897 33.264076 -1.4923899
v -15.342416 5.7143054 -1.4923899
v -11.384413 32.701363 -1.4923899
v -15.902349 5.2921066 -1.4923899
v -11.990613 33.185078 -1.4923899
v -15.418633 5.898305 -1.4923899
v -11.568414 32.62514 -1.4923899
v -15.981349 5.482821 -1.4923899
v -15.902349 29.27335 -1.4923899
v -15.4186325 28.667149 -1.4923899
v -15.342414 28.851149 -1.4923899
v -15.981347 29.082632 -1.4923899
v -12.257191 27.067202 -2.3343472
v -12.909809 6.965996 -2.3343472
v -12.902592 27.597927 -2.3343472
v -12.26441 7.4967203 -2.3343472
v -9.775839 29.548553 -2.3343472
v -10.313782 4.369968 -2.3343472
v -10.306562 30.193954 -2.3343472
v -9.783057 5.015369 -2.3343472
v 9.786985 29.546112 -2.3343472
v 10.313059 4.372887 -2.3343472
v 10.317709 30.191515 -2.3343472
v 9.782335 5.0182886 -2.3343472
v 12.268336 27.064762 -2.3343472
v 12.909086 6.9689145 -2.3343472
v 12.913737 27.595488 -2.3343472
v 12.263686 7.499639 -2.3343472
vt 0.9458008 0.47143555
vt 0.9458008 0.47143555
vt 0.9458008 0.47143555
vt 0.9458008 0.47143555
vt 0.9458008 0.47143555
vt 0.9458008 0.47143555
vt 0.9458008 0.47143555
vt 0.9458008 0.47143555
vt 0.9458008 0.47143555
vt 0.44311523 0.21594238
vt 0.44311523 0.21594238
vt 0.44311523 0.21594238
vt 0.44311523 0.21594238
vt 0.44311523 0.21594238
vt 0.44311523 0.21594238
vt 0.44311523 0.21594238
vt 0.44311523 0.21594238
vt 0.44311523 0.21594238
vt 0.44311523 0.21594238
vt 0.44311523 0.21594238
vt 0.44311523 0.21594238
vt 0.44311523 0.21594238
vt 0.44311523 0.21594238
vt 0.44311523 0.21594238
vt 0.44311523 0.21594238
vt 0.44311523 0.21594238
vt 0.44311523 0.21594238
vt 0.44311523 0.21594238
vt 0.44311523 0.21594238
vt 0.44311523 0.21594238
vt 0.44311523 0.21594238
vt 0.44311523 0.21594238
vt 0.44311523 0.21594238
vt 0.44311523 0.21594238
vt 0.44311523 0.21594238
vt 0.44311523 0.21594238
vt 0.44311523 0.21594238
vt 0.44311523 0.21594238
vt 0.44311523 0.21594238
vt 0.44311523 0.21594238
vt 0.44311523 0.21594238
vt 0.44311523 0.21594238
vt 0.44311523 0.21594238
vt 0.44311523 0.21594238
vt 0.44311523 0.21594238
vt 0.44311523 0.21594238
vt 0.44311523 0.21594238
vt 0.44311523 0.21594238
vt 0.4272461 0.52978516
vt 0.4272461 0.52978516
vt 0.4272461 0.52978516
vt 0.4272461 0.52978516
vt 0.4272461 0.52978516
vt 0.4272461 0.52978516
vt 0.4272461 0.52978516
vt 0.4272461 0.52978516
vt 0.4272461 0.52978516
vt 0.4272461 0.52978516
vt 0.4272461 0.52978516
vt 0.4272461 0.52978516
vt 0.4272461 0.52978516
vt 0.4272461 0.52978516
vt 0.4272461 0.52978516
vt 0.4272461 0.52978516
vt 0.4272461 0.52978516
vt 0.4272461 0.52978516
vt 0.4272461 0.52978516
vt 0.4272461 0.52978516
vt 0.4272461 0.52978516
vt 0.4272461 0.52978516
vt 0.4272461 0.52978516
vt 0.4272461 0.52978516
vt 0.4272461 0.52978516
vt 0.4272461 0.52978516
vt 0.4272461 0.52978516
vt 0.4272461 0.52978516
vt 0.4272461 0.52978516
vt 0.4272461 0.52978516
vt 0.4272461 0.52978516
vt 0.4272461 0.52978516
vt 0.4272461 0.52978516
vt 0.4272461 0.52978516
vt 0.4272461 0.52978516
vt 0.4272461 0.52978516
vt 0.4272461 0.52978516
vt 0.4272461 0.52978516
vt 0.4272461 0.52978516
vt 0.4272461 0.52978516
vt 0.4272461 0.52978516
vt 0.4272461 0.52978516
vt 0.4272461 0.52978516
vt 0.4272461 0.52978516
vt 0.4272461 0.52978516
vt 0.4272461 0.52978516
vt 0.4272461 0.52978516
vt 0.4272461 0.52978516
vt 0.4272461 0.52978516
vt 0.4272461 0.52978516
vt 0.4272461 0.52978516
vt 0.4272461 0.52978516
vt 0.4272461 0.52978516
vt 0.4272461 0.52978516
vt 0.4272461 0.52978516
vt 0.4272461 0.52978516
vt 0.4272461 0.52978516
vt 0.4272461 0.52978516
vt 0.4272461 0.52978516
vt 0.4272461 0.52978516
vt 0.4272461 0.52978516
vt 0.4272461 0.52978516
vt 0.4272461 0.52978516
vt 0.4272461 0.52978516
vt 0.4272461 0.52978516
vt 0.4272461 0.52978516
vt 0.4272461 0.52978516
vt 0.4272461 0.52978516
vt 0.4272461 0.52978516
vt 0.4272461 0.52978516
vt 0.4272461 0.52978516
vt 0.4272461 0.52978516
vt 0.4272461 0.52978516
vt 0.4272461 0.52978516
vt 0.4272461 0.52978516
vt 0.4272461 0.52978516
vt 0.4272461 0.52978516
vt 0.4272461 0.52978516
vt 0.4272461 0.52978516
vt 0.4272461 0.52978516
vt 0.4272461 0.52978516
vt 0.4272461 0.52978516
vt 0.4272461 0.52978516
vt 0.4272461 0.52978516
vt 0.4272461 0.52978516
vt 0.4272461 0.52978516
vt 0.4272461 0.52978516
vt 0.4272461 0.52978516
vt 0.4272461 0.52978516
vt 0.4272461 0.52978516
vt 0.4272461 0.52978516
vt 0.4272461 0.52978516
vt 0.4272461 0.52978516
vt 0.4272461 0.52978516
vt 0.4272461 0.52978516
vt 0.4272461 0.52978516
vt 0.4272461 0.52978516
vt 0.4272461 0.52978516
vt 0.4272461 0.52978516
vt 0.4272461 0.52978516
vt 0.4272461 0.52978516
vt 0.4272461 0.52978516
vt 0.4272461 0.52978516
vt 0.4272461 0.52978516
vt 0.4272461 0.52978516
vt 0.4272461 0.52978516
vt 0.4272461 0.52978516
vt 0.4272461 0.52978516
vt 0.4272461 0.52978516
vt 0.4272461 0.52978516
vt 0.4272461 0.52978516
vt 0.4272461 0.52978516
vt 0.4272461 0.52978516
vt 0.4272461 0.52978516
vt 0.4272461 0.52978516
vt 0.4272461 0.52978516
vt 0.4272461 0.52978516
vt 0.4272461 0.52978516
vt 0.4272461 0.52978516
vt 0.4272461 0.52978516
vt 0.4272461 0.52978516
vt 0.4272461 0.52978516
vt 0.4272461 0.52978516
vt 0.4272461 0.52978516
vt 0.4272461 0.52978516
vt 0.4272461 0.52978516
vt 0.4272461 0.52978516
vt 0.4272461 0.52978516
vt 0.4272461 0.52978516
vt 0.4272461 0.52978516
vt 0.4272461 0.52978516
vt 0.4272461 0.52978516
vt 0.4272461 0.52978516
vt 0.4272461 0.52978516
vt 0.4272461 0.52978516
vt 0.4272461 0.52978516
vt 0.4272461 0.52978516
vt 0.4272461 0.52978516
vt 0.4272461 0.52978516
vt 0.4272461 0.52978516
vt 0.4272461 0.52978516
vt 0.4272461 0.52978516
vt 0.4272461 0.52978516
vt 0.4272461 0.52978516
vt 0.4272461 0.52978516
vt 0.4272461 0.52978516
vt 0.4272461 0.52978516
vt 0.4272461 0.52978516
vt 0.4272461 0.52978516
vt 0.4272461 0.52978516
vt 0.4272461 0.52978516
vt 0.4272461 0.52978516
vt 0.4272461 0.52978516
vt 0.4272461 0.52978516
vt 0.4272461 0.52978516
vt 0.4272461 0.52978516
vt 0.4272461 0.52978516
vt 0.4272461 0.52978516
vt 0.4272461 0.52978516
vt 0.4272461 0.52978516
vt 0.4272461 0.52978516
vt 0.4272461 0.52978516
vt 0.4272461 0.52978516
vt 0.4272461 0.52978516
vt 0.4272461 0.52978516
vt 0.4272461 0.52978516
vt 0.4272461 0.52978516
vt 0.4272461 0.52978516
vt 0.4272461 0.52978516
vt 0.4272461 0.52978516
vt 0.4272461 0.52978516
vt 0.4272461 0.52978516
vt 0.4272461 0.52978516
vt 0.4272461 0.52978516
vt 0.4272461 0.52978516
vt 0.4272461 0.52978516
vt 0.4272461 0.52978516
vt 0.4272461 0.52978516
vt 0.4272461 0.52978516
vt 0.4272461 0.52978516
vt 0.4272461 0.52978516
vt 0.4272461 0.52978516
vt 0.4272461 0.52978516
vt 0.4272461 0.52978516
vt 0.4272461 0.52978516
vt 0.4272461 0.52978516
vt 0.4272461 0.52978516
vt 0.4272461 0.52978516
vt 0.4272461 0.52978516
vt 0.4272461 0.52978516
vt 0.4272461 0.52978516
vt 0.4272461 0.52978516
vt 0.4272461 0.52978516
vt 0.4272461 0.52978516
vt 0.4272461 0.52978516
vt 0.4272461 0.52978516
vt 0.4272461 0.52978516
vt 0.4272461 0.52978516
vt 0.4272461 0.52978516
vt 0.4272461 0.52978516
vt 0.4272461 0.52978516
vt 0.4272461 0.52978516
vt 0.4272461 0.52978516
vt 0.4272461 0.52978516
vt 0.4272461 0.52978516
vt 0.4272461 0.52978516
vt 0.4272461 0.52978516
vt 0.4272461 0.52978516
vt 0.4272461 0.52978516
vt 0.4272461 0.52978516
vt 0.4272461 0.52978516
vt 0.4272461 0.52978516
vt 0.4272461 0.52978516
vt 0.4272461 0.52978516
vt 0.4272461 0.52978516
vt 0.4272461 0.52978516
vt 0.4272461 0.52978516
vt 0.4272461 0.52978516
vt 0.4272461 0.52978516
vt 0.4272461 0.52978516
vt 0.4272461 0.52978516
vt 0.4272461 0.52978516
vt 0.4272461 0.52978516
vt 0.4272461 0.52978516
vt 0.4272461 0.52978516
vt 0.4272461 0.52978516
vt 0.4272461 0.52978516
vt 0.4272461 0.52978516
vt 0.4272461 0.52978516
vt 0.4272461 0.52978516
vt 0.4272461 0.52978516
vt 0.4272461 0.52978516
vt 0.4272461 0.52978516
vt 0.4272461 0.52978516
vt 0.4272461 0.52978516
vt 0.4272461 0.52978516
vt 0.4272461 0.52978516
vt 0.4272461 0.52978516
vt 0.4272461 0.52978516
vt 0.4272461 0.52978516
vt 0.4272461 0.52978516
vt 0.4272461 0.52978516
vt 0.4272461 0.52978516
vt 0.4272461 0.52978516
vt 0.4272461 0.52978516
vt 0.4272461 0.52978516
vt 0.4272461 0.52978516
vt 0.4272461 0.52978516
vt 0.4272461 0.52978516
vt 0.4272461 0.52978516
vt 0.4272461 0.52978516
vt 0.4272461 0.52978516
vt 0.4272461 0.52978516
vt 0.4272461 0.52978516
vt 0.4272461 0.52978516
vt 0.4272461 0.52978516
vt 0.4272461 0.52978516
vt 0.4272461 0.52978516
vt 0.4272461 0.52978516
vt 0.4272461 0.52978516
vt 0.57958984 0.52734375
vt 0.57958984 0.52734375
vt 0.57958984 0.52734375
vt 0.57958984 0.52734375
vt 0.93603516 0.4765625
vt 0.93603516 0.4765625
vt 0.93603516 0.4765625
vt 0.93603516 0.4765625
vt 0.57958984 0.52734375
vt 0.57958984 0.52734375
vt 0.57958984 0.52734375
vt 0.57958984 0.52734375
vt 0.93603516 0.4765625
vt 0.93603516 0.4765625
vt 0.93603516 0.4765625
vt 0.93603516 0.4765625
vt 0.93603516 0.4765625
vt 0.93603516 0.4765625
vt 0.93603516 0.4765625
vt 0.93603516 0.4765625
vt 0.57958984 0.5410156
vt 0.57958984 0.5410156
vt 0.57958984 0.5410156
vt 0.57958984 0.5410156
vt 0.57958984 0.5410156
vt 0.57958984 0.5410156
vt 0.57958984 0.5410156
vt 0.57958984 0.5410156
vt 0.93603516 0.4765625
vt 0.93603516 0.4765625
vt 0.93603516 0.4765625
vt 0.93603516 0.4765625
vt 0.57958984 0.5410156
vt 0.57958984 0.5410156
vt 0.57958984 0.5410156
vt 0.57958984 0.5410156
vt 0.57958984 0.5410156
vt 0.57958984 0.5410156
vt 0.57958984 0.5410156
vt 0.57958984 0.5410156
vt 0.93603516 0.4765625
vt 0.93603516 0.4765625
vt 0.93603516 0.4765625
vt 0.93603516 0.4765625
vt 0.93603516 0.4765625
vt 0.93603516 0.4765625
vt 0.93603516 0.4765625
vt 0.93603516 0.4765625
vt 0.93603516 0.4765625
vt 0.93603516 0.4765625
vt 0.93603516 0.4765625
vt 0.93603516 0.4765625
vt 0.68847656 0.54296875
vt 0.68847656 0.54296875
vt 0.68847656 0.54296875
vt 0.68847656 0.54296875
vt 0.57958984 0.52734375
vt 0.57958984 0.52734375
vt 0.57958984 0.52734375
vt 0.57958984 0.52734375
vt 0.93603516 0.4765625
vt 0.93603516 0.4765625
vt 0.93603516 0.4765625
vt 0.93603516 0.4765625
vt 0.4272461 0.52978516
vt 0.4272461 0.52978516
vt 0.4272461 0.52978516
vt 0.4272461 0.52978516
vt 0.4272461 0.52978516
vt 0.4272461 0.52978516
vt 0.45898438 0.21594238
vt 0.45898438 0.21594238
vt 0.45898438 0.21594238
vt 0.45898438 0.21594238
vt 0.45898438 0.21594238
vt 0.45898438 0.21594238
vt 0.45898438 0.21594238
vt 0.45898438 0.21594238
vt 0.45898438 0.21594238
vt 0.45898438 0.21594238
vt 0.45898438 0.21594238
vt 0.45898438 0.21594238
vt 0.45898438 0.21594238
vt 0.45898438 0.21594238
vt 0.45898438 0.21594238
vt 0.45898438 0.21594238
vt 0.4272461 0.52978516
vt 0.4272461 0.52978516
vt 0.4272461 0.52978516
vt 0.4272461 0.52978516
vt 0.4272461 0.52978516
vt 0.4272461 0.52978516
vt 0.4272461 0.52978516
vt 0.4272461 0.52978516
vt 0.4272461 0.52978516
vt 0.4272461 0.52978516
vt 0.4272461 0.52978516
vt 0.4272461 0.52978516
vt 0.4272461 0.52978516
vt 0.45874023 0.21765137
vt 0.45874023 0.21765137
vt 0.45874023 0.21765137
vt 0.45874023 0.21765137
vt 0.45874023 0.21765137
vt 0.45874023 0.21765137
vt 0.45874023 0.21765137
vt 0.45874023 0.21765137
vt 0.4272461 0.52978516
vt 0.4272461 0.52978516
vt 0.4272461 0.52978516
vt 0.4272461 0.52978516
vt 0.4272461 0.52978516
vt 0.4272461 0.52978516
vt 0.4272461 0.52978516
vt 0.4272461 0.52978516
vt 0.4272461 0.52978516
vt 0.4272461 0.52978516
vt 0.4272461 0.52978516
vt 0.4272461 0.52978516
vt 0.4272461 0.52978516
vt 0.46362305 0.21594238
vt 0.46362305 0.21594238
vt 0.46362305 0.21594238
vt 0.46362305 0.21594238
vt 0.46362305 0.21594238
vt 0.46362305 0.21594238
vt 0.4272461 0.52978516
vt 0.4272461 0.52978516
vt 0.4272461 0.52978516
vt 0.4272461 0.52978516
vt 0.4272461 0.52978516
vt 0.4272461 0.52978516
vt 0.4272461 0.52978516
vt 0.45898438 0.21594238
vt 0.45898438 0.21594238
vt 0.45898438 0.21594238
vt 0.45898438 0.21594238
vt 0.45898438 0.21594238
vt 0.45898438 0.21594238
vt 0.45898438 0.21594238
vt 0.45898438 0.21594238
vt 0.46362305 0.21594238
vt 0.46362305 0.21594238
vt 0.46362305 0.21594238
vt 0.46362305 0.21594238
vt 0.46362305 0.21594238
vt 0.46362305 0.21594238
vt 0.45898438 0.21594238
vt 0.45898438 0.21594238
vt 0.45898438 0.21594238
vt 0.45898438 0.21594238
vt 0.45898438 0.21594238
vt 0.45898438 0.21594238
vt 0.45898438 0.21594238
vt 0.45898438 0.21594238
vt 0.45898438 0.21594238
vt 0.45898438 0.21594238
vt 0.45898438 0.21594238
vt 0.45898438 0.21594238
vt 0.45898438 0.21594238
vt 0.45898438 0.21594238
vt 0.45898438 0.21594238
vt 0.45898438 0.21594238
vt 0.45874023 0.21765137
vt 0.45874023 0.21765137
vt 0.45874023 0.21765137
vt 0.45874023 0.21765137
vt 0.45874023 0.21765137
vt 0.45874023 0.21765137
vt 0.45874023 0.21765137
vt 0.45874023 0.21765137
vt 0.46362305 0.21594238
vt 0.46362305 0.21594238
vt 0.46362305 0.21594238
vt 0.46362305 0.21594238
vt 0.45874023 0.21765137
vt 0.45874023 0.21765137
vt 0.45874023 0.21765137
vt 0.45874023 0.21765137
vt 0.45874023 0.21765137
vt 0.45874023 0.21765137
vt 0.45874023 0.21765137
vt 0.45874023 0.21765137
vt 0.46362305 0.21594238
vt 0.46362305 0.21594238
vt 0.46362305 0.21594238
vt 0.46362305 0.21594238
vt 0.46362305 0.21594238
vt 0.46362305 0.21594238
vt 0.4272461 0.52978516
vt 0.4272461 0.52978516
vt 0.4272461 0.52978516
vt 0.4272461 0.52978516
vt 0.4272461 0.52978516
vt 0.4272461 0.52978516
vt 0.4272461 0.52978516
vt 0.46362305 0.21594238
vt 0.46362305 0.21594238
vt 0.46362305 0.21594238
vt 0.46362305 0.21594238
vt 0.46362305 0.21594238
vt 0.46362305 0.21594238
vt 0.46362305 0.21594238
vt 0.46362305 0.21594238
vt 0.46362305 0.21594238
vt 0.46362305 0.21594238
vt 0.46362305 0.21594238
vt 0.46362305 0.21594238
vt 0.46362305 0.21594238
vt 0.46362305 0.21594238
vt 0.46362305 0.21594238
vt 0.46362305 0.21594238
vt 0.46362305 0.21594238
vt 0.46362305 0.21594238
vt 0.46362305 0.21594238
vt 0.46362305 0.21594238
vt 0.46362305 0.21594238
vt 0.46362305 0.21594238
vt 0.46362305 0.21594238
vt 0.46362305 0.21594238
vt 0.46362305 0.21594238
vt 0.46362305 0.21594238
vt 0.46362305 0.21594238
vt 0.46362305 0.21594238
vt 0.46362305 0.21594238
vt 0.46362305 0.21594238
vt 0.46362305 0.21594238
vt 0.46362305 0.21594238
vt 0.46362305 0.21594238
vt 0.46362305 0.21594238
vt 0.46362305 0.21594238
vt 0.46362305 0.21594238
vt 0.46362305 0.21594238
vt 0.46362305 0.21594238
vt 0.46362305 0.21594238
vt 0.46362305 0.21594238
vt 0.46362305 0.21594238
vt 0.46362305 0.21594238
vt 0.46362305 0.21594238
vt 0.46362305 0.21594238
vt 0.46362305 0.21594238
vt 0.46362305 0.21594238
vt 0.46362305 0.21594238
vt 0.46362305 0.21594238
vt 0.4272461 0.52978516
vt 0.4272461 0.52978516
vt 0.4272461 0.52978516
vt 0.4272461 0.52978516
vt 0.4272461 0.52978516
vt 0.4272461 0.52978516
vt 0.44311523 0.21594238
vt 0.44311523 0.21594238
vt 0.44311523 0.21594238
vt 0.44311523 0.21594238
vt 0.44311523 0.21594238
vt 0.44311523 0.21594238
vt 0.44311523 0.21594238
vt 0.44311523 0.21594238
vt 0.44311523 0.21594238
vt 0.44311523 0.21594238
vt 0.44311523 0.21594238
vt 0.44311523 0.21594238
vt 0.44311523 0.21594238
vt 0.44311523 0.21594238
vt 0.44311523 0.21594238
vt 0.44311523 0.21594238
vt 0.44311523 0.21594238
vt 0.44311523 0.21594238
vt 0.44311523 0.21594238
vt 0.44311523 0.21594238
vt 0.44311523 0.21594238
vt 0.44311523 0.21594238
vt 0.44311523 0.21594238
vt 0.44311523 0.21594238
vt 0.44311523 0.21594238
vt 0.44311523 0.21594238
vt 0.44311523 0.21594238
vt 0.44311523 0.21594238
vt 0.44311523 0.21594238
vt 0.44311523 0.21594238
vt 0.44311523 0.21594238
vt 0.44311523 0.21594238
vt 0.44311523 0.21594238
vt 0.44311523 0.21594238
vt 0.44311523 0.21594238
vt 0.44311523 0.21594238
vt 0.44311523 0.21594238
vt 0.44311523 0.21594238
vt 0.44311523 0.21594238
vt 0.44311523 0.21594238
vt 0.44311523 0.21594238
vt 0.44311523 0.21594238
vt 0.44311523 0.21594238
vt 0.44311523 0.21594238
vt 0.44311523 0.21594238
vt 0.44311523 0.21594238
vt 0.44311523 0.21594238
vt 0.44311523 0.21594238
vt 0.44311523 0.21594238
vt 0.44311523 0.21594238
vt 0.44311523 0.21594238
vt 0.44311523 0.21594238
vt 0.44311523 0.21594238
vt 0.44311523 0.21594238
vt 0.44311523 0.21594238
vt 0.44311523 0.21594238
vt 0.44311523 0.21594238
vt 0.44311523 0.21594238
vt 0.44311523 0.21594238
vt 0.44311523 0.21594238
vt 0.44311523 0.21594238
vt 0.44311523 0.21594238
vt 0.44311523 0.21594238
vt 0.44311523 0.21594238
vt 0.44311523 0.21594238
vt 0.44311523 0.21594238
vt 0.44311523 0.21594238
vt 0.44311523 0.21594238
vt 0.44311523 0.21594238
vt 0.44311523 0.21594238
vt 0.44311523 0.21594238
vt 0.44311523 0.21594238
vt 0.44311523 0.21594238
vt 0.44311523 0.21594238
vt 0.44311523 0.21594238
vt 0.44311523 0.21594238
vt 0.44311523 0.21594238
vt 0.44311523 0.21594238
vt 0.44311523 0.21594238
vt 0.44311523 0.21594238
vt 0.44311523 0.21594238
vt 0.44311523 0.21594238
vt 0.44311523 0.21594238
vt 0.44311523 0.21594238
vt 0.44311523 0.21594238
vt 0.44311523 0.21594238
vt 0.44311523 0.21594238
vt 0.44311523 0.21594238
vt 0.44311523 0.21594238
vt 0.44311523 0.21594238
vt 0.44311523 0.21594238
vt 0.44311523 0.21594238
vt 0.44311523 0.21594238
vt 0.44311523 0.21594238
vt 0.44311523 0.21594238
vt 0.44311523 0.21594238
vt 0.44311523 0.21594238
vt 0.44311523 0.21594238
vt 0.44311523 0.21594238
vt 0.44311523 0.21594238
vt 0.44311523 0.21594238
vt 0.44311523 0.21594238
vt 0.44311523 0.21594238
vt 0.44311523 0.21594238
vt 0.44311523 0.21594238
vt 0.44311523 0.21594238
vt 0.44311523 0.21594238
vt 0.44311523 0.21594238
vt 0.44311523 0.21594238
vt 0.44311523 0.21594238
vt 0.44311523 0.21594238
vt 0.44311523 0.21594238
vt 0.44311523 0.21594238
vt 0.44311523 0.21594238
vt 0.44311523 0.21594238
vt 0.44311523 0.21594238
vt 0.44311523 0.21594238
vt 0.44311523 0.21594238
vt 0.44311523 0.21594238
vt 0.44311523 0.21594238
vt 0.44311523 0.21594238
vt 0.44311523 0.21594238
vt 0.44311523 0.21594238
vt 0.44311523 0.21594238
vt 0.44311523 0.21594238
vt 0.44311523 0.21594238
vt 0.44311523 0.21594238
vt 0.44311523 0.21594238
vt 0.44311523 0.21594238
vt 0.44311523 0.21594238
vt 0.44311523 0.21594238
vt 0.44311523 0.21594238
vt 0.44311523 0.21594238
vt 0.44311523 0.21594238
vt 0.44311523 0.21594238
vt 0.44311523 0.21594238
vt 0.44311523 0.21594238
vt 0.44311523 0.21594238
vt 0.44311523 0.21594238
vt 0.44311523 0.21594238
vt 0.44311523 0.21594238
vt 0.44311523 0.21594238
vt 0.44311523 0.21594238
vt 0.44311523 0.21594238
vt 0.44311523 0.21594238
vt 0.44311523 0.21594238
vt 0.44311523 0.21594238
vt 0.44311523 0.21594238
vt 0.44311523 0.21594238
vt 0.44311523 0.21594238
vt 0.44311523 0.21594238
vt 0.44311523 0.21594238
vt 0.44311523 0.21594238
vt 0.44311523 0.21594238
vt 0.44311523 0.21594238
vt 0.44311523 0.21594238
vt 0.44311523 0.21594238
vt 0.44311523 0.21594238
vt 0.44311523 0.21594238
vt 0.44311523 0.21594238
vt 0.44311523 0.21594238
vt 0.44311523 0.21594238
vt 0.44311523 0.21594238
vt 0.44311523 0.21594238
vt 0.44311523 0.21594238
vt 0.44311523 0.21594238
vt 0.44311523 0.21594238
vt 0.44311523 0.21594238
vt 0.44311523 0.21594238
vt 0.44311523 0.21594238
vt 0.44311523 0.21594238
vt 0.44311523 0.21594238
vt 0.44311523 0.21594238
vt 0.44311523 0.21594238
vt 0.44311523 0.21594238
vt 0.44311523 0.21594238
vt 0.44311523 0.21594238
vt 0.44311523 0.21594238
vt 0.44311523 0.21594238
vt 0.44311523 0.21594238
vt 0.44311523 0.21594238
vt 0.44311523 0.21594238
vt 0.44311523 0.21594238
vt 0.44311523 0.21594238
vt 0.44311523 0.21594238
vt 0.44311523 0.21594238
vt 0.44311523 0.21594238
vt 0.44311523 0.21594238
vt 0.44311523 0.21594238
vt 0.44311523 0.21594238
vt 0.44311523 0.21594238
vt 0.44311523 0.21594238
vt 0.44311523 0.21594238
vt 0.44311523 0.21594238
vt 0.44311523 0.21594238
vt 0.44311523 0.21594238
vt 0.44311523 0.21594238
vt 0.44311523 0.21594238
vt 0.44311523 0.21594238
vt 0.44311523 0.21594238
vt 0.44311523 0.21594238
vt 0.44311523 0.21594238
vt 0.44311523 0.21594238
vt 0.44311523 0.21594238
vt 0.44311523 0.21594238
vt 0.44311523 0.21594238
vt 0.44311523 0.21594238
vt 0.44311523 0.21594238
vt 0.44311523 0.21594238
vt 0.44311523 0.21594238
vt 0.44311523 0.21594238
vt 0.44311523 0.21594238
vt 0.44311523 0.21594238
vt 0.44311523 0.21594238
vt 0.44311523 0.21594238
vt 0.44311523 0.21594238
vt 0.44311523 0.21594238
vt 0.44311523 0.21594238
vt 0.44311523 0.21594238
vt 0.44311523 0.21594238
vt 0.44311523 0.21594238
vt 0.44311523 0.21594238
vt 0.44311523 0.21594238
vt 0.44311523 0.21594238
vt 0.44311523 0.21594238
vt 0.44311523 0.21594238
vt 0.44311523 0.21594238
vt 0.44311523 0.21594238
vt 0.44311523 0.21594238
vt 0.44311523 0.21594238
vt 0.44311523 0.21594238
vt 0.44311523 0.21594238
vt 0.44311523 0.21594238
vt 0.44311523 0.21594238
vt 0.44311523 0.21594238
vt 0.44311523 0.21594238
vt 0.44311523 0.21594238
vt 0.44311523 0.21594238
vt 0.44311523 0.21594238
vt 0.44311523 0.21594238
vt 0.44311523 0.21594238
vt 0.44311523 0.21594238
vt 0.44311523 0.21594238
vt 0.44311523 0.21594238
vt 0.44311523 0.21594238
vt 0.44311523 0.21594238
vt 0.44311523 0.21594238
vt 0.44311523 0.21594238
vt 0.44311523 0.21594238
vt 0.44311523 0.21594238
vt 0.44311523 0.21594238
vt 0.44311523 0.21594238
vt 0.44311523 0.21594238
vt 0.44311523 0.21594238
vt 0.44311523 0.21594238
vt 0.44311523 0.21594238
vt 0.44311523 0.21594238
vt 0.44311523 0.21594238
vt 0.44311523 0.21594238
vt 0.44311523 0.21594238
vt 0.44311523 0.21594238
vt 0.44311523 0.21594238
vt 0.44311523 0.21594238
vt 0.44311523 0.21594238
vt 0.44311523 0.21594238
vt 0.44311523 0.21594238
vt 0.44311523 0.21594238
vt 0.44311523 0.21594238
vt 0.44311523 0.21594238
vt 0.44311523 0.21594238
vt 0.44311523 0.21594238
vt 0.44311523 0.21594238
vt 0.44311523 0.21594238
vt 0.44311523 0.21594238
vt 0.44311523 0.21594238
vt 0.44311523 0.21594238
vt 0.44311523 0.21594238
vt 0.44311523 0.21594238
vt 0.44311523 0.21594238
vt 0.44311523 0.21594238
vt 0.44311523 0.21594238
vt 0.44311523 0.21594238
vt 0.44311523 0.21594238
vt 0.44311523 0.21594238
vt 0.44311523 0.21594238
vt 0.44311523 0.21594238
vt 0.44311523 0.21594238
vt 0.44311523 0.21594238
vt 0.44311523 0.21594238
vt 0.44311523 0.21594238
vt 0.44311523 0.21594238
vt 0.44311523 0.21594238
vt 0.44311523 0.21594238
vt 0.44311523 0.21594238
vt 0.44311523 0.21594238
vt 0.44311523 0.21594238
vt 0.44311523 0.21594238
vt 0.44311523 0.21594238
vt 0.44311523 0.21594238
vt 0.44311523 0.21594238
vt 0.44311523 0.21594238
vt 0.44311523 0.21594238
vt 0.44311523 0.21594238
vt 0.44311523 0.21594238
vt 0.44311523 0.21594238
vt 0.44311523 0.21594238
vt 0.44311523 0.21594238
vt 0.44311523 0.21594238
vt 0.44311523 0.21594238
vt 0.44311523 0.21594238
vt 0.44311523 0.21594238
vt 0.44311523 0.21594238
vt 0.44311523 0.21594238
vt 0.44311523 0.21594238
vt 0.44311523 0.21594238
vt 0.44311523 0.21594238
vt 0.44311523 0.21594238
vt 0.44311523 0.21594238
vt 0.44311523 0.21594238
vt 0.44311523 0.21594238
vt 0.44311523 0.21594238
vt 0.44311523 0.21594238
vt 0.44311523 0.21594238
vt 0.44311523 0.21594238
vt 0.44311523 0.21594238
vt 0.44311523 0.21594238
vt 0.44311523 0.21594238
vt 0.44311523 0.21594238
vt 0.44311523 0.21594238
vt 0.44311523 0.21594238
vt 0.44311523 0.21594238
vt 0.46362305 0.21594238
vt 0.46362305 0.21594238
vt 0.46362305 0.21594238
vt 0.46362305 0.21594238
vt 0.46362305 0.21594238
vt 0.46362305 0.21594238
vt 0.44311523 0.21594238
vt 0.44311523 0.21594238
vt 0.44311523 0.21594238
vt 0.44311523 0.21594238
vt 0.44311523 0.21594238
vt 0.44311523 0.21594238
vt 0.44311523 0.21594238
vt 0.44311523 0.21594238
vt 0.44311523 0.21594238
vt 0.44311523 0.21594238
vt 0.44311523 0.21594238
vt 0.44311523 0.21594238
vt 0.44311523 0.21594238
vt 0.44311523 0.21594238
vt 0.44311523 0.21594238
vt 0.44311523 0.21594238
vt 0.44311523 0.21594238
vt 0.44311523 0.21594238
vt 0.44311523 0.21594238
vt 0.44311523 0.21594238
vt 0.44311523 0.21594238
vt 0.44311523 0.21594238
vt 0.44311523 0.21594238
vt 0.44311523 0.21594238
vt 0.44311523 0.21594238
vt 0.44311523 0.21594238
vt 0.44311523 0.21594238
vt 0.44311523 0.21594238
vt 0.44311523 0.21594238
vt 0.46362305 0.21594238
vt 0.46362305 0.21594238
vt 0.46362305 0.21594238
vt 0.46362305 0.21594238
vt 0.46362305 0.21594238
vt 0.46362305 0.21594238
vt 0.44311523 0.21594238
vt 0.44311523 0.21594238
vt 0.44311523 0.21594238
vt 0.44311523 0.21594238
vt 0.44311523 0.21594238
vt 0.44311523 0.21594238
vt 0.6772461 0.5888672
vt 0.6772461 0.5888672
vt 0.6772461 0.5888672
vt 0.6772461 0.5888672
vt 0.6772461 0.5888672
vt 0.6772461 0.5888672
vt 0.6772461 0.5888672
vt 0.6772461 0.5888672
vt 0.6772461 0.5888672
vt 0.6772461 0.5888672
vt 0.6772461 0.5888672
vt 0.6772461 0.5888672
vt 0.6772461 0.5888672
vt 0.6772461 0.5888672
vt 0.6772461 0.5888672
vt 0.6772461 0.5888672
vt 0.6772461 0.5888672
vt 0.6772461 0.5888672
vt 0.6772461 0.5888672
vt 0.6772461 0.5888672
vt 0.6772461 0.5888672
vt 0.6772461 0.5888672
vt 0.6772461 0.5888672
vt 0.6772461 0.5888672
vt 0.6772461 0.5888672
vt 0.6772461 0.5888672
vt 0.6772461 0.5888672
vt 0.6772461 0.5888672
vt 0.6772461 0.5888672
vt 0.6772461 0.5888672
vt 0.6772461 0.5888672
vt 0.6772461 0.5888672
vt 0.6772461 0.5888672
vt 0.6772461 0.5888672
vt 0.6772461 0.5888672
vt 0.6772461 0.5888672
vt 0.6772461 0.5888672
vt 0.6772461 0.5888672
vt 0.6772461 0.5888672
vt 0.6772461 0.5888672
vt 0.6772461 0.5888672
vt 0.6772461 0.5888672
vt 0.6772461 0.5888672
vt 0.6772461 0.5888672
vt 0.6772461 0.5888672
vt 0.6772461 0.5888672
vt 0.6772461 0.5888672
vt 0.6772461 0.5888672
vt 0.6772461 0.5888672
vt 0.6772461 0.5888672
vt 0.6772461 0.5888672
vt 0.6772461 0.5888672
vt 0.6772461 0.5888672
vt 0.6772461 0.5888672
vt 0.6772461 0.5888672
vt 0.6772461 0.5888672
vt 0.6772461 0.5888672
vt 0.6772461 0.5888672
vt 0.6772461 0.5888672
vt 0.6772461 0.5888672
vt 0.6772461 0.5888672
vt 0.6772461 0.5888672
vt 0.6772461 0.5888672
vt 0.6772461 0.5888672
vt 0.6772461 0.5888672
vt 0.6772461 0.5888672
vt 0.69091797 0.59765625
vt 0.69091797 0.59765625
vt 0.69091797 0.59765625
vt 0.69091797 0.59765625
vt 0.69091797 0.59765625
vt 0.69091797 0.59765625
vt 0.69091797 0.59765625
vt 0.69091797 0.59765625
vt 0.69091797 0.59765625
vt 0.69091797 0.59765625
vt 0.69091797 0.59765625
vt 0.69091797 0.59765625
vt 0.69091797 0.59765625
vt 0.69091797 0.59765625
vt 0.69091797 0.59765625
vt 0.69091797 0.59765625
vt 0.69091797 0.59765625
vt 0.69091797 0.59765625
vt 0.69091797 0.59765625
vt 0.69091797 0.59765625
vt 0.69091797 0.59765625
vt 0.69091797 0.59765625
vt 0.69091797 0.59765625
vt 0.69091797 0.59765625
vt 0.69091797 0.59765625
vt 0.69091797 0.59765625
vt 0.69091797 0.59765625
vt 0.69091797 0.59765625
vt 0.69091797 0.59765625
vt 0.69091797 0.59765625
vt 0.69091797 0.59765625
vt 0.69091797 0.59765625
vt 0.69091797 0.59765625
vt 0.69091797 0.59765625
vt 0.69091797 0.59765625
vt 0.69091797 0.59765625
vt 0.69091797 0.59765625
vt 0.69091797 0.59765625
vt 0.69091797 0.59765625
vt 0.69091797 0.59765625
vt 0.69091797 0.59765625
vt 0.69091797 0.59765625
vt 0.6660156 0.60009766
vt 0.6660156 0.60009766
vt 0.6660156 0.60009766
vt 0.6660156 0.60009766
vt 0.6660156 0.60009766
vt 0.6660156 0.60009766
vt 0.6660156 0.60009766
vt 0.6660156 0.60009766
vt 0.6660156 0.60009766
vt 0.6660156 0.60009766
vt 0.6660156 0.60009766
vt 0.6660156 0.60009766
vt 0.6660156 0.60009766
vt 0.6660156 0.60009766
vt 0.6660156 0.60009766
vt 0.6660156 0.60009766
vt 0.6660156 0.60009766
vt 0.6660156 0.60009766
vt 0.6660156 0.60009766
vt 0.6660156 0.60009766
vt 0.6660156 0.60009766
vt 0.6660156 0.60009766
vt 0.6660156 0.60009766
vt 0.6660156 0.60009766
vt 0.6660156 0.60009766
vt 0.6660156 0.60009766
vt 0.6660156 0.60009766
vt 0.6660156 0.60009766
vt 0.6660156 0.60009766
vt 0.6660156 0.60009766
vt 0.6660156 0.60009766
vt 0.6660156 0.60009766
vt 0.69091797 0.59765625
vt 0.69091797 0.59765625
vt 0.69091797 0.59765625
vt 0.69091797 0.59765625
vt 0.69091797 0.59765625
vt 0.69091797 0.59765625
vt 0.69091797 0.59765625
vt 0.69091797 0.59765625
vt 0.69091797 0.59765625
vt 0.69091797 0.59765625
vt 0.69091797 0.59765625
vt 0.69091797 0.59765625
vt 0.69091797 0.59765625
vt 0.69091797 0.59765625
vt 0.69091797 0.59765625
vt 0.69091797 0.59765625
vt 0.69091797 0.59765625
vt 0.69091797 0.59765625
vt 0.69091797 0.59765625
vt 0.69091797 0.59765625
vt 0.69091797 0.59765625
vt 0.69091797 0.59765625
vt 0.69091797 0.59765625
vt 0.69091797 0.59765625
vt 0.69091797 0.59765625
vt 0.69091797 0.59765625
vt 0.69091797 0.59765625
vt 0.69091797 0.59765625
vt 0.69091797 0.59765625
vt 0.69091797 0.59765625
vt 0.69091797 0.59765625
vt 0.69091797 0.59765625
vt 0.69091797 0.59765625
vt 0.69091797 0.59765625
vt 0.69091797 0.59765625
vt 0.69091797 0.59765625
vt 0.69091797 0.59765625
vt 0.69091797 0.59765625
vt 0.69091797 0.59765625
vt 0.69091797 0.59765625
vt 0.69091797 0.59765625
vt 0.69091797 0.59765625
vt 0.6660156 0.60009766
vt 0.6660156 0.60009766
vt 0.6660156 0.60009766
vt 0.6660156 0.60009766
vt 0.6660156 0.60009766
vt 0.6660156 0.60009766
vt 0.6660156 0.60009766
vt 0.6660156 0.60009766
vt 0.6660156 0.60009766
vt 0.6660156 0.60009766
vt 0.6660156 0.60009766
vt 0.6660156 0.60009766
vt 0.6660156 0.60009766
vt 0.6660156 0.60009766
vt 0.6660156 0.60009766
vt 0.6660156 0.60009766
vt 0.6660156 0.60009766
vt 0.6660156 0.60009766
vt 0.6660156 0.60009766
vt 0.6660156 0.60009766
vt 0.6660156 0.60009766
vt 0.6660156 0.60009766
vt 0.6660156 0.60009766
vt 0.6660156 0.60009766
vt 0.6660156 0.60009766
vt 0.6660156 0.60009766
vt 0.6660156 0.60009766
vt 0.6660156 0.60009766
vt 0.6660156 0.60009766
vt 0.6660156 0.60009766
vt 0.6660156 0.60009766
vt 0.6660156 0.60009766
vt 0.69091797 0.59765625
vt 0.69091797 0.59765625
vt 0.69091797 0.59765625
vt 0.69091797 0.59765625
vt 0.69091797 0.59765625
vt 0.69091797 0.59765625
vt 0.69091797 0.59765625
vt 0.69091797 0.59765625
vt 0.69091797 0.59765625
vt 0.69091797 0.59765625
vt 0.69091797 0.59765625
vt 0.69091797 0.59765625
vt 0.69091797 0.59765625
vt 0.69091797 0.59765625
vt 0.69091797 0.59765625
vt 0.69091797 0.59765625
vt 0.69091797 0.59765625
vt 0.69091797 0.59765625
vt 0.69091797 0.59765625
vt 0.69091797 0.59765625
vt 0.69091797 0.59765625
vt 0.69091797 0.59765625
vt 0.69091797 0.59765625
vt 0.69091797 0.59765625
vt 0.69091797 0.59765625
vt 0.69091797 0.59765625
vt 0.69091797 0.59765625
vt 0.69091797 0.59765625
vt 0.69091797 0.59765625
vt 0.69091797 0.59765625
vt 0.69091797 0.59765625
vt 0.69091797 0.59765625
vt 0.69091797 0.59765625
vt 0.69091797 0.59765625
vt 0.69091797 0.59765625
vt 0.69091797 0.59765625
vt 0.69091797 0.59765625
vt 0.69091797 0.59765625
vt 0.69091797 0.59765625
vt 0.69091797 0.59765625
vt 0.69091797 0.59765625
vt 0.69091797 0.59765625
vt 0.6660156 0.60009766
vt 0.6660156 0.60009766
vt 0.6660156 0.60009766
vt 0.6660156 0.60009766
vt 0.6660156 0.60009766
vt 0.6660156 0.60009766
vt 0.6660156 0.60009766
vt 0.6660156 0.60009766
vt 0.6660156 0.60009766
vt 0.6660156 0.60009766
vt 0.6660156 0.60009766
vt 0.6660156 0.60009766
vt 0.6660156 0.60009766
vt 0.6660156 0.60009766
vt 0.6660156 0.60009766
vt 0.6660156 0.60009766
vt 0.6660156 0.60009766
vt 0.6660156 0.60009766
vt 0.6660156 0.60009766
vt 0.6660156 0.60009766
vt 0.6660156 0.60009766
vt 0.6660156 0.60009766
vt 0.6660156 0.60009766
vt 0.6660156 0.60009766
vt 0.6660156 0.60009766
vt 0.6660156 0.60009766
vt 0.6660156 0.60009766
vt 0.6660156 0.60009766
vt 0.6660156 0.60009766
vt 0.6660156 0.60009766
vt 0.6660156 0.60009766
vt 0.6660156 0.60009766
vt 0.69091797 0.59765625
vt 0.69091797 0.59765625
vt 0.69091797 0.59765625
vt 0.69091797 0.59765625
vt 0.69091797 0.59765625
vt 0.69091797 0.59765625
vt 0.69091797 0.59765625
vt 0.69091797 0.59765625
vt 0.69091797 0.59765625
vt 0.69091797 0.59765625
vt 0.69091797 0.59765625
vt 0.69091797 0.59765625
vt 0.69091797 0.59765625
vt 0.69091797 0.59765625
vt 0.69091797 0.59765625
vt 0.69091797 0.59765625
vt 0.69091797 0.59765625
vt 0.69091797 0.59765625
vt 0.69091797 0.59765625
vt 0.69091797 0.59765625
vt 0.69091797 0.59765625
vt 0.69091797 0.59765625
vt 0.69091797 0.59765625
vt 0.69091797 0.59765625
vt 0.69091797 0.59765625
vt 0.69091797 0.59765625
vt 0.69091797 0.59765625
vt 0.69091797 0.59765625
vt 0.69091797 0.59765625
vt 0.69091797 0.59765625
vt 0.69091797 0.59765625
vt 0.69091797 0.59765625
vt 0.69091797 0.59765625
vt 0.69091797 0.59765625
vt 0.69091797 0.59765625
vt 0.69091797 0.59765625
vt 0.69091797 0.59765625
vt 0.69091797 0.59765625
vt 0.6660156 0.60009766
vt 0.6660156 0.60009766
vt 0.6660156 0.60009766
vt 0.6660156 0.60009766
vt 0.6660156 0.60009766
vt 0.6660156 0.60009766
vt 0.6660156 0.60009766
vt 0.6660156 0.60009766
vt 0.6660156 0.60009766
vt 0.6660156 0.60009766
vt 0.6660156 0.60009766
vt 0.6660156 0.60009766
vt 0.6660156 0.60009766
vt 0.6660156 0.60009766
vt 0.6660156 0.60009766
vt 0.6660156 0.60009766
vt 0.6660156 0.60009766
vt 0.6660156 0.60009766
vt 0.6660156 0.60009766
vt 0.6660156 0.60009766
vt 0.6660156 0.60009766
vt 0.6660156 0.60009766
vt 0.6660156 0.60009766
vt 0.6660156 0.60009766
vt 0.6660156 0.60009766
vt 0.6660156 0.60009766
vt 0.6660156 0.60009766
vt 0.6660156 0.60009766
vt 0.6660156 0.60009766
vt 0.6660156 0.60009766
vt 0.6660156 0.60009766
vt 0.6660156 0.60009766
vt 0.69091797 0.59765625
vt 0.69091797 0.59765625
vt 0.69091797 0.59765625
vt 0.69091797 0.59765625
vt 0.46362305 0.21594238
vt 0.46362305 0.21594238
vt 0.46362305 0.21594238
vt 0.46362305 0.21594238
vt 0.46362305 0.21594238
vt 0.46362305 0.21594238
vt 0.46362305 0.21594238
vt 0.46362305 0.21594238
vt 0.46362305 0.21594238
vt 0.46362305 0.21594238
vt 0.46362305 0.21594238
vt 0.46362305 0.21594238
vt 0.46362305 0.21594238
vt 0.46362305 0.21594238
vt 0.46362305 0.21594238
vt 0.46362305 0.21594238
vt 0.46362305 0.21594238
vt 0.46362305 0.21594238
vt 0.46362305 0.21594238
vt 0.46362305 0.21594238
vt 0.46362305 0.21594238
vt 0.46362305 0.21594238
vt 0.46362305 0.21594238
vt 0.46362305 0.21594238
vt 0.46362305 0.21594238
vt 0.46362305 0.21594238
vt 0.46362305 0.21594238
vt 0.46362305 0.21594238
vt 0.46362305 0.21594238
vt 0.46362305 0.21594238
vt 0.46362305 0.21594238
vt 0.46362305 0.21594238
vt 0.46362305 0.21594238
vt 0.46362305 0.21594238
vt 0.46362305 0.21594238
vt 0.46362305 0.21594238
vt 0.46362305 0.21594238
vt 0.46362305 0.21594238
vt 0.46362305 0.21594238
vt 0.46362305 0.21594238
vt 0.46362305 0.21594238
vt 0.46362305 0.21594238
vt 0.46362305 0.21594238
vt 0.46362305 0.21594238
vt 0.46362305 0.21594238
vt 0.46362305 0.21594238
vt 0.46362305 0.21594238
vt 0.46362305 0.21594238
vt 0.46362305 0.21594238
vt 0.46362305 0.21594238
vt 0.46362305 0.21594238
vt 0.46362305 0.21594238
vt 0.46362305 0.21594238
vt 0.46362305 0.21594238
vt 0.46362305 0.21594238
vt 0.46362305 0.21594238
vt 0.46362305 0.21594238
vt 0.46362305 0.21594238
vt 0.46362305 0.21594238
vt 0.46362305 0.21594238
vt 0.46362305 0.21594238
vt 0.46362305 0.21594238
vt 0.46362305 0.21594238
vt 0.46362305 0.21594238
vt 0.46362305 0.21594238
vt 0.46362305 0.21594238
vt 0.46362305 0.21594238
vt 0.46362305 0.21594238
vt 0.46362305 0.21594238
vt 0.46362305 0.21594238
vt 0.46362305 0.21594238
vt 0.46362305 0.21594238
vt 0.46362305 0.21594238
vt 0.46362305 0.21594238
vt 0.46362305 0.21594238
vt 0.46362305 0.21594238
vt 0.46362305 0.21594238
vt 0.46362305 0.21594238
vt 0.46362305 0.21594238
vt 0.46362305 0.21594238
vt 0.46362305 0.21594238
vt 0.46362305 0.21594238
vt 0.46362305 0.21594238
vt 0.46362305 0.21594238
vt 0.46362305 0.21594238
vt 0.46362305 0.21594238
vt 0.46362305 0.21594238
vt 0.46362305 0.21594238
vt 0.46362305 0.21594238
vt 0.46362305 0.21594238
vt 0.46362305 0.21594238
vt 0.46362305 0.21594238
vt 0.46362305 0.21594238
vt 0.46362305 0.21594238
vt 0.46362305 0.21594238
vt 0.46362305 0.21594238
vt 0.46362305 0.21594238
vt 0.46362305 0.21594238
vt 0.46362305 0.21594238
vt 0.46362305 0.21594238
vt 0.46362305 0.21594238
vt 0.46362305 0.21594238
vt 0.46362305 0.21594238
vt 0.46362305 0.21594238
vt 0.46362305 0.21594238
vt 0.46362305 0.21594238
vt 0.46362305 0.21594238
vt 0.46362305 0.21594238
vt 0.46362305 0.21594238
vt 0.46362305 0.21594238
vt 0.46362305 0.21594238
vt 0.46362305 0.21594238
vt 0.46362305 0.21594238
vt 0.46362305 0.21594238
vt 0.46362305 0.21594238
vt 0.46362305 0.21594238
vt 0.46362305 0.21594238
vt 0.46362305 0.21594238
vt 0.46362305 0.21594238
vt 0.46362305 0.21594238
vt 0.46362305 0.21594238
vt 0.46362305 0.21594238
vt 0.46362305 0.21594238
vt 0.46362305 0.21594238
vt 0.46362305 0.21594238
vt 0.46362305 0.21594238
vt 0.46362305 0.21594238
vt 0.46362305 0.21594238
vt 0.46362305 0.21594238
vt 0.46362305 0.21594238
vt 0.46362305 0.21594238
vt 0.46362305 0.21594238
vt 0.46362305 0.21594238
vt 0.46362305 0.21594238
vt 0.46362305 0.21594238
vt 0.46362305 0.21594238
vt 0.46362305 0.21594238
vt 0.46362305 0.21594238
vt 0.46362305 0.21594238
vt 0.46362305 0.21594238
vt 0.46362305 0.21594238
vt 0.46362305 0.21594238
vt 0.46362305 0.21594238
vt 0.46362305 0.21594238
vt 0.46362305 0.21594238
vt 0.46362305 0.21594238
vt 0.46362305 0.21594238
vt 0.46362305 0.21594238
vt 0.46362305 0.21594238
vt 0.46362305 0.21594238
vt 0.46362305 0.21594238
vt 0.46362305 0.21594238
vt 0.46362305 0.21594238
vt 0.46362305 0.21594238
vt 0.46362305 0.21594238
vt 0.46362305 0.21594238
vt 0.46362305 0.21594238
vt 0.46362305 0.21594238
vt 0.46362305 0.21594238
vt 0.46362305 0.21594238
vt 0.46362305 0.21594238
vt 0.46362305 0.21594238
vt 0.46362305 0.21594238
vt 0.46362305 0.21594238
vt 0.46362305 0.21594238
vt 0.46362305 0.21594238
vt 0.46362305 0.21594238
vt 0.46362305 0.21594238
vt 0.46362305 0.21594238
vt 0.46362305 0.21594238
vt 0.46362305 0.21594238
vt 0.46362305 0.21594238
vt 0.46362305 0.21594238
vt 0.46362305 0.21594238
vt 0.46362305 0.21594238
vt 0.44311523 0.21594238
vt 0.44311523 0.21594238
vt 0.44311523 0.21594238
vt 0.44311523 0.21594238
vt 0.44311523 0.21594238
vt 0.44311523 0.21594238
vt 0.44311523 0.21594238
vt 0.44311523 0.21594238
vt 0.44311523 0.21594238
vt 0.44311523 0.21594238
vt 0.44311523 0.21594238
vt 0.44311523 0.21594238
vt 0.44311523 0.21594238
vt 0.44311523 0.21594238
vt 0.44311523 0.21594238
vt 0.44311523 0.21594238
vt 0.44311523 0.21594238
vt 0.44311523 0.21594238
vt 0.44311523 0.21594238
vt 0.67041016 0.59765625
vt 0.67041016 0.59765625
vt 0.67041016 0.59765625
vt 0.67041016 0.59765625
vt 0.67041016 0.59765625
vt 0.67041016 0.59765625
vt 0.67041016 0.59765625
vt 0.67041016 0.59765625
vt 0.67041016 0.59765625
vt 0.67041016 0.59765625
vt 0.67041016 0.59765625
vt 0.67041016 0.59765625
vt 0.44311523 0.21594238
vt 0.44311523 0.21594238
vt 0.44311523 0.21594238
vt 0.44311523 0.21594238
vt 0.44311523 0.21594238
vt 0.44311523 0.21594238
vt 0.44311523 0.21594238
vt 0.44311523 0.21594238
vt 0.44311523 0.21594238
vt 0.69091797 0.59765625
vt 0.69091797 0.59765625
vt 0.69091797 0.59765625
vt 0.69091797 0.59765625
vt 0.69091797 0.59765625
vt 0.69091797 0.59765625
vt 0.67041016 0.59765625
vt 0.67041016 0.59765625
vt 0.67041016 0.59765625
vt 0.67041016 0.59765625
vt 0.67041016 0.59765625
vt 0.67041016 0.59765625
vt 0.67041016 0.59765625
vt 0.67041016 0.59765625
vt 0.67041016 0.59765625
vt 0.67041016 0.59765625
vt 0.67041016 0.59765625
vt 0.67041016 0.59765625
vt 0.67041016 0.59765625
vt 0.67041016 0.59765625
vt 0.67041016 0.59765625
vt 0.67041016 0.59765625
vt 0.67041016 0.59765625
vt 0.69091797 0.59765625
vt 0.69091797 0.59765625
vt 0.69091797 0.59765625
vt 0.69091797 0.59765625
vt 0.69091797 0.59765625
vt 0.69091797 0.59765625
vt 0.69091797 0.59765625
vt 0.69091797 0.59765625
vt 0.69091797 0.59765625
vt 0.69091797 0.59765625
vt 0.69091797 0.59765625
vt 0.69091797 0.59765625
vt 0.46362305 0.21594238
vt 0.46362305 0.21594238
vt 0.46362305 0.21594238
vt 0.46362305 0.21594238
vt 0.67041016 0.59765625
vt 0.67041016 0.59765625
vt 0.67041016 0.59765625
vt 0.67041016 0.59765625
vt 0.67041016 0.59765625
vt 0.67041016 0.59765625
vt 0.44311523 0.21594238
vt 0.44311523 0.21594238
vt 0.44311523 0.21594238
vt 0.44311523 0.21594238
vt 0.69091797 0.59765625
vt 0.69091797 0.59765625
vt 0.69091797 0.59765625
vt 0.69091797 0.59765625
vt 0.69091797 0.59765625
vt 0.69091797 0.59765625
vt 0.69091797 0.59765625
vt 0.69091797 0.59765625
vt 0.69091797 0.59765625
vt 0.69091797 0.59765625
vt 0.69091797 0.59765625
vt 0.69091797 0.59765625
vt 0.69091797 0.59765625
vt 0.69091797 0.59765625
vt 0.69091797 0.59765625
vt 0.69091797 0.59765625
vt 0.69091797 0.59765625
vt 0.46362305 0.21594238
vt 0.46362305 0.21594238
vt 0.46362305 0.21594238
vt 0.46362305 0.21594238
vt 0.46362305 0.21594238
vt 0.46362305 0.21594238
vt 0.46362305 0.21594238
vt 0.46362305 0.21594238
vt 0.46362305 0.21594238
vt 0.46362305 0.21594238
vt 0.46362305 0.21594238
vt 0.46362305 0.21594238
vt 0.46362305 0.21594238
vt 0.46362305 0.21594238
vt 0.46362305 0.21594238
vt 0.46362305 0.21594238
vt 0.46362305 0.21594238
vt 0.46362305 0.21594238
vt 0.46362305 0.21594238
vt 0.46362305 0.21594238
vt 0.46362305 0.21594238
vt 0.67041016 0.59765625
vt 0.67041016 0.59765625
vt 0.67041016 0.59765625
vt 0.67041016 0.59765625
vt 0.67041016 0.59765625
vt 0.67041016 0.59765625
vt 0.67041016 0.59765625
vt 0.67041016 0.59765625
vt 0.67041016 0.59765625
vt 0.67041016 0.59765625
vt 0.67041016 0.59765625
vt 0.67041016 0.59765625
vt 0.67041016 0.59765625
vt 0.67041016 0.59765625
vt 0.67041016 0.59765625
vt 0.44311523 0.21594238
vt 0.44311523 0.21594238
vt 0.44311523 0.21594238
vt 0.44311523 0.21594238
vt 0.44311523 0.21594238
vt 0.44311523 0.21594238
vt 0.44311523 0.21594238
vt 0.44311523 0.21594238
vt 0.44311523 0.21594238
vt 0.46362305 0.21594238
vt 0.46362305 0.21594238
vt 0.46362305 0.21594238
vt 0.46362305 0.21594238
vt 0.46362305 0.21594238
vt 0.46362305 0.21594238
vt 0.46362305 0.21594238
vt 0.46362305 0.21594238
vt 0.46362305 0.21594238
vt 0.46362305 0.21594238
vt 0.44311523 0.21594238
vt 0.44311523 0.21594238
vt 0.44311523 0.21594238
vt 0.44311523 0.21594238
vt 0.44311523 0.21594238
vt 0.44311523 0.21594238
vt 0.44311523 0.21594238
vt 0.44311523 0.21594238
vt 0.67041016 0.59765625
vt 0.67041016 0.59765625
vt 0.67041016 0.59765625
vt 0.67041016 0.59765625
vt 0.44311523 0.21594238
vt 0.44311523 0.21594238
vt 0.44311523 0.21594238
vt 0.44311523 0.21594238
vt 0.69091797 0.59765625
vt 0.69091797 0.59765625
vt 0.69091797 0.59765625
vt 0.69091797 0.59765625
vt 0.67041016 0.59765625
vt 0.67041016 0.59765625
vt 0.67041016 0.59765625
vt 0.67041016 0.59765625
vt 0.67041016 0.59765625
vt 0.67041016 0.59765625
vt 0.44311523 0.21594238
vt 0.44311523 0.21594238
vt 0.44311523 0.21594238
vt 0.44311523 0.21594238
vt 0.69091797 0.59765625
vt 0.69091797 0.59765625
vt 0.69091797 0.59765625
vt 0.69091797 0.59765625
vt 0.69091797 0.59765625
vt 0.69091797 0.59765625
vt 0.69091797 0.59765625
vt 0.69091797 0.59765625
vt 0.69091797 0.59765625
vt 0.69091797 0.59765625
vt 0.69091797 0.59765625
vt 0.69091797 0.59765625
vt 0.69091797 0.59765625
vt 0.69091797 0.59765625
vt 0.69091797 0.59765625
vt 0.69091797 0.59765625
vt 0.69091797 0.59765625
vt 0.69091797 0.59765625
vt 0.46362305 0.21594238
vt 0.46362305 0.21594238
vt 0.46362305 0.21594238
vt 0.46362305 0.21594238
vt 0.46362305 0.21594238
vt 0.46362305 0.21594238
vt 0.46362305 0.21594238
vt 0.46362305 0.21594238
vt 0.46362305 0.21594238
vt 0.46362305 0.21594238
vt 0.46362305 0.21594238
vt 0.46362305 0.21594238
vt 0.46362305 0.21594238
vt 0.46362305 0.21594238
vt 0.46362305 0.21594238
vt 0.46362305 0.21594238
vt 0.46362305 0.21594238
vt 0.69091797 0.59765625
vt 0.69091797 0.59765625
vt 0.69091797 0.59765625
vt 0.69091797 0.59765625
vt 0.69091797 0.59765625
vt 0.69091797 0.59765625
vt 0.69091797 0.59765625
vt 0.69091797 0.59765625
vt 0.69091797 0.59765625
vt 0.69091797 0.59765625
vt 0.46362305 0.21594238
vt 0.46362305 0.21594238
vt 0.46362305 0.21594238
vt 0.46362305 0.21594238
vt 0.46362305 0.21594238
vt 0.46362305 0.21594238
vt 0.46362305 0.21594238
vt 0.46362305 0.21594238
vt 0.69091797 0.59765625
vt 0.69091797 0.59765625
vt 0.69091797 0.59765625
vt 0.69091797 0.59765625
vt 0.69091797 0.59765625
vt 0.69091797 0.59765625
vt 0.69091797 0.59765625
vt 0.69091797 0.59765625
vt 0.69091797 0.59765625
vt 0.69091797 0.59765625
vt 0.69091797 0.59765625
vt 0.69091797 0.59765625
vt 0.67041016 0.59765625
vt 0.67041016 0.59765625
vt 0.67041016 0.59765625
vt 0.67041016 0.59765625
vt 0.67041016 0.59765625
vt 0.67041016 0.59765625
vt 0.44311523 0.21594238
vt 0.44311523 0.21594238
vt 0.44311523 0.21594238
vt 0.44311523 0.21594238
vt 0.67041016 0.59765625
vt 0.67041016 0.59765625
vt 0.67041016 0.59765625
vt 0.67041016 0.59765625
vt 0.67041016 0.59765625
vt 0.67041016 0.59765625
vt 0.67041016 0.59765625
vt 0.67041016 0.59765625
vt 0.67041016 0.59765625
vt 0.67041016 0.59765625
vt 0.67041016 0.59765625
vt 0.67041016 0.59765625
vt 0.67041016 0.59765625
vt 0.67041016 0.59765625
vt 0.67041016 0.59765625
vt 0.67041016 0.59765625
vt 0.67041016 0.59765625
vt 0.44311523 0.21594238
vt 0.44311523 0.21594238
vt 0.44311523 0.21594238
vt 0.44311523 0.21594238
vt 0.44311523 0.21594238
vt 0.44311523 0.21594238
vt 0.44311523 0.21594238
vt 0.44311523 0.21594238
vt 0.44311523 0.21594238
vt 0.44311523 0.21594238
vt 0.69091797 0.59765625
vt 0.69091797 0.59765625
vt 0.69091797 0.59765625
vt 0.69091797 0.59765625
vt 0.69091797 0.59765625
vt 0.69091797 0.59765625
vt 0.69091797 0.59765625
vt 0.69091797 0.59765625
vt 0.46362305 0.21594238
vt 0.46362305 0.21594238
vt 0.46362305 0.21594238
vt 0.46362305 0.21594238
vt 0.46362305 0.21594238
vt 0.46362305 0.21594238
vt 0.46362305 0.21594238
vt 0.46362305 0.21594238
vt 0.46362305 0.21594238
vt 0.46362305 0.21594238
vt 0.44311523 0.21594238
vt 0.44311523 0.21594238
vt 0.44311523 0.21594238
vt 0.44311523 0.21594238
vt 0.44311523 0.21594238
vt 0.44311523 0.21594238
vt 0.44311523 0.21594238
vt 0.44311523 0.21594238
vt 0.44311523 0.21594238
vt 0.69091797 0.59765625
vt 0.69091797 0.59765625
vt 0.69091797 0.59765625
vt 0.69091797 0.59765625
vt 0.69091797 0.59765625
vt 0.69091797 0.59765625
vt 0.69091797 0.59765625
vt 0.69091797 0.59765625
vt 0.69091797 0.59765625
vt 0.69091797 0.59765625
vt 0.67041016 0.59765625
vt 0.67041016 0.59765625
vt 0.67041016 0.59765625
vt 0.67041016 0.59765625
vt 0.67041016 0.59765625
vt 0.67041016 0.59765625
vt 0.67041016 0.59765625
vt 0.67041016 0.59765625
vt 0.44311523 0.21594238
vt 0.44311523 0.21594238
vt 0.44311523 0.21594238
vt 0.44311523 0.21594238
vt 0.44311523 0.21594238
vt 0.44311523 0.21594238
vt 0.69091797 0.59765625
vt 0.69091797 0.59765625
vt 0.69091797 0.59765625
vt 0.69091797 0.59765625
vt 0.69091797 0.59765625
vt 0.69091797 0.59765625
vt 0.69091797 0.59765625
vt 0.69091797 0.59765625
vt 0.67041016 0.59765625
vt 0.67041016 0.59765625
vt 0.67041016 0.59765625
vt 0.67041016 0.59765625
vt 0.67041016 0.59765625
vt 0.67041016 0.59765625
vt 0.67041016 0.59765625
vt 0.67041016 0.59765625
vt 0.67041016 0.59765625
vt 0.67041016 0.59765625
vt 0.67041016 0.59765625
vt 0.67041016 0.59765625
vt 0.44311523 0.21594238
vt 0.44311523 0.21594238
vt 0.44311523 0.21594238
vt 0.44311523 0.21594238
vt 0.44311523 0.21594238
vt 0.44311523 0.21594238
vt 0.44311523 0.21594238
vt 0.44311523 0.21594238
vt 0.44311523 0.21594238
vt 0.67041016 0.59765625
vt 0.67041016 0.59765625
vt 0.67041016 0.59765625
vt 0.67041016 0.59765625
vt 0.44311523 0.21594238
vt 0.44311523 0.21594238
vt 0.44311523 0.21594238
vt 0.44311523 0.21594238
vt 0.46362305 0.21594238
vt 0.46362305 0.21594238
vt 0.46362305 0.21594238
vt 0.46362305 0.21594238
vt 0.46362305 0.21594238
vt 0.46362305 0.21594238
vt 0.46362305 0.21594238
vt 0.46362305 0.21594238
vt 0.46362305 0.21594238
vt 0.46362305 0.21594238
vt 0.44311523 0.21594238
vt 0.44311523 0.21594238
vt 0.44311523 0.21594238
vt 0.44311523 0.21594238
vt 0.44311523 0.21594238
vt 0.44311523 0.21594238
vt 0.44311523 0.21594238
vt 0.46362305 0.21594238
vt 0.46362305 0.21594238
vt 0.46362305 0.21594238
vt 0.46362305 0.21594238
vt 0.46362305 0.21594238
vt 0.46362305 0.21594238
vt 0.46362305 0.21594238
vt 0.46362305 0.21594238
vt 0.46362305 0.21594238
vt 0.46362305 0.21594238
vt 0.67041016 0.59765625
vt 0.67041016 0.59765625
vt 0.67041016 0.59765625
vt 0.67041016 0.59765625
vt 0.67041016 0.59765625
vt 0.67041016 0.59765625
vt 0.67041016 0.59765625
vt 0.67041016 0.59765625
vt 0.67041016 0.59765625
vt 0.67041016 0.59765625
vt 0.67041016 0.59765625
vt 0.67041016 0.59765625
vt 0.44311523 0.21594238
vt 0.44311523 0.21594238
vt 0.44311523 0.21594238
vt 0.44311523 0.21594238
vt 0.44311523 0.21594238
vt 0.44311523 0.21594238
vt 0.44311523 0.21594238
vt 0.44311523 0.21594238
vt 0.44311523 0.21594238
vt 0.44311523 0.21594238
vt 0.44311523 0.21594238
vt 0.44311523 0.21594238
vt 0.44311523 0.21594238
vt 0.44311523 0.21594238
vt 0.44311523 0.21594238
vt 0.44311523 0.21594238
vt 0.44311523 0.21594238
vt 0.44311523 0.21594238
vt 0.44311523 0.21594238
vt 0.44311523 0.21594238
vt 0.44311523 0.21594238
vt 0.44311523 0.21594238
vt 0.44311523 0.21594238
vt 0.44311523 0.21594238
vt 0.67041016 0.59765625
vt 0.67041016 0.59765625
vt 0.67041016 0.59765625
vt 0.67041016 0.59765625
vt 0.67041016 0.59765625
vt 0.67041016 0.59765625
vt 0.67041016 0.59765625
vt 0.67041016 0.59765625
vt 0.67041016 0.59765625
vt 0.67041016 0.59765625
vt 0.69091797 0.59765625
vt 0.69091797 0.59765625
vt 0.69091797 0.59765625
vt 0.69091797 0.59765625
vt 0.67041016 0.59765625
vt 0.67041016 0.59765625
vt 0.67041016 0.59765625
vt 0.67041016 0.59765625
vt 0.67041016 0.59765625
vt 0.67041016 0.59765625
vt 0.67041016 0.59765625
vt 0.67041016 0.59765625
vt 0.67041016 0.59765625
vt 0.67041016 0.59765625
vt 0.44311523 0.21594238
vt 0.44311523 0.21594238
vt 0.44311523 0.21594238
vt 0.44311523 0.21594238
vt 0.44311523 0.21594238
vt 0.44311523 0.21594238
vt 0.44311523 0.21594238
vt 0.44311523 0.21594238
vt 0.69091797 0.59765625
vt 0.69091797 0.59765625
vt 0.69091797 0.59765625
vt 0.69091797 0.59765625
vt 0.69091797 0.59765625
vt 0.69091797 0.59765625
vt 0.46362305 0.21594238
vt 0.46362305 0.21594238
vt 0.46362305 0.21594238
vt 0.46362305 0.21594238
vt 0.46362305 0.21594238
vt 0.46362305 0.21594238
vt 0.46362305 0.21594238
vt 0.46362305 0.21594238
vt 0.46362305 0.21594238
vt 0.46362305 0.21594238
vt 0.44311523 0.21594238
vt 0.44311523 0.21594238
vt 0.44311523 0.21594238
vt 0.44311523 0.21594238
vt 0.44311523 0.21594238
vt 0.44311523 0.21594238
vt 0.44311523 0.21594238
vt 0.71240234 0.53027344
vt 0.71240234 0.53027344
vt 0.71240234 0.53027344
vt 0.71240234 0.53027344
vt 0.71240234 0.53027344
vt 0.71240234 0.53027344
vt 0.71240234 0.53027344
vt 0.71240234 0.53027344
vt 0.71240234 0.53027344
vt 0.71240234 0.53027344
vt 0.71240234 0.53027344
vt 0.71240234 0.53027344
vt 0.71240234 0.53027344
vt 0.71240234 0.53027344
vt 0.71240234 0.53027344
vt 0.71240234 0.53027344
vt 0.71240234 0.53027344
vt 0.71240234 0.53027344
vt 0.71240234 0.53027344
vt 0.71240234 0.53027344
vt 0.71240234 0.53027344
vt 0.71240234 0.53027344
vt 0.71240234 0.53027344
vt 0.71240234 0.53027344
vt 0.71240234 0.53027344
vt 0.71240234 0.53027344
vt 0.71240234 0.53027344
vt 0.71240234 0.53027344
vt 0.71240234 0.53027344
vt 0.71240234 0.53027344
vt 0.71240234 0.53027344
vt 0.71240234 0.53027344
vt 0.71240234 0.53027344
vt 0.71240234 0.53027344
vt 0.71240234 0.53027344
vt 0.71240234 0.53027344
vt 0.71240234 0.53027344
vt 0.71240234 0.53027344
vt 0.71240234 0.53027344
vt 0.71240234 0.53027344
vt 0.71240234 0.53027344
vt 0.71240234 0.53027344
vt 0.71240234 0.53027344
vt 0.71240234 0.53027344
vt 0.71240234 0.53027344
vt 0.71240234 0.53027344
vt 0.71240234 0.53027344
vt 0.71240234 0.53027344
vt 0.71240234 0.53027344
vt 0.71240234 0.53027344
vt 0.71240234 0.53027344
vt 0.71240234 0.53027344
vt 0.71240234 0.53027344
vt 0.71240234 0.53027344
vt 0.71240234 0.53027344
vt 0.71240234 0.53027344
vt 0.71240234 0.53027344
vt 0.71240234 0.53027344
vt 0.71240234 0.53027344
vt 0.71240234 0.53027344
vt 0.71240234 0.53027344
vt 0.71240234 0.53027344
vt 0.71240234 0.53027344
vt 0.71240234 0.53027344
vt 0.4272461 0.52978516
vt 0.4272461 0.52978516
vt 0.4272461 0.52978516
vt 0.4272461 0.52978516
vt 0.4272461 0.52978516
vt 0.4272461 0.52978516
vt 0.4272461 0.52978516
vt 0.4272461 0.52978516
vt 0.4272461 0.52978516
vt 0.4272461 0.52978516
vt 0.4272461 0.52978516
vt 0.4272461 0.52978516
vt 0.4272461 0.52978516
vt 0.4272461 0.52978516
vt 0.4272461 0.52978516
vt 0.4272461 0.52978516
vt 0.44311523 0.21594238
vt 0.44311523 0.21594238
vt 0.44311523 0.21594238
vt 0.44311523 0.21594238
vt 0.44311523 0.21594238
vt 0.44311523 0.21594238
vt 0.44311523 0.21594238
vt 0.44311523 0.21594238
vt 0.44311523 0.21594238
vt 0.44311523 0.21594238
vt 0.44311523 0.21594238
vt 0.44311523 0.21594238
vt 0.44311523 0.21594238
vt 0.44311523 0.21594238
vt 0.4272461 0.52978516
vt 0.4272461 0.52978516
vt 0.4272461 0.52978516
vt 0.4272461 0.52978516
vt 0.44311523 0.21594238
vt 0.44311523 0.21594238
vt 0.44311523 0.21594238
vt 0.44311523 0.21594238
vt 0.4272461 0.52978516
vt 0.4272461 0.52978516
vt 0.4272461 0.52978516
vt 0.4272461 0.52978516
vt 0.44311523 0.21594238
vt 0.44311523 0.21594238
vt 0.44311523 0.21594238
vt 0.44311523 0.21594238
vt 0.44311523 0.21594238
vt 0.44311523 0.21594238
vt 0.44311523 0.21594238
vt 0.44311523 0.21594238
vt 0.44311523 0.21594238
vt 0.44311523 0.21594238
vt 0.44311523 0.21594238
vt 0.44311523 0.21594238
vt 0.44311523 0.21594238
vt 0.44311523 0.21594238
vt 0.4272461 0.52978516
vt 0.4272461 0.52978516
vt 0.4272461 0.52978516
vt 0.4272461 0.52978516
vt 0.44311523 0.21594238
vt 0.44311523 0.21594238
vt 0.44311523 0.21594238
vt 0.44311523 0.21594238
vt 0.44311523 0.21594238
vt 0.44311523 0.21594238
vt 0.4272461 0.52978516
vt 0.4272461 0.52978516
vt 0.4272461 0.52978516
vt 0.4272461 0.52978516
vt 0.44311523 0.21594238
vt 0.44311523 0.21594238
vt 0.44311523 0.21594238
vt 0.44311523 0.21594238
vt 0.44311523 0.21594238
vt 0.44311523 0.21594238
vt 0.44311523 0.21594238
vt 0.44311523 0.21594238
vt 0.44311523 0.21594238
vt 0.44311523 0.21594238
vt 0.44311523 0.21594238
vt 0.44311523 0.21594238
vt 0.44311523 0.21594238
vt 0.44311523 0.21594238
vt 0.44311523 0.21594238
vt 0.44311523 0.21594238
vt 0.44311523 0.21594238
vt 0.44311523 0.21594238
vt 0.6772461 0.5888672
vt 0.6772461 0.5888672
vt 0.6772461 0.5888672
vt 0.6772461 0.5888672
vt 0.6772461 0.5888672
vt 0.6772461 0.5888672
vt 0.6772461 0.5888672
vt 0.6772461 0.5888672
vt 0.6772461 0.5888672
vt 0.6772461 0.5888672
vt 0.6772461 0.5888672
vt 0.6772461 0.5888672
vt 0.6772461 0.5888672
vt 0.6772461 0.5888672
vt 0.6772461 0.5888672
vt 0.6772461 0.5888672
vt 0.6772461 0.5888672
vt 0.6772461 0.5888672
vt 0.6772461 0.5888672
vt 0.6772461 0.5888672
vt 0.6772461 0.5888672
vt 0.6772461 0.5888672
vt 0.6772461 0.5888672
vt 0.6772461 0.5888672
vt 0.6772461 0.5888672
vt 0.6772461 0.5888672
vt 0.6772461 0.5888672
vt 0.6772461 0.5888672
vt 0.6772461 0.5888672
vt 0.6772461 0.5888672
vt 0.6772461 0.5888672
vt 0.6772461 0.5888672
vt 0.6772461 0.5888672
vt 0.6772461 0.5888672
vt 0.6772461 0.5888672
vt 0.6772461 0.5888672
vt 0.6772461 0.5888672
vt 0.6772461 0.5888672
vt 0.6772461 0.5888672
vt 0.6772461 0.5888672
vt 0.6772461 0.5888672
vt 0.6772461 0.5888672
vt 0.9458008 0.47143555
vt 0.9458008 0.47143555
vt 0.9458008 0.47143555
vt 0.9458008 0.47143555
vt 0.9458008 0.47143555
vt 0.9458008 0.47143555
vt 0.9458008 0.47143555
vt 0.9458008 0.47143555
vt 0.9458008 0.47143555
vt 0.9458008 0.47143555
vt 0.9458008 0.47143555
vt 0.9458008 0.47143555
vt 0.9458008 0.47143555
vt 0.9458008 0.47143555
vt 0.9458008 0.47143555
vt 0.9458008 0.47143555
vt 0.9458008 0.47143555
vt 0.6772461 0.5888672
vt 0.6772461 0.5888672
vt 0.6772461 0.5888672
vt 0.6772461 0.5888672
vt 0.6772461 0.5888672
vt 0.6772461 0.5888672
vt 0.6772461 0.5888672
vt 0.6772461 0.5888672
vt 0.6772461 0.5888672
vt 0.6772461 0.5888672
vt 0.6772461 0.5888672
vt 0.6772461 0.5888672
vt 0.6772461 0.5888672
vt 0.6772461 0.5888672
vt 0.6772461 0.5888672
vt 0.6772461 0.5888672
vt 0.6772461 0.5888672
vt 0.6772461 0.5888672
vt 0.6772461 0.5888672
vt 0.6772461 0.5888672
vt 0.6772461 0.5888672
vt 0.6772461 0.5888672
vt 0.6772461 0.5888672
vt 0.6772461 0.5888672
vt 0.6772461 0.5888672
vt 0.6772461 0.5888672
vt 0.6772461 0.5888672
vt 0.6772461 0.5888672
vt 0.6772461 0.5888672
vt 0.6772461 0.5888672
vt 0.6772461 0.5888672
vt 0.6772461 0.5888672
vt 0.53808594 0.2043457
vt 0.53808594 0.2043457
vt 0.53808594 0.2043457
vt 0.53808594 0.2043457
vt 0.53808594 0.2043457
vt 0.53808594 0.2043457
vt 0.53808594 0.2043457
vt 0.53808594 0.2043457
vt 0.53808594 0.2043457
vt 0.53808594 0.2043457
vt 0.53808594 0.2043457
vt 0.53808594 0.2043457
vt 0.53808594 0.2043457
vt 0.53808594 0.2043457
vt 0.53808594 0.2043457
vt 0.53808594 0.2043457
vt 0.53808594 0.2043457
vt 0.53808594 0.2043457
vt 0.53808594 0.2043457
vt 0.53808594 0.2043457
vt 0.53808594 0.2043457
vt 0.53808594 0.2043457
vt 0.53808594 0.2043457
vt 0.53808594 0.2043457
vt 0.53808594 0.2043457
vt 0.53808594 0.2043457
vt 0.53808594 0.2043457
vt 0.53808594 0.2043457
vt 0.53808594 0.2043457
vt 0.53808594 0.2043457
vt 0.53808594 0.2043457
vt 0.53808594 0.2043457
vt 0.53808594 0.2043457
vt 0.53808594 0.2043457
vt 0.53808594 0.2043457
vt 0.53808594 0.2043457
vt 0.53808594 0.2043457
vt 0.53808594 0.2043457
vt 0.53808594 0.2043457
vt 0.53808594 0.2043457
vt 0.53808594 0.2043457
vt 0.53808594 0.2043457
vt 0.53808594 0.2043457
vt 0.53808594 0.2043457
vt 0.53808594 0.2043457
vt 0.53808594 0.2043457
vt 0.53808594 0.2043457
vt 0.53808594 0.2043457
vt 0.53808594 0.2043457
vt 0.53808594 0.2043457
vt 0.53808594 0.2043457
vt 0.53808594 0.2043457
vt 0.53808594 0.2043457
vt 0.53808594 0.2043457
vt 0.53808594 0.2043457
vt 0.53808594 0.2043457
vt 0.53808594 0.2043457
vt 0.53808594 0.2043457
vt 0.53808594 0.2043457
vt 0.53808594 0.2043457
vt 0.53808594 0.2043457
vt 0.53808594 0.2043457
vt 0.53808594 0.2043457
vt 0.53808594 0.2043457
vt 0.53808594 0.2043457
vt 0.53808594 0.2043457
vt 0.53808594 0.2043457
vt 0.53808594 0.2043457
vt 0.53808594 0.2043457
vt 0.53808594 0.2043457
vt 0.53808594 0.2043457
vt 0.53808594 0.2043457
vt 0.53808594 0.2043457
vt 0.53808594 0.2043457
vt 0.53808594 0.2043457
vt 0.53808594 0.2043457
vt 0.53808594 0.2043457
vt 0.53808594 0.2043457
vt 0.53808594 0.2043457
vt 0.53808594 0.2043457
vt 0.44311523 0.21594238
vt 0.44311523 0.21594238
vt 0.44311523 0.21594238
vt 0.44311523 0.21594238
vt 0.44311523 0.21594238
vt 0.44311523 0.21594238
vt 0.44311523 0.21594238
vt 0.44311523 0.21594238
vt 0.44311523 0.21594238
vt 0.44311523 0.21594238
vt 0.4272461 0.52978516
vt 0.4272461 0.52978516
vt 0.4272461 0.52978516
vt 0.4272461 0.52978516
vt 0.4272461 0.52978516
vt 0.4272461 0.52978516
vt 0.4272461 0.52978516
vt 0.4272461 0.52978516
vt 0.4272461 0.52978516
vt 0.4272461 0.52978516
vt 0.4272461 0.52978516
vt 0.4272461 0.52978516
vt 0.4272461 0.52978516
vt 0.4272461 0.52978516
vt 0.4272461 0.52978516
vt 0.4272461 0.52978516
vt 0.4272461 0.52978516
vt 0.4272461 0.52978516
vt 0.4272461 0.52978516
vt 0.4272461 0.52978516
vt 0.5566406 0.21130371
vt 0.5566406 0.21130371
vt 0.5566406 0.21130371
vt 0.5566406 0.21130371
vt 0.5566406 0.21130371
vt 0.5566406 0.21130371
vt 0.5566406 0.21130371
vt 0.5566406 0.21130371
vt 0.5566406 0.21130371
vt 0.5566406 0.21130371
vt 0.5566406 0.21130371
vt 0.5566406 0.21130371
vt 0.5566406 0.21130371
vt 0.5566406 0.21130371
vt 0.5566406 0.21130371
vt 0.5566406 0.21130371
vt 0.5566406 0.21130371
vt 0.5566406 0.21130371
vt 0.5566406 0.21130371
vt 0.5566406 0.21130371
vt 0.5566406 0.21130371
vt 0.5566406 0.21130371
vt 0.5566406 0.21130371
vt 0.5566406 0.21130371
vt 0.5566406 0.21130371
vt 0.5566406 0.21130371
vt 0.5566406 0.21130371
vt 0.5566406 0.21130371
vt 0.5566406 0.21130371
vt 0.5566406 0.21130371
vt 0.5566406 0.21130371
vt 0.5566406 0.21130371
vt 0.4272461 0.52978516
vt 0.4272461 0.52978516
vt 0.4272461 0.52978516
vt 0.4272461 0.52978516
vt 0.4272461 0.52978516
vt 0.4272461 0.52978516
vt 0.4272461 0.52978516
vt 0.4272461 0.52978516
vt 0.4272461 0.52978516
vt 0.4272461 0.52978516
vt 0.4272461 0.52978516
vt 0.4272461 0.52978516
vt 0.4272461 0.52978516
vt 0.4272461 0.52978516
vt 0.4272461 0.52978516
vt 0.4272461 0.52978516
vt 0.4272461 0.52978516
vt 0.4272461 0.52978516
vt 0.4272461 0.52978516
vt 0.4272461 0.52978516
vt 0.4272461 0.52978516
vt 0.4272461 0.52978516
vt 0.4272461 0.52978516
vt 0.4272461 0.52978516
vt 0.4272461 0.52978516
vt 0.5566406 0.21130371
vt 0.5566406 0.21130371
vt 0.5566406 0.21130371
vt 0.5566406 0.21130371
vt 0.5566406 0.21130371
vt 0.5566406 0.21130371
vt 0.5566406 0.21130371
vt 0.5566406 0.21130371
vt 0.5566406 0.21130371
vt 0.5566406 0.21130371
vt 0.5566406 0.21130371
vt 0.5566406 0.21130371
vt 0.5566406 0.21130371
vt 0.5566406 0.21130371
vt 0.5566406 0.21130371
vt 0.5566406 0.21130371
vt 0.5566406 0.21130371
vt 0.5566406 0.21130371
vt 0.5566406 0.21130371
vt 0.5566406 0.21130371
vt 0.5566406 0.21130371
vt 0.5566406 0.21130371
vt 0.5566406 0.21130371
vt 0.5566406 0.21130371
vt 0.5566406 0.21130371
vt 0.5566406 0.21130371
vt 0.5566406 0.21130371
vt 0.5566406 0.21130371
vt 0.5566406 0.21130371
vt 0.5566406 0.21130371
vt 0.5566406 0.21130371
vt 0.5566406 0.21130371
vt 0.5566406 0.21130371
vt 0.5566406 0.21130371
vt 0.5566406 0.21130371
vt 0.5566406 0.21130371
vt 0.5566406 0.21130371
vt 0.5566406 0.21130371
vt 0.5566406 0.21130371
vt 0.5566406 0.21130371
vt 0.4272461 0.52978516
vt 0.4272461 0.52978516
vt 0.4272461 0.52978516
vt 0.4272461 0.52978516
vt 0.4272461 0.52978516
vt 0.4272461 0.52978516
vt 0.4272461 0.52978516
vt 0.4272461 0.52978516
vt 0.4272461 0.52978516
vt 0.4272461 0.52978516
vt 0.4272461 0.52978516
vt 0.4272461 0.52978516
vt 0.4272461 0.52978516
vt 0.4272461 0.52978516
vt 0.4272461 0.52978516
vt 0.4272461 0.52978516
vt 0.4272461 0.52978516
vt 0.4272461 0.52978516
vt 0.4272461 0.52978516
vt 0.4272461 0.52978516
vt 0.5566406 0.21130371
vt 0.5566406 0.21130371
vt 0.5566406 0.21130371
vt 0.5566406 0.21130371
vt 0.5566406 0.21130371
vt 0.5566406 0.21130371
vt 0.5566406 0.21130371
vt 0.5566406 0.21130371
vt 0.5566406 0.21130371
vt 0.5566406 0.21130371
vt 0.5566406 0.21130371
vt 0.5566406 0.21130371
vt 0.5566406 0.21130371
vt 0.5566406 0.21130371
vt 0.5566406 0.21130371
vt 0.5566406 0.21130371
vt 0.5566406 0.21130371
vt 0.5566406 0.21130371
vt 0.5566406 0.21130371
vt 0.5566406 0.21130371
vt 0.5566406 0.21130371
vt 0.5566406 0.21130371
vt 0.5566406 0.21130371
vt 0.5566406 0.21130371
vt 0.5566406 0.21130371
vt 0.5566406 0.21130371
vt 0.5566406 0.21130371
vt 0.5566406 0.21130371
vt 0.5566406 0.21130371
vt 0.5566406 0.21130371
vt 0.5566406 0.21130371
vt 0.5566406 0.21130371
vt 0.4272461 0.52978516
vt 0.4272461 0.52978516
vt 0.4272461 0.52978516
vt 0.4272461 0.52978516
vt 0.4272461 0.52978516
vt 0.4272461 0.52978516
vt 0.4272461 0.52978516
vt 0.4272461 0.52978516
vt 0.4272461 0.52978516
vt 0.4272461 0.52978516
vt 0.4272461 0.52978516
vt 0.4272461 0.52978516
vt 0.4272461 0.52978516
vt 0.4272461 0.52978516
vt 0.4272461 0.52978516
vt 0.4272461 0.52978516
vt 0.4272461 0.52978516
vt 0.4272461 0.52978516
vt 0.4272461 0.52978516
vt 0.4272461 0.52978516
vt 0.5566406 0.21130371
vt 0.5566406 0.21130371
vt 0.5566406 0.21130371
vt 0.5566406 0.21130371
vt 0.5566406 0.21130371
vt 0.5566406 0.21130371
vt 0.5566406 0.21130371
vt 0.5566406 0.21130371
vt 0.5566406 0.21130371
vt 0.5566406 0.21130371
vt 0.5566406 0.21130371
vt 0.5566406 0.21130371
vt 0.5566406 0.21130371
vt 0.5566406 0.21130371
vt 0.5566406 0.21130371
vt 0.5566406 0.21130371
vt 0.5566406 0.21130371
vt 0.5566406 0.21130371
vt 0.5566406 0.21130371
vt 0.5566406 0.21130371
vt 0.5566406 0.21130371
vt 0.5566406 0.21130371
vt 0.5566406 0.21130371
vt 0.5566406 0.21130371
vt 0.5566406 0.21130371
vt 0.5566406 0.21130371
vt 0.5566406 0.21130371
vt 0.5566406 0.21130371
vt 0.5566406 0.21130371
vt 0.5566406 0.21130371
vt 0.5566406 0.21130371
vt 0.5566406 0.21130371
vt 0.4272461 0.52978516
vt 0.4272461 0.52978516
vt 0.4272461 0.52978516
vt 0.4272461 0.52978516
vt 0.4272461 0.52978516
vt 0.4272461 0.52978516
vt 0.4272461 0.52978516
vt 0.4272461 0.52978516
vt 0.4272461 0.52978516
vt 0.4272461 0.52978516
vt 0.4272461 0.52978516
vt 0.4272461 0.52978516
vt 0.4272461 0.52978516
vt 0.4272461 0.52978516
vt 0.4272461 0.52978516
vt 0.4272461 0.52978516
vt 0.4272461 0.52978516
vt 0.4272461 0.52978516
vt 0.4272461 0.52978516
vt 0.4272461 0.52978516
vt 0.5566406 0.21130371
vt 0.5566406 0.21130371
vt 0.5566406 0.21130371
vt 0.5566406 0.21130371
vt 0.5566406 0.21130371
vt 0.5566406 0.21130371
vt 0.5566406 0.21130371
vt 0.5566406 0.21130371
vt 0.5566406 0.21130371
vt 0.5566406 0.21130371
vt 0.5566406 0.21130371
vt 0.5566406 0.21130371
vt 0.5566406 0.21130371
vt 0.5566406 0.21130371
vt 0.5566406 0.21130371
vt 0.5566406 0.21130371
vt 0.5566406 0.21130371
vt 0.5566406 0.21130371
vt 0.5566406 0.21130371
vt 0.5566406 0.21130371
vt 0.5566406 0.21130371
vt 0.5566406 0.21130371
vt 0.5566406 0.21130371
vt 0.5566406 0.21130371
vt 0.5566406 0.21130371
vt 0.5566406 0.21130371
vt 0.5566406 0.21130371
vt 0.5566406 0.21130371
vt 0.5566406 0.21130371
vt 0.5566406 0.21130371
vt 0.5566406 0.21130371
vt 0.5566406 0.21130371
vt 0.4272461 0.52978516
vt 0.4272461 0.52978516
vt 0.4272461 0.52978516
vt 0.4272461 0.52978516
vt 0.4272461 0.52978516
vt 0.4272461 0.52978516
vt 0.4272461 0.52978516
vt 0.4272461 0.52978516
vt 0.4272461 0.52978516
vt 0.4272461 0.52978516
vt 0.4272461 0.52978516
vt 0.4272461 0.52978516
vt 0.4272461 0.52978516
vt 0.4272461 0.52978516
vt 0.4272461 0.52978516
vt 0.4272461 0.52978516
vt 0.4272461 0.52978516
vt 0.4272461 0.52978516
vt 0.4272461 0.52978516
vt 0.4272461 0.52978516
vt 0.4272461 0.52978516
vt 0.4272461 0.52978516
vt 0.4272461 0.52978516
vt 0.4272461 0.52978516
vt 0.4272461 0.52978516
vt 0.5566406 0.21130371
vt 0.5566406 0.21130371
vt 0.5566406 0.21130371
vt 0.5566406 0.21130371
vt 0.5566406 0.21130371
vt 0.5566406 0.21130371
vt 0.5566406 0.21130371
vt 0.5566406 0.21130371
vt 0.5566406 0.21130371
vt 0.5566406 0.21130371
vt 0.5566406 0.21130371
vt 0.5566406 0.21130371
vt 0.5566406 0.21130371
vt 0.5566406 0.21130371
vt 0.5566406 0.21130371
vt 0.5566406 0.21130371
vt 0.5566406 0.21130371
vt 0.5566406 0.21130371
vt 0.5566406 0.21130371
vt 0.5566406 0.21130371
vt 0.5566406 0.21130371
vt 0.5566406 0.21130371
vt 0.5566406 0.21130371
vt 0.5566406 0.21130371
vt 0.5566406 0.21130371
vt 0.5566406 0.21130371
vt 0.5566406 0.21130371
vt 0.5566406 0.21130371
vt 0.5566406 0.21130371
vt 0.5566406 0.21130371
vt 0.5566406 0.21130371
vt 0.5566406 0.21130371
vt 0.5566406 0.21130371
vt 0.5566406 0.21130371
vt 0.5566406 0.21130371
vt 0.5566406 0.21130371
vt 0.5566406 0.21130371
vt 0.5566406 0.21130371
vt 0.5566406 0.21130371
vt 0.5566406 0.21130371
vt 0.4272461 0.52978516
vt 0.4272461 0.52978516
vt 0.4272461 0.52978516
vt 0.4272461 0.52978516
vt 0.4272461 0.52978516
vt 0.4272461 0.52978516
vt 0.4272461 0.52978516
vt 0.4272461 0.52978516
vt 0.4272461 0.52978516
vt 0.4272461 0.52978516
vt 0.4272461 0.52978516
vt 0.4272461 0.52978516
vt 0.4272461 0.52978516
vt 0.4272461 0.52978516
vt 0.4272461 0.52978516
vt 0.4272461 0.52978516
vt 0.4272461 0.52978516
vt 0.4272461 0.52978516
vt 0.4272461 0.52978516
vt 0.4272461 0.52978516
vt 0.5566406 0.21130371
vt 0.5566406 0.21130371
vt 0.5566406 0.21130371
vt 0.5566406 0.21130371
vt 0.5566406 0.21130371
vt 0.5566406 0.21130371
vt 0.5566406 0.21130371
vt 0.5566406 0.21130371
vt 0.5566406 0.21130371
vt 0.5566406 0.21130371
vt 0.5566406 0.21130371
vt 0.5566406 0.21130371
vt 0.5566406 0.21130371
vt 0.5566406 0.21130371
vt 0.5566406 0.21130371
vt 0.5566406 0.21130371
vt 0.5566406 0.21130371
vt 0.5566406 0.21130371
vt 0.5566406 0.21130371
vt 0.5566406 0.21130371
vt 0.5566406 0.21130371
vt 0.5566406 0.21130371
vt 0.5566406 0.21130371
vt 0.5566406 0.21130371
vt 0.5566406 0.21130371
vt 0.5566406 0.21130371
vt 0.5566406 0.21130371
vt 0.5566406 0.21130371
vt 0.5566406 0.21130371
vt 0.5566406 0.21130371
vt 0.5566406 0.21130371
vt 0.5566406 0.21130371
vt 0.4272461 0.52978516
vt 0.4272461 0.52978516
vt 0.4272461 0.52978516
vt 0.4272461 0.52978516
vt 0.4272461 0.52978516
vt 0.4272461 0.52978516
vt 0.4272461 0.52978516
vt 0.4272461 0.52978516
vt 0.4272461 0.52978516
vt 0.4272461 0.52978516
vt 0.4272461 0.52978516
vt 0.4272461 0.52978516
vt 0.4272461 0.52978516
vt 0.4272461 0.52978516
vt 0.4272461 0.52978516
vt 0.4272461 0.52978516
vt 0.4272461 0.52978516
vt 0.4272461 0.52978516
vt 0.4272461 0.52978516
vt 0.4272461 0.52978516
vt 0.4272461 0.52978516
vt 0.4272461 0.52978516
vt 0.4272461 0.52978516
vt 0.4272461 0.52978516
vt 0.4272461 0.52978516
vt 0.5566406 0.21130371
vt 0.5566406 0.21130371
vt 0.5566406 0.21130371
vt 0.5566406 0.21130371
vt 0.5566406 0.21130371
vt 0.5566406 0.21130371
vt 0.5566406 0.21130371
vt 0.5566406 0.21130371
vt 0.5566406 0.21130371
vt 0.5566406 0.21130371
vt 0.5566406 0.21130371
vt 0.5566406 0.21130371
vt 0.5566406 0.21130371
vt 0.5566406 0.21130371
vt 0.5566406 0.21130371
vt 0.5566406 0.21130371
vt 0.5566406 0.21130371
vt 0.5566406 0.21130371
vt 0.5566406 0.21130371
vt 0.5566406 0.21130371
vt 0.5566406 0.21130371
vt 0.5566406 0.21130371
vt 0.5566406 0.21130371
vt 0.5566406 0.21130371
vt 0.5566406 0.21130371
vt 0.5566406 0.21130371
vt 0.5566406 0.21130371
vt 0.5566406 0.21130371
vt 0.5566406 0.21130371
vt 0.5566406 0.21130371
vt 0.5566406 0.21130371
vt 0.5566406 0.21130371
vt 0.5566406 0.21130371
vt 0.5566406 0.21130371
vt 0.5566406 0.21130371
vt 0.5566406 0.21130371
vt 0.4272461 0.52978516
vt 0.4272461 0.52978516
vt 0.4272461 0.52978516
vt 0.4272461 0.52978516
vt 0.4272461 0.52978516
vt 0.4272461 0.52978516
vt 0.4272461 0.52978516
vt 0.4272461 0.52978516
vt 0.4272461 0.52978516
vt 0.4272461 0.52978516
vt 0.4272461 0.52978516
vt 0.4272461 0.52978516
vt 0.4272461 0.52978516
vt 0.4272461 0.52978516
vt 0.4272461 0.52978516
vt 0.4272461 0.52978516
vt 0.4272461 0.52978516
vt 0.4272461 0.52978516
vt 0.4272461 0.52978516
vt 0.4272461 0.52978516
vt 0.4272461 0.52978516
vt 0.4272461 0.52978516
vt 0.4272461 0.52978516
vt 0.4272461 0.52978516
vt 0.4272461 0.52978516
vt 0.5566406 0.21130371
vt 0.5566406 0.21130371
vt 0.5566406 0.21130371
vt 0.5566406 0.21130371
vt 0.5566406 0.21130371
vt 0.5566406 0.21130371
vt 0.5566406 0.21130371
vt 0.5566406 0.21130371
vt 0.5566406 0.21130371
vt 0.5566406 0.21130371
vt 0.5566406 0.21130371
vt 0.5566406 0.21130371
vt 0.5566406 0.21130371
vt 0.5566406 0.21130371
vt 0.5566406 0.21130371
vt 0.5566406 0.21130371
vt 0.5566406 0.21130371
vt 0.5566406 0.21130371
vt 0.5566406 0.21130371
vt 0.5566406 0.21130371
vt 0.5566406 0.21130371
vt 0.5566406 0.21130371
vt 0.5566406 0.21130371
vt 0.5566406 0.21130371
vt 0.5566406 0.21130371
vt 0.5566406 0.21130371
vt 0.5566406 0.21130371
vt 0.5566406 0.21130371
vt 0.5566406 0.21130371
vt 0.5566406 0.21130371
vt 0.5566406 0.21130371
vt 0.5566406 0.21130371
vt 0.5566406 0.21130371
vt 0.5566406 0.21130371
vt 0.5566406 0.21130371
vt 0.5566406 0.21130371
vt 0.5566406 0.21130371
vt 0.5566406 0.21130371
vt 0.5566406 0.21130371
vt 0.5566406 0.21130371
vt 0.5566406 0.21130371
vt 0.5566406 0.21130371
vt 0.5566406 0.21130371
vt 0.5566406 0.21130371
vt 0.5566406 0.21130371
vt 0.5566406 0.21130371
vt 0.5566406 0.21130371
vt 0.5566406 0.21130371
vt 0.5566406 0.21130371
vt 0.5566406 0.21130371
vt 0.5566406 0.21130371
vt 0.5566406 0.21130371
vt 0.5566406 0.21130371
vt 0.5566406 0.21130371
vt 0.5566406 0.21130371
vt 0.5566406 0.21130371
vt 0.5566406 0.21130371
vt 0.5566406 0.21130371
vt 0.5566406 0.21130371
vt 0.5566406 0.21130371
vt 0.5566406 0.21130371
vt 0.5566406 0.21130371
vt 0.5566406 0.21130371
vt 0.5566406 0.21130371
vt 0.5566406 0.21130371
vt 0.5566406 0.21130371
vt 0.5566406 0.21130371
vt 0.5566406 0.21130371
vt 0.5566406 0.21130371
vt 0.5566406 0.21130371
vt 0.5566406 0.21130371
vt 0.5566406 0.21130371
vt 0.5566406 0.21130371
vt 0.5566406 0.21130371
vt 0.5566406 0.21130371
vt 0.5566406 0.21130371
vt 0.5566406 0.21130371
vt 0.5566406 0.21130371
vt 0.5566406 0.21130371
vt 0.5566406 0.21130371
vt 0.5566406 0.21130371
vt 0.5566406 0.21130371
vt 0.5566406 0.21130371
vt 0.5566406 0.21130371
vt 0.5566406 0.21130371
vt 0.5566406 0.21130371
vt 0.5566406 0.21130371
vt 0.5566406 0.21130371
vt 0.5566406 0.21130371
vt 0.5566406 0.21130371
vt 0.5566406 0.21130371
vt 0.5566406 0.21130371
vt 0.5566406 0.21130371
vt 0.5566406 0.21130371
vt 0.5566406 0.21130371
vt 0.5566406 0.21130371
vt 0.5566406 0.21130371
vt 0.5566406 0.21130371
vt 0.5566406 0.21130371
vt 0.5566406 0.21130371
vt 0.5566406 0.21130371
vt 0.5566406 0.21130371
vt 0.5566406 0.21130371
vt 0.5566406 0.21130371
vt 0.5566406 0.21130371
vt 0.5566406 0.21130371
vt 0.5566406 0.21130371
vt 0.5566406 0.21130371
vt 0.5566406 0.21130371
vt 0.5566406 0.21130371
vt 0.5566406 0.21130371
vt 0.5566406 0.21130371
vt 0.5566406 0.21130371
vt 0.5566406 0.21130371
vt 0.5566406 0.21130371
vt 0.5566406 0.21130371
vt 0.53808594 0.2043457
vt 0.53808594 0.2043457
vt 0.53808594 0.2043457
vt 0.53808594 0.2043457
vt 0.53808594 0.2043457
vt 0.53808594 0.2043457
vt 0.53808594 0.2043457
vt 0.53808594 0.2043457
vt 0.53808594 0.2043457
vt 0.53808594 0.2043457
vt 0.53808594 0.2043457
vt 0.53808594 0.2043457
vt 0.53808594 0.2043457
vt 0.53808594 0.2043457
vt 0.53808594 0.2043457
vt 0.53808594 0.2043457
vt 0.53808594 0.2043457
vt 0.53808594 0.2043457
vt 0.53808594 0.2043457
vt 0.53808594 0.2043457
vt 0.53808594 0.2043457
vt 0.53808594 0.2043457
vt 0.53808594 0.2043457
vt 0.53808594 0.2043457
vt 0.53808594 0.2043457
vt 0.53808594 0.2043457
vt 0.53808594 0.2043457
vt 0.53808594 0.2043457
vt 0.53808594 0.2043457
vt 0.53808594 0.2043457
vt 0.53808594 0.2043457
vt 0.53808594 0.2043457
vt 0.53808594 0.2043457
vt 0.53808594 0.2043457
vt 0.53808594 0.2043457
vt 0.53808594 0.2043457
vt 0.53808594 0.2043457
vt 0.53808594 0.2043457
vt 0.53808594 0.2043457
vt 0.53808594 0.2043457
vt 0.53808594 0.2043457
vt 0.53808594 0.2043457
vt 0.53808594 0.2043457
vt 0.53808594 0.2043457
vt 0.53808594 0.2043457
vt 0.53808594 0.2043457
vt 0.53808594 0.2043457
vt 0.53808594 0.2043457
vt 0.53808594 0.2043457
vt 0.53808594 0.2043457
vt 0.53808594 0.2043457
vt 0.53808594 0.2043457
vt 0.53808594 0.2043457
vt 0.53808594 0.2043457
vt 0.53808594 0.2043457
vt 0.53808594 0.2043457
vt 0.53808594 0.2043457
vt 0.53808594 0.2043457
vt 0.53808594 0.2043457
vt 0.53808594 0.2043457
vt 0.53808594 0.2043457
vt 0.53808594 0.2043457
vt 0.53808594 0.2043457
vt 0.53808594 0.2043457
vt 0.4272461 0.52978516
vt 0.4272461 0.52978516
vt 0.4272461 0.52978516
vt 0.4272461 0.52978516
vt 0.4272461 0.52978516
vt 0.4272461 0.52978516
vt 0.4272461 0.52978516
vt 0.4272461 0.52978516
vt 0.4272461 0.52978516
vt 0.4272461 0.52978516
vt 0.4272461 0.52978516
vt 0.4272461 0.52978516
vt 0.4272461 0.52978516
vt 0.4272461 0.52978516
vt 0.4272461 0.52978516
vt 0.4272461 0.52978516
vn -0 0 1
vn -0 0 1
vn -0 0 1
vn -0 0 1
vn -0 0 1
vn -0 0 1
vn -0 0 1
vn -0 0 1
vn -0 0 1
vn -0.38256836 -0.9238281 0.00028896332
vn -0.3828125 -0.9238281 0.00089359283
vn -0.38354492 -0.92333984 0.0013599396
vn 0.41333008 0.8911133 -0.18713379
vn 0.3996582 0.9116211 -0.09655762
vn 0.38427734 0.92285156 -0.013465881
vn -0.9238281 -0.3828125 0.00029063225
vn -0.9238281 -0.38256836 0.00089645386
vn -0.9243164 -0.38183594 0.0013618469
vn -0.4284668 0.9033203 0.020523071
vn -0.40600586 0.9135742 0.021148682
vn -0.3864746 0.9223633 0.0128479
vn -0.890625 0.4140625 -0.18737793
vn -0.9111328 0.40014648 -0.09674072
vn -0.92285156 0.38427734 -0.013580322
vn 0.9223633 -0.3864746 0.013000488
vn 0.9135742 -0.40625 0.021408081
vn 0.90283203 -0.42895508 0.020767212
vn -0.9033203 -0.42895508 0.020721436
vn -0.9135742 -0.40625 0.021362305
vn -0.9223633 -0.3864746 0.012969971
vn -0.41381836 -0.8901367 -0.19116211
vn -0.40014648 -0.9111328 -0.09863281
vn -0.38452148 -0.92285156 -0.013793945
vn 0.3864746 0.9223633 0.012939453
vn 0.40625 0.9135742 0.02130127
vn 0.42895508 0.9033203 0.02067566
vn 0.38256836 0.9238281 0.00029063225
vn 0.3828125 0.9238281 0.0008969307
vn 0.38354492 0.92333984 0.0013618469
vn 0.42919922 -0.90283203 0.020843506
vn 0.40649414 -0.9135742 0.021484375
vn 0.3864746 -0.9223633 0.013038635
vn 0.89208984 -0.41333008 -0.18225098
vn 0.9116211 -0.3996582 -0.094055176
vn 0.92333984 -0.38427734 -0.013168335
vn -0.9223633 0.3864746 0.012794495
vn -0.9135742 0.40600586 0.02104187
vn -0.9033203 0.42822266 0.02041626
vn -0 3.5762787E-07 -1
vn -0 2.9802322E-07 -1
vn -0 0 -1
vn -0 0 -1
vn -0 0 -1
vn -0 0 1
vn -0 0 1
vn -0 0 1
vn -0 0 1
vn -0 0 1
vn -0 0 1
vn -0 0 1
vn -0 0 1
vn -0 0 1
vn -0 0 1
vn -0 0 1
vn -0 0 1
vn -0 0 1
vn -0 0 1
vn -0 0 1
vn -0 0 1
vn -0 0 1
vn -0 0 1
vn -0 0 1
vn -0 0 1
vn -0 0 1
vn -0 0 1
vn -0 0 1
vn -0 0 1
vn -0 0 1
vn -0 0 1
vn -0 0 1
vn -0 0 1
vn 1 0 0
vn 1 0 0
vn 1 0 0
vn 1 0 0
vn -1 0 0
vn -1 0 0
vn -1 0 0
vn -1 0 0
vn -0 -1 0
vn -0 -1 0
vn -0 -1 0
vn -0 -1 0
vn -0 1 0
vn -0 1 0
vn -0 1 0
vn -0 1 0
vn -0 0 -1
vn -0 0 -1
vn -0 0 -1
vn -0 0 -1
vn -0 0 -1
vn -0 0 -1
vn -0 0 -1
vn -0 0 -1
vn -0 1.1920929E-07 -1
vn -0 0 -1
vn -0 0 -1
vn -0 3.5762787E-07 -1
vn -0 3.5762787E-07 -1
vn -0 0 -1
vn -0 1.1920929E-07 -1
vn -0 1.1920929E-07 -1
vn -0 0 -1
vn -0 0 -1
vn -0 0 -1
vn -0 0 -1
vn -0 0 -1
vn -0 1.1920929E-07 -1
vn -0 0 -1
vn -0 0 -1
vn -0 0 -1
vn -0 0 -1
vn -0 1.1920929E-07 -1
vn -0 1.1920929E-07 -1
vn -0 0 -1
vn -0 0 -1
vn -0 -3.5762787E-07 -1
vn -0 0 -1
vn -0 -2.9802322E-07 -1
vn -0 0 -1
vn -0 0 -1
vn -0 0 -1
vn -0 2.3841858E-07 -1
vn -0 0 -1
vn -0 2.9802322E-07 -1
vn -0 0 -1
vn -0 0 -1
vn -0 0 -1
vn -0 0 -1
vn -0 0 -1
vn -0 0 -1
vn -0 0 -1
vn -0 0 -1
vn -0 0 -1
vn -0 0 -1
vn -0 0 -1
vn -0 0 -1
vn -0 0 -1
vn -0 0 -1
vn -0 0 -1
vn -0 0 -1
vn -0 0 -1
vn -0 0 -1
vn -0 0 -1
vn -0 0 -1
vn -0 0 -1
vn -0 0 -1
vn -0 0 -1
vn -0 0 -1
vn -0 0 -1
vn -0 0 -1
vn -0 2.9802322E-07 -1
vn -0 1.1920929E-07 -1
vn -0 3.5762787E-07 -1
vn -0 0 -1
vn -0 0 -1
vn -0 0 -1
vn -0 0 -1
vn -0 0 -1
vn -0 0 -1
vn -0 0 -1
vn -0 0 -1
vn -0 0 -1
vn -0 -1.1920929E-07 -1
vn -0 -1.1920929E-07 -1
vn -0 0 -1
vn -0 0 -1
vn -0 0 -1
vn -0 0 -1
vn -0 0 -1
vn -0 0 -1
vn -0 0 -1
vn -0 0 -1
vn -0 0 -1
vn -0 0 -1
vn -0 0 -1
vn -0 0 -1
vn -0 0 -1
vn -0 0 -1
vn -0 0 -1
vn -0 0 -1
vn -0 0 -1
vn -0 0 -1
vn -0 0 -1
vn -0 0 -1
vn -0 0 -1
vn -0 0 -1
vn -0 0 -1
vn -0 0 -1
vn -0 0 -1
vn -0 0 -1
vn -0 0 -1
vn -0 0 -1
vn -0 0 -1
vn -0 0 -1
vn -0 0 -1
vn -0 0 -1
vn -0 0 -1
vn -0 0 -1
vn -0 0 -1
vn -0 0 -1
vn -0 0 -1
vn -0 0 -1
vn -0 0 -1
vn -0 2.9802322E-07 -1
vn -0 2.3841858E-07 -1
vn -0 0 -1
vn -0 0 -1
vn -0 0 -1
vn -0 0 -1
vn -0 -2.9802322E-07 -1
vn -0 -3.5762787E-07 -1
vn -0 0 -1
vn -0 0 -1
vn -0 0 -1
vn -0 0 -1
vn -0 0 -1
vn -0.19506836 -0.98095703 0
vn -0.19506836 -0.98095703 0
vn 4.4107437E-06 -1 0
vn 4.4107437E-06 -1 0
vn 0.38256836 -0.9238281 0
vn 0.38256836 -0.9238281 0
vn 0.55566406 -0.83154297 -1.1920929E-07
vn 0.70703125 -0.70703125 0
vn 0.70703125 -0.70703125 0
vn 0.70703125 -0.70703125 0
vn 0.9238281 -0.38256836 0
vn 0.9238281 -0.38256836 0
vn 0.70703125 -0.70703125 0
vn 0.9238281 -0.38256836 0
vn 0.9238281 -0.38256836 0
vn 0.98095703 -0.19506836 0
vn 1 -3.5762787E-07 0
vn 1 -3.5762787E-07 0
vn 0.98095703 0.19506836 0
vn 0.98095703 0.19506836 0
vn 2.3245811E-06 -1 0
vn 0.19506836 -0.98095703 0
vn 0.19506836 -0.98095703 0
vn 2.3245811E-06 -1 0
vn -0.38256836 -0.9238281 0
vn -0.38256836 -0.9238281 0
vn -0.70703125 -0.70703125 0
vn -0.55566406 -0.83154297 0
vn -0.70703125 -0.70703125 0
vn -0.9238281 -0.38256836 5.364418E-07
vn -0.9238281 -0.38256836 5.364418E-07
vn -0.70703125 -0.70703125 0
vn -0.70703125 -0.70703125 0
vn -0.98095703 -0.19506836 1.013279E-06
vn -0.9238281 -0.38256836 5.364418E-07
vn -0.9238281 -0.38256836 5.364418E-07
vn -1 3.5762787E-07 5.364418E-07
vn -1 3.5762787E-07 5.364418E-07
vn -0.98095703 0.19506836 0
vn -0.98095703 0.19506836 0
vn 5.2452087E-06 1 0
vn -0.19506836 0.98095703 0
vn -0.19506836 0.98095703 0
vn 5.2452087E-06 1 0
vn 0.38256836 0.9238281 0
vn 0.38256836 0.9238281 0
vn 0.70703125 0.70703125 0
vn 0.55566406 0.83154297 0
vn 0.70703125 0.70703125 0
vn 0.9238281 0.38256836 -1.7881393E-07
vn 0.70703125 0.70703125 0
vn 0.70703125 0.70703125 0
vn 0.9238281 0.38256836 -1.7881393E-07
vn 0.98095703 0.19506836 -2.9802322E-07
vn 0.9238281 0.38256836 -1.7881393E-07
vn 0.9238281 0.38256836 -1.7881393E-07
vn 1 8.940697E-07 -1.7881393E-07
vn 1 8.940697E-07 -1.7881393E-07
vn 0.98095703 -0.19506836 0
vn 0.98095703 -0.19506836 0
vn 0.19506836 0.98095703 0
vn 0.19506836 0.98095703 0
vn -1.2516975E-06 1 0
vn -1.2516975E-06 1 0
vn -0.38256836 0.9238281 -2.3841858E-07
vn -0.38256836 0.9238281 -2.3841858E-07
vn -0.55566406 0.83154297 -5.364418E-07
vn -0.70703125 0.70703125 -2.3841858E-07
vn -0.70703125 0.70703125 -2.3841858E-07
vn -0.70703125 0.70703125 -2.3841858E-07
vn -0.70703125 0.70703125 -2.3841858E-07
vn -0.9238281 0.38256836 0
vn -0.9238281 0.38256836 0
vn -1 0 0
vn -0.9238281 0.38256836 0
vn -0.9238281 0.38256836 0
vn -0.98095703 0.19506836 1.7881393E-07
vn -1 0 0
vn -0.98095703 -0.19506836 0
vn -0.98095703 -0.19506836 0
vn -0 0 -1
vn -0 0 -1
vn -0 0 -1
vn -0 0 -1
vn -0 0.70703125 -0.70703125
vn -0 0.70703125 -0.70703125
vn -0 0.70703125 -0.70703125
vn -0 0.70703125 -0.70703125
vn -0 0 -1
vn -0 0 -1
vn -0 0 -1
vn -0 0 -1
vn 0.70703125 0 -0.70703125
vn 0.70703125 0 -0.70703125
vn 0.70703125 0 -0.70703125
vn 0.70703125 0 -0.70703125
vn -0.5 0.5 -0.70703125
vn -0.5 0.5 -0.70703125
vn -0.5 0.5 -0.70703125
vn -0.5 0.5 -0.70703125
vn -0 0 -1
vn -0 0 -1
vn -0 0 -1
vn -0 0 -1
vn -0 0 -1
vn -0 0 -1
vn -0 0 -1
vn -0 0 -1
vn -0.5 -0.5 -0.70703125
vn -0.5 -0.5 -0.70703125
vn -0.5 -0.5 -0.70703125
vn -0.5 -0.5 -0.70703125
vn -0 0 -1
vn -0 0 -1
vn -0 0 -1
vn -0 0 -1
vn -0 0 -1
vn -0 0 -1
vn -0 0 -1
vn -0 0 -1
vn 0.5 -0.5 -0.70703125
vn 0.5 -0.5 -0.70703125
vn 0.5 -0.5 -0.70703125
vn 0.5 -0.5 -0.70703125
vn 0.5 0.5 -0.70703125
vn 0.5 0.5 -0.70703125
vn 0.5 0.5 -0.70703125
vn 0.5 0.5 -0.70703125
vn -0.70703125 0 -0.70703125
vn -0.70703125 0 -0.70703125
vn -0.70703125 0 -0.70703125
vn -0.70703125 0 -0.70703125
vn -0 0 -1
vn -0 0 -1
vn -0 0 -1
vn -0 0 -1
vn -0 0 -1
vn -0 0 -1
vn -0 0 -1
vn -0 0 -1
vn -0 -0.70703125 -0.70703125
vn -0 -0.70703125 -0.70703125
vn -0 -0.70703125 -0.70703125
vn -0 -0.70703125 -0.70703125
vn 0.70703125 0.70703125 0
vn 0.70703125 0.70703125 0
vn 0.70703125 0.70703125 0
vn 0.70703125 0.70703125 0
vn 0.70703125 0.70703125 0
vn 0.70703125 0.70703125 0
vn -1 0.00023901463 -1.013279E-06
vn -1 0.00023901463 -1.013279E-06
vn -1 0.00023901463 -1.013279E-06
vn -1 0.00023901463 -1.013279E-06
vn -1 0.00023901463 -1.013279E-06
vn -1 0.00023901463 -1.013279E-06
vn -1 0.00023901463 -1.013279E-06
vn -1 0.00023901463 -1.013279E-06
vn -0.00014984608 1 0
vn -0.00014984608 1 0
vn -0.00014984608 1 0
vn -0.00014984608 1 0
vn -0.00014984608 1 0
vn -0.00014984608 1 0
vn -0.00014984608 1 0
vn -0.00014984608 1 0
vn -0.70703125 0.70703125 0
vn -0.70703125 0.70703125 0
vn -0.70703125 0.70703125 0
vn -0.70703125 0.70703125 0
vn -0.70703125 0.70703125 0
vn -0.70703125 0.70703125 0
vn -0.70703125 0.70703125 7.748604E-07
vn -0.70703125 0.70703125 7.748604E-07
vn -0.70703125 0.70703125 7.748604E-07
vn -0.70703125 0.70703125 7.748604E-07
vn -0.70703125 0.70703125 7.748604E-07
vn -0.70703125 0.70703125 7.748604E-07
vn -0.70703125 0.70703125 7.748604E-07
vn 1 -0.0003709793 -1.013279E-06
vn 1 -0.0003709793 -1.013279E-06
vn 1 -0.0003709793 -1.013279E-06
vn 1 -0.0003709793 -1.013279E-06
vn 1 -0.0003709793 -1.013279E-06
vn 1 -0.0003709793 -1.013279E-06
vn 1 -0.0003709793 -1.013279E-06
vn 1 -0.0003709793 -1.013279E-06
vn 0.70703125 -0.70703125 0
vn 0.70703125 -0.70703125 0
vn 0.70703125 -0.70703125 0
vn 0.70703125 -0.70703125 0
vn 0.70703125 -0.70703125 0
vn 0.70703125 -0.70703125 0
vn 0.70703125 -0.70703125 0
vn -0.70703125 -0.70703125 2.3841858E-07
vn -0.70703125 -0.70703125 2.3841858E-07
vn -0.70703125 -0.70703125 2.3841858E-07
vn -0.70703125 -0.70703125 2.3841858E-07
vn -0.70703125 -0.70703125 2.3841858E-07
vn -0.70703125 -0.70703125 2.3841858E-07
vn -0 0 -1
vn -0 0 -1
vn -0 0 -1
vn -0 0 -1
vn -0 0 -1
vn -0 0 -1
vn 0.70703125 0.70703125 -1.9669533E-06
vn 0.70703125 0.70703125 -1.9669533E-06
vn 0.70703125 0.70703125 -1.9669533E-06
vn 0.70703125 0.70703125 -1.9669533E-06
vn 0.70703125 0.70703125 -1.9669533E-06
vn 0.70703125 0.70703125 -1.9669533E-06
vn 0.70703125 0.70703125 -1.9669533E-06
vn -1 0.00035476685 0
vn -1 0.00035476685 0
vn -1 0.00035476685 0
vn -1 0.00035476685 0
vn -1 0.00035476685 0
vn -1 0.00035476685 0
vn -1 0.00035476685 0
vn -1 0.00035476685 0
vn -0 -7.748604E-07 -1
vn -0 -7.748604E-07 -1
vn -0 -7.748604E-07 -1
vn -0 -7.748604E-07 -1
vn -0 -7.748604E-07 -1
vn -0 -7.748604E-07 -1
vn 0.00014328957 -1 0
vn 0.00014328957 -1 0
vn 0.00014328957 -1 0
vn 0.00014328957 -1 0
vn 0.00014328957 -1 0
vn 0.00014328957 -1 0
vn 0.00014328957 -1 0
vn 0.00014328957 -1 0
vn 1 -0.00022864342 1.013279E-06
vn 1 -0.00022864342 1.013279E-06
vn 1 -0.00022864342 1.013279E-06
vn 1 -0.00022864342 1.013279E-06
vn 1 -0.00022864342 1.013279E-06
vn 1 -0.00022864342 1.013279E-06
vn 1 -0.00022864342 1.013279E-06
vn 1 -0.00022864342 1.013279E-06
vn -0.00012540817 -1 0
vn -0.00012540817 -1 0
vn -0.00012540817 -1 0
vn -0.00012540817 -1 0
vn -0.00012540817 -1 0
vn -0.00012540817 -1 0
vn -0.00012540817 -1 0
vn -0.00012540817 -1 0
vn -0 -1 0
vn -0 -1 0
vn -0 -1 0
vn -0 -1 0
vn 0.00011974573 1 0
vn 0.00011974573 1 0
vn 0.00011974573 1 0
vn 0.00011974573 1 0
vn 0.00011974573 1 0
vn 0.00011974573 1 0
vn 0.00011974573 1 0
vn 0.00011974573 1 0
vn -0 2.9802322E-07 -1
vn -0 2.9802322E-07 -1
vn -0 2.9802322E-07 -1
vn -0 2.9802322E-07 -1
vn -0 2.9802322E-07 -1
vn -0 2.9802322E-07 -1
vn -0.70703125 -0.70703125 4.172325E-07
vn -0.70703125 -0.70703125 4.172325E-07
vn -0.70703125 -0.70703125 4.172325E-07
vn -0.70703125 -0.70703125 4.172325E-07
vn -0.70703125 -0.70703125 4.172325E-07
vn -0.70703125 -0.70703125 4.172325E-07
vn -0.70703125 -0.70703125 4.172325E-07
vn -0 0 -1
vn -0 0 -1
vn -0 0 -1
vn -0 0 -1
vn -0 0 -1
vn -0 0 -1
vn 0.7128906 -0.000269413 -0.7011719
vn 0.7128906 -0.000269413 -0.7011719
vn 0.7128906 -0.000269413 -0.7011719
vn 0.7128906 -0.000269413 -0.7011719
vn -0 -0.7128906 -0.7011719
vn -0 -0.7128906 -0.7011719
vn -0 -0.7128906 -0.7011719
vn -0 -0.7128906 -0.7011719
vn -9.0658665E-05 -0.7128906 -0.7011719
vn -9.0658665E-05 -0.7128906 -0.7011719
vn -0.7128906 0.00017356873 -0.7011719
vn -0.7128906 0.00017356873 -0.7011719
vn -0.7128906 0.00017356873 -0.7011719
vn -0.7128906 0.00017356873 -0.7011719
vn -0.000108361244 0.7128906 -0.7011719
vn -0.000108361244 0.7128906 -0.7011719
vn -0.000108361244 0.7128906 -0.7011719
vn -0.000108361244 0.7128906 -0.7011719
vn -0.7128906 0.00026631355 -0.7011719
vn -0.7128906 0.00026631355 -0.7011719
vn -0.7128906 0.00026631355 -0.7011719
vn -0.7128906 0.00026631355 -0.7011719
vn -0.7128906 0.00026631355 -0.7011719
vn -0.7128906 0.00026631355 -0.7011719
vn 8.9645386E-05 0.7128906 -0.7011719
vn 8.9645386E-05 0.7128906 -0.7011719
vn 8.9645386E-05 0.7128906 -0.7011719
vn 8.9645386E-05 0.7128906 -0.7011719
vn 8.9645386E-05 0.7128906 -0.7011719
vn 8.9645386E-05 0.7128906 -0.7011719
vn 0.7128906 -0.00017178059 -0.7011719
vn 0.7128906 -0.00017178059 -0.7011719
vn 0.7128906 -0.00017178059 -0.7011719
vn 0.7128906 -0.00017178059 -0.7011719
vn 0.7128906 -0.00017178059 -0.7011719
vn 0.7128906 -0.00017178059 -0.7011719
vn 0.00010704994 -0.7128906 -0.7011719
vn 0.00010704994 -0.7128906 -0.7011719
vn 0.00010704994 -0.7128906 -0.7011719
vn 0.00010704994 -0.7128906 -0.7011719
vn 0.00010704994 -0.7128906 -0.7011719
vn 0.00010704994 -0.7128906 -0.7011719
vn 0.70703125 -0.70703125 -2.3841858E-07
vn 0.70703125 -0.70703125 -2.3841858E-07
vn 0.70703125 -0.70703125 -2.3841858E-07
vn 0.70703125 -0.70703125 -2.3841858E-07
vn 0.70703125 -0.70703125 -2.3841858E-07
vn 0.70703125 -0.70703125 -2.3841858E-07
vn -0.38256836 0.9238281 -8.940697E-07
vn -0.38256836 0.9238281 -8.940697E-07
vn -0.38256836 0.9238281 -8.940697E-07
vn -0.38256836 0.9238281 -8.940697E-07
vn -0.38256836 0.9238281 -8.940697E-07
vn -0.38256836 0.9238281 -8.940697E-07
vn 0.88134766 0.4182129 -0.21911621
vn 0.88134766 0.4182129 -0.21911621
vn 0.88134766 0.4182129 -0.21911621
vn 0.88134766 0.4182129 -0.21911621
vn 0.9086914 0.40234375 -0.109558105
vn 0.88134766 0.4182129 -0.21911621
vn 0.8911133 0.41381836 -0.18676758
vn 0.9116211 0.39990234 -0.09643555
vn 0.92285156 0.38427734 -0.0135269165
vn 0.9243164 0.38208008 0.0006799698
vn 0.9238281 0.38256836 0.0008969307
vn 0.9243164 0.38183594 0.0013618469
vn 0.9238281 0.38256836 -5.9604645E-07
vn 0.9238281 0.3828125 0.00029063225
vn 0.9238281 0.38256836 -5.9604645E-07
vn 0.38208008 0.9243164 0.00068187714
vn 0.38256836 0.9238281 0
vn 0.38256836 0.9238281 0
vn 0.3828125 0.9238281 0.00028944016
vn 0.38256836 0.9238281 0.0008955002
vn 0.38183594 0.9243164 0.0013628006
vn 0.40185547 0.9091797 -0.109802246
vn 0.3996582 0.9116211 -0.09655762
vn 0.38427734 0.92285156 -0.013465881
vn 0.41723633 0.88183594 -0.21960449
vn 0.41333008 0.8911133 -0.18713379
vn 0.41723633 0.88183594 -0.21960449
vn 0.41723633 0.88183594 -0.21960449
vn 0.41723633 0.88183594 -0.21960449
vn 0.41723633 0.88183594 -0.21960449
vn 0.41723633 0.88183594 -0.21960449
vn -0.20410156 -0.49291992 -0.8457031
vn -0.31274414 -0.7548828 -0.57666016
vn -0.31274414 -0.7548828 -0.57666016
vn -0.2055664 -0.4963379 -0.8432617
vn -0.07476807 -0.1821289 -0.98046875
vn -0.07019043 -0.17102051 -0.98291016
vn -0.0007791519 -0.0049324036 -1
vn -0.0007791519 -0.0049324036 -1
vn -0.0007791519 -0.0049324036 -1
vn -0.0007791519 -0.0049324036 -1
vn -0.0007791519 -0.0049324036 -1
vn -0.0007791519 -0.0049324036 -1
vn -0.0007791519 -0.0049324036 -1
vn -0.0007791519 -0.0049324036 -1
vn -0.38256836 -0.9238281 0
vn -0.38256836 -0.9238281 0
vn -0.38330078 -0.9238281 0.0006804466
vn -0.38256836 -0.9238281 0.00028896332
vn -0.3828125 -0.9238281 0.00089359283
vn -0.38354492 -0.92333984 0.0013599396
vn -0.41088867 -0.9116211 0.006298065
vn -0.40600586 -0.9135742 0.021026611
vn -0.3864746 -0.9223633 0.012779236
vn -0.42822266 -0.9033203 0.020401001
vn 0.00078344345 0.004924774 -1
vn 0.00078344345 0.004924774 -1
vn 0.00078344345 0.004924774 -1
vn 0.00078344345 0.004924774 -1
vn 0.00078344345 0.004924774 -1
vn 0.00078344345 0.004924774 -1
vn 0.07019043 0.17114258 -0.98291016
vn 0.00078344345 0.004924774 -1
vn 0.00078344345 0.004924774 -1
vn 0.07470703 0.18188477 -0.98046875
vn 0.20422363 0.49291992 -0.8457031
vn 0.2055664 0.49609375 -0.84375
vn 0.31274414 0.7548828 -0.57666016
vn 0.31274414 0.7548828 -0.57666016
vn 0.38256836 0.9238281 0
vn 0.38256836 0.9238281 0
vn 0.38256836 0.9238281 0
vn 0.38256836 0.9238281 0
vn 0.38256836 0.9238281 0
vn 0.38256836 0.9238281 0
vn 0.38256836 0.9238281 0
vn -0.9082031 -0.40307617 -0.113220215
vn -0.87939453 -0.4189453 -0.22631836
vn -0.87939453 -0.4189453 -0.22631836
vn -0.87939453 -0.4189453 -0.22631836
vn -0.87939453 -0.4189453 -0.22631836
vn -0.87939453 -0.4189453 -0.22631836
vn -0.88916016 -0.41479492 -0.19299316
vn -0.91064453 -0.40063477 -0.09967041
vn -0.92285156 -0.38452148 -0.014022827
vn -0.9243164 -0.38208008 0.0006799698
vn -0.9243164 -0.38183594 0.0013618469
vn -0.9238281 -0.38256836 0.00089645386
vn -0.9238281 -0.38256836 -5.9604645E-07
vn -0.9238281 -0.38256836 -5.9604645E-07
vn -0.9238281 -0.3828125 0.00029063225
vn -0.9238281 0.38256836 -5.9604645E-07
vn -0.9238281 0.38256836 -5.9604645E-07
vn -0.9238281 0.38330078 0.0006799698
vn -0.9238281 0.3828125 0.00089788437
vn -0.9238281 0.38256836 0.00029158592
vn -0.92333984 0.38354492 0.0013628006
vn -0.9238281 0.38330078 0.0006799698
vn -0.9223633 0.3864746 0.012794495
vn -0.9135742 0.40600586 0.02104187
vn -0.9116211 0.41088867 0.0063056946
vn -0.89941406 0.43725586 0.011245728
vn -0.89941406 0.43725586 0.011245728
vn -0.9033203 0.42822266 0.02041626
vn -0.9135742 0.40600586 0.02104187
vn 0.9238281 0.38256836 6.67572E-06
vn 0.9238281 0.38256836 6.67572E-06
vn 0.9238281 0.38256836 6.67572E-06
vn 0.9238281 0.38256836 6.67572E-06
vn 0.9238281 0.38256836 6.67572E-06
vn 0.9238281 0.38256836 6.67572E-06
vn 0.9238281 0.38256836 6.67572E-06
vn 0.41748047 -0.88134766 -0.22155762
vn 0.41748047 -0.88134766 -0.22155762
vn 0.41748047 -0.88134766 -0.22155762
vn 0.41748047 -0.88134766 -0.22155762
vn 0.41748047 -0.88134766 -0.22155762
vn 0.4020996 -0.9086914 -0.110839844
vn 0.39990234 -0.9111328 -0.097473145
vn 0.41357422 -0.890625 -0.18884277
vn 0.41748047 -0.88134766 -0.22155762
vn 0.38452148 -0.92285156 -0.01361084
vn 0.38183594 -0.9243164 0.0013599396
vn 0.38208008 -0.9243164 0.00068092346
vn 0.38256836 -0.9238281 0.000893116
vn 0.3828125 -0.9238281 0.00028800964
vn 0.38256836 -0.9238281 0
vn 0.38256836 -0.9238281 0
vn -0.37475586 0.90478516 -0.20349121
vn -0.38256836 0.9238281 0
vn -0.38256836 0.9238281 0
vn -0.37475586 0.90478516 -0.20349121
vn -0.31274414 0.7548828 -0.57666016
vn -0.31274414 0.7548828 -0.57666016
vn -0.38256836 0.9238281 0
vn -0.38256836 0.9238281 0
vn -0.38208008 0.9243164 0.00068187714
vn -0.3828125 0.9238281 0.000289917
vn -0.38256836 0.9238281 0.000895977
vn -0.38183594 0.9243164 0.0013628006
vn -0.4025879 0.9082031 -0.11395264
vn -0.40039062 0.91064453 -0.10021973
vn -0.38452148 0.92285156 -0.014030457
vn -0.4140625 0.88916016 -0.1940918
vn -0.4182129 0.87939453 -0.22766113
vn -0.4182129 0.87939453 -0.22766113
vn -0.4182129 0.87939453 -0.22766113
vn -0.4182129 0.87939453 -0.22766113
vn -0.4182129 0.87939453 -0.22766113
vn -0.4182129 0.87939453 -0.22766113
vn -0.00078201294 0.004928589 -1
vn -0.00078201294 0.004928589 -1
vn -0.00078201294 0.004928589 -1
vn -0.00078201294 0.004928589 -1
vn -0.00078201294 0.004928589 -1
vn -0.070129395 0.17089844 -0.98291016
vn -0.00078201294 0.004928589 -1
vn -0.00078201294 0.004928589 -1
vn -0.00078201294 0.004928589 -1
vn -0.07489014 0.18225098 -0.98046875
vn -0.2055664 0.4963379 -0.8432617
vn -0.20410156 0.49291992 -0.8457031
vn -0.31274414 0.7548828 -0.57666016
vn -0.31274414 0.7548828 -0.57666016
vn 0.38330078 -0.9238281 0.0006799698
vn 0.38256836 -0.9238281 0
vn 0.38256836 -0.9238281 0
vn 0.38256836 -0.9238281 0.00028944016
vn 0.3828125 -0.9238281 0.0008940697
vn 0.38354492 -0.92333984 0.0013599396
vn 0.38354492 -0.92333984 0.0013599396
vn 0.41137695 -0.9116211 0.006416321
vn 0.40649414 -0.9135742 0.021484375
vn 0.3864746 -0.9223633 0.013038635
vn 0.43847656 -0.8989258 0.011474609
vn 0.40649414 -0.9135742 0.021484375
vn 0.42919922 -0.90283203 0.020843506
vn 0.43847656 -0.8989258 0.011474609
vn 0.9238281 -0.38256836 0
vn 0.9238281 -0.38256836 0
vn 0.9238281 -0.38256836 0
vn 0.9238281 -0.38256836 0
vn 0.9238281 -0.38256836 0
vn 0.9238281 -0.38256836 0
vn 0.90283203 0.42993164 0.021133423
vn 0.8984375 0.43920898 0.011627197
vn 0.8984375 0.43920898 0.011627197
vn 0.9111328 0.41186523 0.0064964294
vn 0.91308594 0.40673828 0.021774292
vn 0.9223633 0.3864746 0.013206482
vn 0.9238281 0.38330078 0.00068092346
vn 0.92333984 0.38354492 0.0013637543
vn 0.9238281 0.3828125 0.00089740753
vn 0.9238281 0.38256836 -5.9604645E-07
vn 0.9238281 0.38256836 0.00029063225
vn 0.9238281 0.38256836 -5.9604645E-07
vn -0.38183594 -0.9243164 0.0013599396
vn -0.38452148 -0.92285156 -0.013793945
vn -0.40014648 -0.9111328 -0.09863281
vn -0.40234375 -0.9086914 -0.11224365
vn -0.38208008 -0.9243164 0.0006814003
vn -0.38256836 -0.9238281 0.00089263916
vn -0.3828125 -0.9238281 0.00028777122
vn -0.38256836 -0.9238281 0
vn -0.38256836 -0.9238281 0
vn -0.43725586 -0.89941406 0.011230469
vn -0.43725586 -0.89941406 0.011230469
vn -0.42822266 -0.9033203 0.020401001
vn -0.40600586 -0.9135742 0.021026611
vn -0.41088867 -0.9116211 0.006298065
vn -0.4284668 0.9033203 0.020523071
vn -0.4375 0.8989258 0.011291504
vn -0.4375 0.8989258 0.011291504
vn -0.40600586 0.9135742 0.021148682
vn -0.41088867 0.9116211 0.0063285828
vn -0.38354492 0.92333984 0.0013628006
vn -0.3864746 0.9223633 0.0128479
vn -0.38330078 0.9238281 0.0006804466
vn -0.3828125 0.9238281 0.0008969307
vn -0.38256836 0.9238281 0.00029063225
vn -0.38256836 0.9238281 -5.9604645E-07
vn -0.38256836 0.9238281 -5.9604645E-07
vn -0.88134766 0.4182129 -0.21972656
vn -0.88134766 0.4182129 -0.21972656
vn -0.88134766 0.4182129 -0.21972656
vn -0.88134766 0.4182129 -0.21972656
vn -0.88134766 0.4182129 -0.21972656
vn -0.9086914 0.40234375 -0.10986328
vn -0.88134766 0.4182129 -0.21972656
vn -0.890625 0.4140625 -0.18737793
vn -0.9111328 0.40014648 -0.09674072
vn -0.92285156 0.38427734 -0.013580322
vn -0.9243164 0.38208008 0.0006785393
vn -0.9238281 0.38256836 0.000895977
vn -0.9243164 0.38183594 0.0013599396
vn -0.9238281 0.38256836 -5.9604645E-07
vn -0.9238281 0.3828125 0.00029063225
vn -0.9238281 0.38256836 -5.9604645E-07
vn -0.8989258 -0.43798828 0.011405945
vn -0.8989258 -0.43798828 0.011405945
vn -0.9116211 -0.4111328 0.006385803
vn -0.9033203 -0.42895508 0.020721436
vn -0.9135742 -0.40625 0.021362305
vn -0.9223633 -0.3864746 0.012969971
vn -0.9238281 -0.38330078 0.0006804466
vn -0.9238281 -0.3828125 0.0008916855
vn -0.92333984 -0.38354492 0.0013589859
vn -0.9238281 -0.38256836 -5.9604645E-07
vn -0.9238281 -0.38256836 0.0002872944
vn -0.9238281 -0.38256836 -5.9604645E-07
vn -0.41381836 -0.8901367 -0.19116211
vn -0.41796875 -0.8803711 -0.22436523
vn -0.41796875 -0.8803711 -0.22436523
vn -0.40014648 -0.9111328 -0.09863281
vn -0.40234375 -0.9086914 -0.11224365
vn -0.41796875 -0.8803711 -0.22436523
vn -0.41796875 -0.8803711 -0.22436523
vn -0.41796875 -0.8803711 -0.22436523
vn -0.41796875 -0.8803711 -0.22436523
vn -0.005001068 -0.0007185936 -1
vn -0.005001068 -0.0007185936 -1
vn -0.005001068 -0.0007185936 -1
vn -0.005001068 -0.0007185936 -1
vn -0.005001068 -0.0007185936 -1
vn -0.17114258 -0.07019043 -0.98291016
vn -0.005001068 -0.0007185936 -1
vn -0.005001068 -0.0007185936 -1
vn -0.005001068 -0.0007185936 -1
vn -0.1821289 -0.07476807 -0.98046875
vn -0.4963379 -0.2055664 -0.8432617
vn -0.49291992 -0.20422363 -0.8457031
vn -0.7548828 -0.31274414 -0.57666016
vn -0.7548828 -0.31274414 -0.57666016
vn 0.005001068 -0.0007200241 -1
vn 0.005001068 -0.0007200241 -1
vn 0.18225098 -0.0748291 -0.98046875
vn 0.005001068 -0.0007200241 -1
vn 0.17114258 -0.070129395 -0.98291016
vn 0.005001068 -0.0007200241 -1
vn 0.49291992 -0.20422363 -0.8457031
vn 0.4963379 -0.2055664 -0.8432617
vn 0.7548828 -0.31274414 -0.57666016
vn 0.7548828 -0.31274414 -0.57666016
vn 0.005001068 -0.0007200241 -1
vn 0.005001068 -0.0007200241 -1
vn 0.005001068 -0.0007200241 -1
vn 0.005001068 -0.0007200241 -1
vn -0.9238281 0.38256836 -1.9073486E-06
vn -0.9238281 0.38256836 -1.9073486E-06
vn -0.9238281 0.38256836 -1.9073486E-06
vn -0.9238281 0.38256836 -1.9073486E-06
vn -0.9238281 0.38256836 -1.9073486E-06
vn -0.9238281 0.38256836 -1.9073486E-06
vn -0.90478516 -0.37475586 -0.20349121
vn -0.9238281 -0.38256836 0
vn -0.9238281 -0.38256836 0
vn -0.90478516 -0.37475586 -0.20349121
vn -0.7548828 -0.31274414 -0.57666016
vn -0.7548828 -0.31274414 -0.57666016
vn 0.38256836 0.9238281 -5.9604645E-07
vn 0.38256836 0.9238281 -5.9604645E-07
vn 0.38330078 0.9238281 0.0006799698
vn 0.38256836 0.9238281 0.00029063225
vn 0.3828125 0.9238281 0.0008969307
vn 0.38354492 0.92333984 0.0013618469
vn 0.4111328 0.9116211 0.0063705444
vn 0.40625 0.9135742 0.02130127
vn 0.3864746 0.9223633 0.012939453
vn 0.43798828 0.8989258 0.011375427
vn 0.42895508 0.9033203 0.02067566
vn 0.43798828 0.8989258 0.011375427
vn 0.18237305 0.0748291 -0.98046875
vn 0.005012512 0.0007138252 -1
vn 0.005012512 0.0007138252 -1
vn 0.005012512 0.0007138252 -1
vn 0.17102051 0.070129395 -0.98291016
vn 0.005012512 0.0007138252 -1
vn 0.4963379 0.2055664 -0.8432617
vn 0.49291992 0.20410156 -0.8457031
vn 0.7548828 0.31274414 -0.57666016
vn 0.7548828 0.31274414 -0.57666016
vn 0.005012512 0.0007138252 -1
vn 0.005012512 0.0007138252 -1
vn 0.005012512 0.0007138252 -1
vn 0.005012512 0.0007138252 -1
vn -0.9238281 -0.38256836 0
vn -0.9238281 -0.38256836 0
vn -0.9238281 -0.38256836 0
vn -0.9238281 -0.38256836 0
vn -0.9238281 -0.38256836 0
vn -0.9238281 -0.38256836 0
vn 0.9116211 -0.41137695 0.0063934326
vn 0.8989258 -0.43823242 0.011428833
vn 0.8989258 -0.43823242 0.011428833
vn 0.90283203 -0.42895508 0.020767212
vn 0.9135742 -0.40625 0.021408081
vn 0.9223633 -0.3864746 0.013000488
vn 0.9238281 -0.38330078 0.00067949295
vn 0.9238281 -0.3828125 0.0008940697
vn 0.92333984 -0.38354492 0.0013599396
vn 0.9238281 -0.38256836 -5.9604645E-07
vn 0.9238281 -0.38256836 0.00028896332
vn 0.9238281 -0.38256836 -5.9604645E-07
vn 0.89208984 -0.41333008 -0.18225098
vn 0.8833008 -0.41748047 -0.21386719
vn 0.8833008 -0.41748047 -0.21386719
vn 0.9091797 -0.40185547 -0.10687256
vn 0.9116211 -0.3996582 -0.094055176
vn 0.8833008 -0.41748047 -0.21386719
vn 0.8833008 -0.41748047 -0.21386719
vn 0.8833008 -0.41748047 -0.21386719
vn 0.8833008 -0.41748047 -0.21386719
vn 0.9116211 -0.3996582 -0.094055176
vn 0.9243164 -0.38208008 0.0006790161
vn 0.92333984 -0.38427734 -0.013168335
vn 0.9243164 -0.38183594 0.0013599396
vn 0.9238281 -0.38256836 0.000895977
vn 0.9238281 -0.38256836 -5.9604645E-07
vn 0.9238281 -0.3828125 0.00029063225
vn 0.9238281 -0.38256836 -5.9604645E-07
vn -0.38256836 -0.9238281 -3.695488E-06
vn -0.38256836 -0.9238281 -3.695488E-06
vn -0.38256836 -0.9238281 -3.695488E-06
vn -0.38256836 -0.9238281 -3.695488E-06
vn -0.38256836 -0.9238281 -3.695488E-06
vn -0.38256836 -0.9238281 -3.695488E-06
vn 0.38256836 -0.9238281 -5.543232E-06
vn 0.38256836 -0.9238281 -5.543232E-06
vn 0.38256836 -0.9238281 -5.543232E-06
vn 0.38256836 -0.9238281 -5.543232E-06
vn 0.38256836 -0.9238281 -5.543232E-06
vn 0.38256836 -0.9238281 -5.543232E-06
vn 0.3881836 0.6669922 0.6357422
vn 0.46679688 0.64990234 0.5996094
vn 0.14550781 0.7006836 0.6982422
vn 0.12261963 0.703125 0.7006836
vn -0.14550781 0.7006836 0.6982422
vn -0.12261963 0.703125 0.7006836
vn -0.46679688 0.64990234 0.5996094
vn -0.3881836 0.6669922 0.6357422
vn -0.79345703 0.47485352 0.38061523
vn -0.6958008 0.5498047 0.4621582
vn -0 0 -1
vn -0 0 -1
vn -0 0 -1
vn -0 0 -1
vn -0 0 -1
vn -0 0 -1
vn -0 0 -1
vn -0 0 -1
vn -0 0 -1
vn -0 0 -1
vn -0 0 -1
vn -0 0 -1
vn -0 0 -1
vn -0 0 -1
vn -0 0 -1
vn -0 0 -1
vn 0.55566406 0.83154297 0
vn 0.19506836 0.98095703 0
vn 0.55566406 0.83154297 0
vn 0.19506836 0.98095703 0
vn -0.19506836 0.98095703 0
vn -0.19506836 0.98095703 0
vn -0.55566406 0.83154297 0
vn -0.55566406 0.83154297 0
vn -0.83154297 0.55566406 0
vn -0.83154297 0.55566406 0
vn -0.83154297 0.55566406 0
vn -0.98095703 0.19506836 0
vn -0.83154297 0.55566406 0
vn -0.98095703 0.19506836 0
vn -0.98095703 -0.19506836 0
vn -0.98095703 -0.19506836 0
vn -0.83154297 -0.55566406 0
vn -0.83154297 -0.55566406 0
vn -0.55566406 -0.83154297 0
vn -0.55566406 -0.83154297 0
vn -0.55566406 -0.83154297 0
vn -0.19506836 -0.98095703 0
vn -0.55566406 -0.83154297 0
vn -0.19506836 -0.98095703 0
vn 0.19506836 -0.98095703 0
vn 0.19506836 -0.98095703 0
vn 0.55566406 -0.83154297 0
vn 0.55566406 -0.83154297 0
vn 0.83154297 -0.55566406 0
vn 0.83154297 -0.55566406 0
vn 0.83154297 -0.55566406 0
vn 0.98095703 -0.19506836 0
vn 0.83154297 -0.55566406 0
vn 0.98095703 -0.19506836 0
vn 0.98095703 0.19506836 0
vn 0.98095703 0.19506836 0
vn 0.83154297 0.55566406 0
vn 0.83154297 0.55566406 0
vn 0.55566406 0.83154297 0
vn 0.55566406 0.83154297 0
vn 0.70703125 -0.70703125 0
vn 0.9238281 -0.38256836 0
vn 0.9238281 -0.38256836 0
vn 0.70703125 -0.70703125 0
vn 0.38256836 -0.9238281 0
vn 0.38256836 -0.9238281 0
vn -0 -1 0
vn -0 -1 0
vn -0.38256836 -0.9238281 0
vn -0.38256836 -0.9238281 0
vn 0.9238281 -0.38256836 0
vn 1 0 0
vn 0.9238281 -0.38256836 0
vn 1 0 0
vn 0.9238281 0.38256836 0
vn 0.9238281 0.38256836 0
vn 0.70703125 0.70703125 0
vn 0.70703125 0.70703125 0
vn 0.70703125 0.70703125 0
vn 0.38256836 0.9238281 0
vn 0.38256836 0.9238281 0
vn 0.70703125 0.70703125 0
vn 0.38256836 0.9238281 0
vn -0 1 0
vn 0.38256836 0.9238281 0
vn -0 1 0
vn -0.38256836 0.9238281 0
vn -0.38256836 0.9238281 0
vn -0.70703125 0.70703125 0
vn -0.70703125 0.70703125 0
vn -0.9238281 0.38256836 0
vn -0.9238281 0.38256836 0
vn -0.9238281 0.38256836 0
vn -1 0 0
vn -0.9238281 0.38256836 0
vn -1 0 0
vn -0.9238281 -0.38256836 0
vn -0.9238281 -0.38256836 0
vn -0.70703125 -0.70703125 0
vn -0.70703125 -0.70703125 0
vn -0.38256836 -0.9238281 0
vn -0.38256836 -0.9238281 0
vn -0 0 -1
vn -0 0 -1
vn -0 0 -1
vn -0 0 -1
vn -0 0 -1
vn -0 0 -1
vn -0 0 -1
vn -0 0 -1
vn -0 0 -1
vn -0 0 -1
vn -0 0 -1
vn -0 0 -1
vn -0 0 -1
vn -0 0 -1
vn -0 0 -1
vn -0 0 -1
vn -0 0 -1
vn -0 0 -1
vn -0 0 -1
vn -0 0 -1
vn -0 0 -1
vn -0 0 -1
vn -0 0 -1
vn -0 0 -1
vn -0 0 -1
vn -0 0 -1
vn -0 0 -1
vn -0 0 -1
vn -0 0 -1
vn -0 0 -1
vn -0 0 -1
vn -0 0 -1
vn -1.7881393E-07 -1 0
vn -0.38256836 -0.9238281 0
vn -0.38256836 -0.9238281 0
vn -1.7881393E-07 -1 0
vn 0.38256836 -0.9238281 0
vn 0.38256836 -0.9238281 0
vn 0.70703125 -0.70703125 0
vn 0.70703125 -0.70703125 0
vn 0.9238281 -0.38256836 0
vn 0.9238281 -0.38256836 0
vn -0.38256836 -0.9238281 0
vn -0.38256836 -0.9238281 0
vn -0.70703125 -0.70703125 0
vn -0.70703125 -0.70703125 0
vn -0.9238281 -0.38256836 0
vn -0.9238281 -0.38256836 0
vn -1 -1.7881393E-07 0
vn -1 -1.7881393E-07 0
vn -0.9238281 0.38256836 0
vn -0.9238281 0.38256836 0
vn -0.9238281 0.38256836 0
vn -0.9238281 0.38256836 0
vn -0.70703125 0.70703125 0
vn -0.70703125 0.70703125 0
vn -0.38256836 0.9238281 0
vn -0.38256836 0.9238281 0
vn -1.7881393E-07 1 0
vn -1.7881393E-07 1 0
vn 0.38256836 0.9238281 0
vn 0.38256836 0.9238281 0
vn 0.38256836 0.9238281 0
vn 0.38256836 0.9238281 0
vn 0.70703125 0.70703125 0
vn 0.70703125 0.70703125 0
vn 0.70703125 0.70703125 0
vn 0.70703125 0.70703125 0
vn 0.9238281 0.38256836 0
vn 0.9238281 0.38256836 0
vn 1 -1.7881393E-07 0
vn 1 -1.7881393E-07 0
vn 0.9238281 -0.38256836 0
vn 0.9238281 -0.38256836 0
vn -0 0 -1
vn -0 0 -1
vn -0 0 -1
vn -0 0 -1
vn -0 0 -1
vn -0 0 -1
vn -0 0 -1
vn -0 0 -1
vn -0 0 -1
vn -0 0 -1
vn -0 0 -1
vn -0 0 -1
vn -0 0 -1
vn -0 0 -1
vn -0 0 -1
vn -0 0 -1
vn -0 0 -1
vn -0 0 -1
vn -0 0 -1
vn -0 0 -1
vn -0 0 -1
vn -0 -1.1920929E-07 -1
vn -0 -1.1920929E-07 -1
vn -0 -1.1920929E-07 -1
vn -0 0 -1
vn -0 0 -1
vn -0 -1.1920929E-07 -1
vn -0 -1.1920929E-07 -1
vn -0 0 -1
vn -0 0 -1
vn -0 -1.1920929E-07 -1
vn -0 0 -1
vn -0 1 0
vn 0.38256836 0.9238281 0
vn 0.38256836 0.9238281 0
vn -0 1 0
vn -0.38256836 0.9238281 0
vn -0.38256836 0.9238281 0
vn -0.70703125 0.70703125 0
vn -0.70703125 0.70703125 0
vn -0.9238281 0.38256836 0
vn -0.9238281 0.38256836 0
vn 0.38256836 0.9238281 0
vn 0.38256836 0.9238281 0
vn 0.70703125 0.70703125 0
vn 0.70703125 0.70703125 0
vn 0.70703125 0.70703125 0
vn 0.70703125 0.70703125 0
vn 0.9238281 0.38256836 0
vn 0.9238281 0.38256836 0
vn 1 0 0
vn 1 0 0
vn 0.9238281 -0.38256836 0
vn 0.9238281 -0.38256836 0
vn 0.9238281 -0.38256836 0
vn 0.9238281 -0.38256836 0
vn 0.70703125 -0.70703125 0
vn 0.70703125 -0.70703125 0
vn 0.38256836 -0.9238281 0
vn 0.38256836 -0.9238281 0
vn -0 -1 0
vn -0 -1 0
vn -0.38256836 -0.9238281 0
vn -0.38256836 -0.9238281 0
vn -0.38256836 -0.9238281 0
vn -0.38256836 -0.9238281 0
vn -0.70703125 -0.70703125 0
vn -0.70703125 -0.70703125 0
vn -0.9238281 -0.38256836 0
vn -0.9238281 -0.38256836 0
vn -1 0 0
vn -1 0 0
vn -0.9238281 0.38256836 0
vn -0.9238281 0.38256836 0
vn -0 0 -1
vn -0 0 -1
vn -0 0 -1
vn -0 0 -1
vn -0 0 -1
vn -0 0 -1
vn -0 0 -1
vn -0 0 -1
vn -0 0 -1
vn -0 0 -1
vn -0 0 -1
vn -0 1.1920929E-07 -1
vn -0 0 -1
vn -0 1.1920929E-07 -1
vn -0 0 -1
vn -0 0 -1
vn -0 1.1920929E-07 -1
vn -0 1.1920929E-07 -1
vn -0 1.1920929E-07 -1
vn -0 1.1920929E-07 -1
vn -0 1.1920929E-07 -1
vn -0 1.1920929E-07 -1
vn -0 1.1920929E-07 -1
vn -0 1.1920929E-07 -1
vn -0 1.1920929E-07 -1
vn -0 1.1920929E-07 -1
vn -0 1.1920929E-07 -1
vn -0 1.1920929E-07 -1
vn -0 1.1920929E-07 -1
vn -0 1.1920929E-07 -1
vn -0 1.1920929E-07 -1
vn -0 1.1920929E-07 -1
vn -0.70703125 0.70703125 0
vn -0.9238281 0.38256836 0
vn -0.9238281 0.38256836 0
vn -0.70703125 0.70703125 0
vn -0.38256836 0.9238281 0
vn -0.38256836 0.9238281 0
vn -0 1 0
vn -0 1 0
vn 0.38256836 0.9238281 0
vn 0.38256836 0.9238281 0
vn -0.9238281 0.38256836 0
vn -1 6.556511E-07 0
vn -0.9238281 0.38256836 0
vn -1 6.556511E-07 0
vn -0.9238281 -0.38256836 0
vn -0.9238281 -0.38256836 0
vn -0.70703125 -0.70703125 0
vn -0.70703125 -0.70703125 0
vn -0.38256836 -0.9238281 0
vn -0.38256836 -0.9238281 0
vn -0.38256836 -0.9238281 0
vn -0 -1 0
vn -0.38256836 -0.9238281 0
vn -0 -1 0
vn 0.38256836 -0.9238281 0
vn 0.38256836 -0.9238281 0
vn 0.70703125 -0.70703125 0
vn 0.70703125 -0.70703125 0
vn 0.9238281 -0.38256836 0
vn 0.9238281 -0.38256836 0
vn 0.9238281 -0.38256836 0
vn 1 6.556511E-07 0
vn 0.9238281 -0.38256836 0
vn 1 6.556511E-07 0
vn 0.9238281 0.38256836 0
vn 0.9238281 0.38256836 0
vn 0.70703125 0.70703125 0
vn 0.70703125 0.70703125 0
vn -0 0 -1
vn -0 0 -1
vn -0 0 -1
vn -0 0 -1
vn -0 0 -1
vn -0 0 -1
vn -0 0 -1
vn -0 0 -1
vn -0 0 -1
vn -0 0 -1
vn -0 0 -1
vn -0 0 -1
vn -0 0 -1
vn -0 0 -1
vn -0 0 -1
vn -0 0 -1
vn -0 0 -1
vn -0 0 -1
vn -0 0 -1
vn -0 0 -1
vn -0 0 -1
vn -0 0 -1
vn -0 0 -1
vn -0 0 -1
vn -0 0 -1
vn -0 0 -1
vn -0 0 -1
vn -0 0 -1
vn -0 0 -1
vn -0 0 -1
vn -0 0 -1
vn -0 0 -1
vn 0.70703125 0.70703125 0
vn 0.38256836 0.9238281 0
vn 0.38256836 0.9238281 0
vn 0.70703125 0.70703125 0
vn -0 0 -1
vn -0 0 -1
vn -0 2.3841858E-07 -1
vn -0 0 -1
vn -0 2.3841858E-07 -1
vn -0 0 -1
vn -0 2.3841858E-07 -1
vn -0 0 -1
vn -0 0 -1
vn -0 2.3841858E-07 -1
vn -0 0 -1
vn -0 1.7881393E-07 -1
vn -0 2.3841858E-07 -1
vn -0 5.364418E-07 -1
vn -0 0 -1
vn -0 0 -1
vn -0 0 -1
vn -0 0 -1
vn -0 5.364418E-07 -1
vn -0 0 -1
vn -0 2.9802322E-07 -1
vn -0 5.364418E-07 -1
vn -0 0 -1
vn -0 0 -1
vn -0 0 -1
vn -0 0 -1
vn -0 0 -1
vn -0 0 -1
vn -0 0 -1
vn -0 0 -1
vn -0 0 -1
vn -0 1.7881393E-07 -1
vn -0 1.7881393E-07 -1
vn -0 0 -1
vn -0 -1.7881393E-07 -1
vn -0 1.7881393E-07 -1
vn -0 -1.7881393E-07 -1
vn -0 0 -1
vn -0 -1.7881393E-07 -1
vn -0 0 -1
vn -0 0 -1
vn -0 0 -1
vn -0 0 -1
vn -0 0 -1
vn -0 0 -1
vn -0 0 -1
vn -0 0 -1
vn -0 0 -1
vn -0 0 -1
vn -0 0 -1
vn -0 0 -1
vn -0 0 -1
vn -0 0 -1
vn -0 -1.7881393E-07 -1
vn -0 0 -1
vn -0 0 -1
vn -0 0 -1
vn -0 0 -1
vn -0 -1.7881393E-07 -1
vn -0 -2.9802322E-07 -1
vn -0 0 -1
vn -0 0 -1
vn -0 0 -1
vn -0 0 -1
vn -0 -1.1920929E-07 -1
vn -0 -2.9802322E-07 -1
vn -0 0 -1
vn -0 -2.9802322E-07 -1
vn -0 0 -1
vn -0 0 -1
vn -0 0 -1
vn -0 0 -1
vn -0 0 -1
vn -0 0 -1
vn -0 0 -1
vn -0 0 -1
vn -0 0 -1
vn -0 0 -1
vn -0 0 -1
vn -0 0 -1
vn -0 0 -1
vn -0 0 -1
vn -0 0 -1
vn -0 0 -1
vn -0 0 -1
vn -0 0 -1
vn -0 0 -1
vn -0 0 -1
vn -0 0 -1
vn -0 0 -1
vn -0 0 -1
vn -0 0 -1
vn -0 0 -1
vn -0 0 -1
vn -0 0 -1
vn -0 0 -1
vn -0 0 -1
vn -0 0 -1
vn -0 0 -1
vn -0 -1.0728836E-06 -1
vn -0 -5.364418E-07 -1
vn -0 -1.0728836E-06 -1
vn -0 0 -1
vn -0 0 -1
vn -0 0 -1
vn -0 0 -1
vn -0 0 -1
vn -0 0 -1
vn -0 0 -1
vn -0 0 -1
vn -0 0 -1
vn -0 0 -1
vn -0 0 -1
vn -0 0 -1
vn -0 0 -1
vn -0 0 -1
vn -0 0 -1
vn -0 0 -1
vn -0 0 -1
vn -0 0 -1
vn -0 0 -1
vn -0 0 -1
vn -0 -5.9604645E-07 -1
vn -0 -1.1324883E-06 -1
vn -0 -1.1324883E-06 -1
vn -0 0 -1
vn -0 0 -1
vn -0 0 -1
vn -0 0 -1
vn -0 0 -1
vn -0 0 -1
vn -0 -1.1920929E-07 -1
vn -0 -1.1920929E-07 -1
vn -0 -1.1920929E-07 -1
vn -0 -1.7881393E-07 -1
vn -0 -2.3841858E-07 -1
vn -0 -1.1920929E-07 -1
vn -0 0 -1
vn -0 0 -1
vn -0 -5.364418E-07 -1
vn -0 -5.364418E-07 -1
vn -0 0 -1
vn -0 0 -1
vn -0 -1.1920929E-07 -1
vn -0 -4.172325E-07 -1
vn -0 -5.364418E-07 -1
vn -0 0 -1
vn -0 0 -1
vn -0 0 -1
vn -0 0 -1
vn -0 0 -1
vn -0 0 -1
vn -0 0 -1
vn -0 0 -1
vn -0 0 -1
vn -0 0 -1
vn -0 0 -1
vn -0 0 -1
vn -0 0 -1
vn -0 0 -1
vn -0 0 -1
vn -0 0 -1
vn -0 0 -1
vn -0 0 -1
vn -0 0 -1
vn -0.98095703 -0.19506836 0.00046110153
vn -0.98095703 -0.19506836 0.00046133995
vn -0.98095703 -0.19506836 0.00019860268
vn -0.98095703 -0.19506836 6.1392784E-06
vn -0.98095703 -0.19506836 -2.026558E-06
vn -0.98095703 -0.19506836 -1.013279E-06
vn -0.98095703 -0.19506836 -3.695488E-06
vn -0.98095703 -0.19506836 -2.026558E-06
vn -0.98095703 -0.19506836 -2.026558E-06
vn -0.98095703 -0.19506836 -2.026558E-06
vn -0.9238281 -0.38256836 -2.682209E-06
vn -0.98095703 -0.19506836 -5.3048134E-06
vn -0.98095703 -0.19506836 -5.3048134E-06
vn -0.9238281 -0.38256836 1.7881393E-06
vn -0.98095703 -0.19506836 -3.695488E-06
vn -0.98095703 -0.19506836 0.00019860268
vn -0.70751953 -0.70654297 0
vn -0.70703125 -0.70703125 0
vn -0.38305664 -0.9238281 3.5762787E-07
vn -0.38256836 -0.9238281 3.5762787E-07
vn -0.98095703 -0.19506836 6.198883E-06
vn -0.98095703 -0.19506836 6.1392784E-06
vn -0.98095703 -0.19506836 -1.013279E-06
vn -0.98095703 -0.19506836 0
vn -0.98095703 -0.19506836 0
vn -1 0.00045990944 0
vn -1 -5.364418E-07 0
vn -0.98095703 0.19506836 0
vn -0.98095703 0.19506836 0
vn 0.38256836 -0.9238281 0
vn 0.19506836 -0.98095703 0
vn 0.19506836 -0.98095703 0
vn 0.38256836 -0.9238281 0
vn -4.172325E-07 -1 -2.3841858E-07
vn -2.9802322E-07 -1 1.5497208E-06
vn -0.19506836 -0.98095703 -0.0001899004
vn -0.19506836 -0.98095703 1.3113022E-06
vn -0.38305664 -0.9238281 1.5497208E-06
vn -0.38256836 -0.9238281 1.5497208E-06
vn -0.19506836 -0.98095703 2.9206276E-06
vn -0.19506836 -0.98095703 -4.595518E-05
vn -4.172325E-07 -1 -2.3841858E-07
vn 0.19506836 -0.98095703 0
vn 0.19506836 -0.98095703 0
vn -5.9604645E-07 -1 -2.0861626E-06
vn -0.19506836 -0.98095703 -4.1127205E-06
vn -0.19506836 -0.98095703 -4.1127205E-06
vn -0.19506836 -0.98095703 -4.1127205E-06
vn -0.19506836 -0.98095703 1.3113022E-06
vn -0.19506836 -0.98095703 -2.026558E-06
vn 0.38256836 -0.9238281 0
vn 0.38256836 -0.9238281 0
vn 0.70703125 -0.70703125 0
vn 0.70703125 -0.70703125 0
vn 0.9238281 -0.38256836 8.34465E-07
vn 0.9238281 -0.38256836 8.34465E-07
vn -0.70654297 -0.70751953 0
vn -0.38256836 -0.9238281 1.3709068E-06
vn -0.38232422 -0.9238281 1.3709068E-06
vn -0.70703125 -0.70703125 0
vn -0.9238281 -0.38256836 1.7881393E-06
vn -0.9238281 -0.38256836 6.3180923E-06
vn -0.98095703 -0.19506836 0.00019860268
vn -0.98095703 -0.19506836 0.00046133995
vn -0.98095703 -0.19506836 0.00046110153
vn -0.98095703 -0.19506836 6.1392784E-06
vn -0.98095703 -0.19506836 6.198883E-06
vn -1 -5.364418E-07 6.3180923E-06
vn -1 -0.0004608631 6.3180923E-06
vn -0.98095703 0.19506836 0
vn -0.9238281 0.38256836 0
vn -0.98095703 0.19506836 0
vn -0.9238281 0.38256836 0
vn -1 4.7683716E-07 0
vn -0.98095703 0.19506836 0
vn -0.98095703 0.19506836 0
vn -1 4.7683716E-07 0
vn -0.9238281 0.38256836 0
vn -0.9238281 0.38232422 0
vn -0.9238281 -0.38256836 0
vn -0.9238281 -0.38256836 0
vn -0.70703125 -0.70703125 0
vn -0.70703125 -0.70703125 0
vn -0.38256836 -0.9238281 0
vn -0.38256836 -0.9238281 0
vn -0.9238281 0.38305664 -2.5629997E-06
vn -0.98095703 0.19506836 -5.00679E-06
vn -0.98095703 0.19506836 -5.00679E-06
vn -0.9238281 0.38256836 -2.5629997E-06
vn -0.38232422 -0.9238281 1.3709068E-06
vn -0.38256836 -0.9238281 1.3709068E-06
vn 2.9802322E-07 -1 1.3709068E-06
vn -0.19506836 -0.98095703 2.7418137E-06
vn 2.9802322E-07 -1 1.3709068E-06
vn -0.19506836 -0.98095703 2.7418137E-06
vn -0.38256836 -0.9238281 3.5762787E-07
vn -0.38305664 -0.9238281 3.5762787E-07
vn -0.19506836 -0.98095703 7.1525574E-07
vn -0.19506836 -0.98095703 7.1525574E-07
vn -0.70751953 0.70654297 0
vn -0.9238281 0.38256836 0
vn -0.9238281 0.38232422 0
vn -0.70703125 0.70703125 0
vn -0.38256836 0.9238281 -5.90086E-06
vn -0.38256836 0.9238281 -1.3113022E-06
vn -0.19506836 0.98095703 -0.0016345978
vn -0.19506836 0.98095703 -0.0002373457
vn -0.00046277046 1 -6.4969063E-06
vn -1.1920929E-06 1 -6.4373016E-06
vn -0.19506836 0.98095703 -9.894371E-06
vn -0.19506836 0.98095703 -2.3245811E-06
vn -0.19506836 0.98095703 -0.0017299652
vn 0.19506836 0.98095703 -1.0728836E-06
vn 0.38256836 0.9238281 -5.364418E-07
vn 0.38256836 0.9238281 -5.364418E-07
vn 0.19506836 0.98095703 -1.0728836E-06
vn -0.70703125 0.70703125 0
vn -0.9238281 0.38305664 -2.5629997E-06
vn -0.9238281 0.38256836 -2.5629997E-06
vn -0.70654297 0.70751953 0
vn -0.38256836 0.9238281 -1.3113022E-06
vn -0.38256836 0.9238281 3.33786E-06
vn -0.19506836 0.98095703 7.987022E-06
vn -0.19506836 0.98095703 -0.0002373457
vn -0.19506836 0.98095703 -8.165836E-06
vn -0.19506836 0.98095703 6.4969063E-06
vn -0.19506836 0.98095703 6.4969063E-06
vn -0.19506836 0.98095703 -8.165836E-06
vn 1.6152859E-05 1 -4.172325E-06
vn -0.19506836 0.98095703 -2.3245811E-06
vn -0.19506836 0.98095703 -0.0017299652
vn -0.19506836 0.98095703 -0.0016345978
vn -0.19506836 0.98095703 6.556511E-07
vn -0.19506836 0.98095703 -9.894371E-06
vn 0.00047779083 1 -4.172325E-06
vn 0.19519043 0.98095703 0
vn 0.19519043 0.98095703 0
vn 0.98095703 -0.19506836 1.66893E-06
vn 0.9238281 -0.38256836 8.34465E-07
vn 0.9238281 -0.38256836 8.34465E-07
vn 0.98095703 -0.19506836 1.66893E-06
vn 1 0.00046014786 1.0371208E-05
vn 1 -1.1920929E-07 1.0311604E-05
vn 0.98095703 0.19506836 9.298325E-06
vn 0.98095703 0.19506836 6.7949295E-06
vn 0.98095703 0.19506836 -0.0001757145
vn 0.98095703 0.19506836 -0.00031924248
vn 0.9238281 0.38256836 4.708767E-06
vn 0.98095703 0.19506836 -0.00015938282
vn 0.9238281 0.38256836 9.4771385E-06
vn 0.70654297 0.70751953 0
vn 0.70703125 0.70703125 0
vn 0.98095703 -0.19506836 0
vn 0.98095703 -0.19506836 0
vn 1 -0.0004749298 0
vn 1 -1.4305115E-05 0
vn 0.98095703 0.19506836 9.298325E-06
vn 0.98095703 0.19506836 0
vn 0.98095703 0.19506836 0
vn 0.98095703 0.19506836 -1.66893E-06
vn 0.98095703 0.19506836 6.7949295E-06
vn 0.98095703 0.19506836 -0.00015938282
vn 0.98095703 0.19506836 -0.0001757145
vn 0.98095703 0.19506836 -0.00031924248
vn 0.98095703 0.19506836 6.7949295E-06
vn 0.98095703 0.19506836 -3.2782555E-06
vn 0.98095703 0.19506836 -1.66893E-06
vn 0.98095703 0.19506836 -3.2782555E-06
vn 0.98095703 0.19506836 -1.66893E-06
vn 0.98095703 0.19506836 -3.2782555E-06
vn 0.98095703 0.19506836 -3.2782555E-06
vn 0.98095703 0.19506836 0
vn 0.98095703 0.19506836 0
vn 0.9238281 0.38256836 0
vn 0.98095703 0.19506836 -1.66893E-06
vn 0.98095703 0.19506836 -0.00015938282
vn 0.9238281 0.38256836 4.708767E-06
vn 0.70703125 0.70703125 0
vn 0.70751953 0.70654297 0
vn 0.70703125 0.70703125 0
vn 0.38256836 0.9238281 -2.3841858E-07
vn 0.38232422 0.9238281 -2.3841858E-07
vn 0.70654297 0.70751953 0
vn 0.70751953 0.70654297 0
vn 0.38305664 0.9238281 -1.013279E-06
vn 0.38256836 0.9238281 -1.013279E-06
vn 0.70703125 0.70703125 0
vn 0.70703125 0.70703125 0
vn 0.38256836 0.9238281 -5.364418E-07
vn 0.38256836 0.9238281 -5.364418E-07
vn 0.70703125 0.70703125 0
vn 0.38232422 0.9238281 -2.3841858E-07
vn 0.38256836 0.9238281 -2.3841858E-07
vn -1.7881393E-07 1 -2.3841858E-07
vn 0.19506836 0.98095703 -4.7683716E-07
vn -1.7881393E-07 1 -2.3841858E-07
vn 0.19506836 0.98095703 -4.7683716E-07
vn 0.38305664 0.9238281 -1.013279E-06
vn 0.19506836 0.98095703 -2.026558E-06
vn 0.19506836 0.98095703 -2.026558E-06
vn 0.38256836 0.9238281 -1.013279E-06
vn 0.9238281 0.38256836 0
vn 0.70703125 0.70703125 0
vn 0.70703125 0.70703125 0
vn 0.9238281 0.38256836 0
vn 1 1.7881393E-07 -1.6093254E-06
vn 0.98095703 0.19506836 0
vn 0.98095703 0.19506836 0
vn 1 -1.847744E-06 3.0398369E-06
vn 0.9238281 -0.38256836 -1.6093254E-06
vn 0.98095703 -0.19506836 -2.6226044E-06
vn 0.98095703 -0.19506836 9.9897385E-05
vn 0.98095703 -0.19506836 0.00010436773
vn 0.98095703 -0.19506836 -2.2053719E-06
vn 0.9238281 -0.38305664 -1.5497208E-06
vn 0.38256836 0.9238281 0
vn 4.172325E-07 1 -1.1920929E-07
vn 4.172325E-07 1 -1.1920929E-07
vn 0.38256836 0.9238281 0
vn 0.98095703 0.19506836 0
vn 0.98095703 0.19506836 0
vn 1 -3.8146973E-06 7.748604E-06
vn 1 -1.847744E-06 3.0398369E-06
vn 0.98095703 -0.19506836 1.5199184E-05
vn 0.98095703 -0.19506836 1.5199184E-05
vn 0.98095703 -0.19506836 1.5199184E-05
vn 0.98095703 -0.19506836 -1.3113022E-06
vn 0.98095703 -0.19506836 -2.6226044E-06
vn 0.98095703 -0.19506836 5.9604645E-06
vn 0.98095703 -0.19506836 0.00010436773
vn 0.98095703 -0.19506836 9.9897385E-05
vn 0.98095703 -0.19506836 -2.3245811E-06
vn 0.98095703 -0.19506836 -2.2053719E-06
vn 0.98095703 -0.19506836 -1.3113022E-06
vn 0.9238281 -0.38256836 -6.556511E-07
vn 0.9238281 -0.38232422 -6.556511E-07
vn 0.70703125 0.70703125 0
vn 0.38256836 0.9238281 0
vn 0.38256836 0.9238281 0
vn 0.70703125 0.70703125 0
vn 0.9238281 0.38256836 0
vn 0.70703125 0.70703125 0
vn 0.70703125 0.70703125 0
vn 0.9238281 0.38256836 0
vn 1 6.556511E-07 0
vn 1 6.556511E-07 0
vn 0.70751953 -0.70654297 0
vn 0.9238281 -0.38232422 -6.556511E-07
vn 0.9238281 -0.38256836 -6.556511E-07
vn 0.70703125 -0.70703125 0
vn 0.38256836 -0.9238281 2.4437904E-06
vn 0.38305664 -0.9238281 2.4437904E-06
vn 0.19506836 -0.98095703 4.827976E-06
vn 0.19506836 -0.98095703 4.827976E-06
vn 0.70703125 -0.70703125 0
vn 0.9238281 -0.38256836 -1.6093254E-06
vn 0.9238281 -0.38305664 -1.5497208E-06
vn 0.70654297 -0.70751953 0
vn 0.38232422 -0.9238281 -4.7683716E-07
vn 0.38256836 -0.9238281 -4.7683716E-07
vn 0.19506836 -0.98095703 -8.940697E-07
vn -5.364418E-07 -1 -4.7683716E-07
vn 0.19506836 -0.98095703 -8.940697E-07
vn -5.364418E-07 -1 -4.7683716E-07
vn -0.38256836 -0.9238281 0
vn -0.38256836 -0.9238281 0
vn 0.9238281 -0.38256836 0
vn 1 6.556511E-07 0
vn 1 6.556511E-07 0
vn 0.98095703 -0.19506836 0
vn 0.98095703 -0.19506836 0
vn 0.9238281 -0.38232422 0
vn 0.9238281 -0.38305664 1.9669533E-06
vn 0.98095703 -0.19506836 3.874302E-06
vn 0.98095703 -0.19506836 3.874302E-06
vn 0.9238281 -0.38256836 1.9669533E-06
vn 0.70703125 -0.70703125 0
vn 0.9238281 -0.38256836 0
vn 0.9238281 -0.38232422 0
vn 0.70751953 -0.70654297 0
vn 0.38256836 -0.9238281 -1.3709068E-06
vn 0.38256836 -0.9238281 -1.5497208E-06
vn 0.19506836 -0.98095703 3.248453E-05
vn 0.19506836 -0.98095703 8.9645386E-05
vn 0.0004618168 -1 -1.6093254E-06
vn 2.9802322E-07 -1 -1.5497208E-06
vn 0.19506836 -0.98095703 1.4901161E-06
vn 0.19506836 -0.98095703 -1.66893E-06
vn 0.19506836 -0.98095703 3.248453E-05
vn -0.19506836 -0.98095703 0
vn -0.38256836 -0.9238281 0
vn -0.38256836 -0.9238281 0
vn -0.19506836 -0.98095703 0
vn 0.70654297 -0.70751953 0
vn 0.9238281 -0.38305664 1.9669533E-06
vn 0.9238281 -0.38256836 1.9669533E-06
vn 0.70703125 -0.70703125 0
vn 0.38256836 -0.9238281 -1.1324883E-06
vn 0.38256836 -0.9238281 -1.3709068E-06
vn 0.19506836 -0.98095703 -1.66893E-06
vn 0.19506836 -0.98095703 8.9645386E-05
vn 0.19506836 -0.98095703 -2.1457672E-06
vn 0.19506836 -0.98095703 -2.1457672E-06
vn 2.9802322E-07 -1 1.3709068E-06
vn 2.9802322E-07 -1 1.3709068E-06
vn 0.38256836 -0.9238281 0
vn 0.38256836 -0.9238281 0
vn 0.70703125 -0.70703125 0
vn 0.70703125 -0.70703125 0
vn 0.9238281 -0.38256836 0
vn 0.9238281 -0.38256836 0
vn 0.19506836 -0.98095703 3.248453E-05
vn 0.19506836 -0.98095703 3.248453E-05
vn 0.19506836 -0.98095703 8.9645386E-05
vn 0.19506836 -0.98095703 -1.66893E-06
vn 0.19506836 -0.98095703 -1.2516975E-06
vn 0.19506836 -0.98095703 2.4437904E-06
vn 0.19506836 -0.98095703 -1.66893E-06
vn 0.19506836 -0.98095703 -1.2516975E-06
vn 0.19506836 -0.98095703 -1.2516975E-06
vn 0.19506836 -0.98095703 -1.2516975E-06
vn 0.19506836 -0.98095703 6.1392784E-06
vn 0.19506836 -0.98095703 6.1392784E-06
vn 5.3048134E-06 -1 3.0994415E-06
vn 0.19506836 -0.98095703 1.4901161E-06
vn 0.19506836 -0.98095703 2.4437904E-06
vn 0.19506836 -0.98095703 -1.66893E-06
vn -0.00045633316 -1 3.0994415E-06
vn -0.19506836 -0.98095703 0
vn -0.19506836 -0.98095703 0
vn 0.9238281 -0.38256836 0
vn 1 -1.013279E-06 1.4901161E-06
vn 1 -1.013279E-06 1.4901161E-06
vn 0.9238281 -0.38256836 0
vn -0.70703125 -0.70703125 0
vn -0.38256836 -0.9238281 0
vn -0.38256836 -0.9238281 0
vn -0.70703125 -0.70703125 0
vn -0.9238281 -0.38256836 1.6093254E-06
vn -0.9238281 -0.38256836 1.6093254E-06
vn 0.98095703 0.19506836 2.861023E-06
vn 0.98095703 0.19506836 2.861023E-06
vn 1 -1.013279E-06 1.4901161E-06
vn 1 -1.013279E-06 1.4901161E-06
vn 0.9238281 0.38232422 1.4901161E-06
vn 0.9238281 0.38256836 1.4901161E-06
vn 0.70751953 0.70654297 0
vn 0.70703125 0.70703125 0
vn 0.9238281 0.38256836 2.4437904E-06
vn 0.98095703 0.19506836 4.7683716E-06
vn 0.98095703 0.19506836 4.7683716E-06
vn 0.9238281 0.38305664 2.4437904E-06
vn 0.70703125 0.70703125 0
vn 0.70654297 0.70751953 0
vn -1.7881393E-07 1 -2.3841858E-07
vn -0.38256836 0.9238281 0
vn -1.7881393E-07 1 -2.3841858E-07
vn -0.38256836 0.9238281 0
vn -0.70703125 0.70703125 0
vn -0.70703125 0.70703125 0
vn -0.9238281 0.38256836 0
vn -0.9238281 0.38256836 0
vn -0.9238281 -0.38256836 1.6093254E-06
vn -0.98095703 -0.19506836 3.1590462E-06
vn -0.98095703 -0.19506836 3.1590462E-06
vn -0.9238281 -0.38256836 1.6093254E-06
vn -1 2.3841858E-07 -1.5497208E-06
vn -1 1.41859055E-05 -7.748604E-07
vn -0.98095703 0.19506836 -4.708767E-06
vn -0.98095703 0.19506836 0.000320673
vn -0.98095703 0.19506836 -3.0994415E-06
vn -0.98095703 0.19506836 -3.5762787E-06
vn -0.9238281 0.38256836 -3.1590462E-06
vn -0.9238281 0.38305664 -3.1590462E-06
vn -1 2.8133392E-05 0
vn -0.98095703 -0.19506836 0
vn -0.98095703 -0.19506836 0
vn -1 1.41859055E-05 -7.748604E-07
vn -0.98095703 0.19506836 0
vn -0.98095703 0.19506836 0
vn -0.98095703 0.19506836 0
vn -0.98095703 0.19506836 -1.66893E-06
vn -0.98095703 0.19506836 -4.708767E-06
vn 0.70703125 0.70703125 0
vn 0.38256836 0.9238281 3.9339066E-06
vn 0.38305664 0.9238281 3.9339066E-06
vn 0.70751953 0.70654297 0
vn 0.70654297 0.70751953 0
vn 0.38232422 0.9238281 2.2053719E-06
vn 0.38256836 0.9238281 2.2053719E-06
vn 0.70703125 0.70703125 0
vn -0.98095703 0.19506836 0.000320673
vn -0.98095703 0.19506836 -4.708767E-06
vn -0.98095703 0.19506836 -3.5762787E-06
vn -0.98095703 0.19506836 -3.2782555E-06
vn -0.98095703 0.19506836 -1.66893E-06
vn -0.98095703 0.19506836 -1.66893E-06
vn -0.98095703 0.19506836 -3.2782555E-06
vn -0.98095703 0.19506836 -3.2782555E-06
vn -0.98095703 0.19506836 -3.2782555E-06
vn -0.98095703 0.19506836 -3.2782555E-06
vn -0.98095703 0.19506836 0
vn -0.9238281 0.38256836 0
vn -0.9238281 0.38232422 0
vn -0.98095703 0.19506836 -3.0994415E-06
vn -0.98095703 0.19506836 0
vn -0.98095703 0.19506836 -1.66893E-06
vn -0.98095703 0.19506836 -3.5762787E-06
vn 0.19506836 0.98095703 3.5762787E-07
vn 0.19506836 0.98095703 -0.0004477501
vn 0.19506836 0.98095703 -0.0009021759
vn 0.19506836 0.98095703 -1.1980534E-05
vn 0.19506836 0.98095703 -2.4437904E-06
vn 0.19506836 0.98095703 -2.4437904E-06
vn 0.19506836 0.98095703 9.536743E-07
vn 0.19506836 0.98095703 -2.4437904E-06
vn 0.19506836 0.98095703 -2.4437904E-06
vn 0.19506836 0.98095703 -2.4437904E-06
vn 0.38305664 0.9238281 3.9339066E-06
vn 0.38256836 0.9238281 3.9339066E-06
vn -0 1 3.9339066E-06
vn 0.19506836 0.98095703 -0.0009021759
vn 0.19506836 0.98095703 6.020069E-06
vn 0.19506836 0.98095703 -0.0004477501
vn 7.5101852E-06 1 -3.4570694E-06
vn 0.19506836 0.98095703 3.5762787E-07
vn -0.38256836 0.9238281 0
vn -0.19506836 0.98095703 0
vn -0.38256836 0.9238281 0
vn -0.19506836 0.98095703 0
vn 0.19506836 0.98095703 6.020069E-06
vn 0.19506836 0.98095703 -0.0004477501
vn 0.19506836 0.98095703 9.536743E-07
vn 0.19506836 0.98095703 4.351139E-06
vn 0.38232422 0.9238281 2.2053719E-06
vn 0.38256836 0.9238281 2.2053719E-06
vn 0.19506836 0.98095703 4.351139E-06
vn 0.19506836 0.98095703 -2.1457672E-05
vn 0.19506836 0.98095703 -1.1980534E-05
vn 0.19506836 0.98095703 3.5762787E-07
vn 7.5101852E-06 1 -3.4570694E-06
vn 0.19506836 0.98095703 -2.1457672E-05
vn 1.4960766E-05 1 -1.0967255E-05
vn 0.19506836 0.98095703 -2.1457672E-05
vn -0.19506836 0.98095703 0
vn -0.19506836 0.98095703 0
vn -0.70703125 0.70703125 0
vn -0.9238281 0.38232422 0
vn -0.9238281 0.38256836 0
vn -0.70751953 0.70654297 0
vn -0.38305664 0.9238281 1.4305115E-06
vn -0.38256836 0.9238281 1.4305115E-06
vn -0.19506836 0.98095703 2.7418137E-06
vn -0.19506836 0.98095703 2.7418137E-06
vn -0.70654297 0.70751953 0
vn -0.9238281 0.38256836 -3.1590462E-06
vn -0.9238281 0.38305664 -3.1590462E-06
vn -0.70703125 0.70703125 0
vn -0.38256836 0.9238281 -1.1920929E-07
vn -0.38232422 0.9238281 -1.1920929E-07
vn -0.19506836 0.98095703 -2.3841858E-07
vn 4.172325E-07 1 -1.1920929E-07
vn 4.172325E-07 1 -1.1920929E-07
vn -0.19506836 0.98095703 -2.3841858E-07
vn -0.9238281 0.38256836 0
vn -0.9238281 0.38256836 0
vn -1 0 0
vn -1 0 0
vn -0.98095703 -0.19506836 0
vn -1 0 0
vn -1 0 0
vn -0.98095703 -0.19506836 0
vn -0.9238281 -0.38256836 0
vn -0.9238281 -0.38232422 0
vn -0.70703125 -0.70703125 0
vn -0.70751953 -0.70654297 0
vn -0.38256836 -0.9238281 1.5497208E-06
vn -0.38305664 -0.9238281 1.5497208E-06
vn -0.98095703 -0.19506836 0
vn -0.98095703 -0.19506836 0
vn -0.9238281 -0.38305664 0
vn -0.9238281 -0.38256836 0
vn -0.70654297 -0.70751953 0
vn -0.70703125 -0.70703125 0
vn -0.38232422 -0.9238281 1.3709068E-06
vn -0.38256836 -0.9238281 1.3709068E-06
vn -0.38256836 0.9238281 0
vn -0.70703125 0.70703125 0
vn -0.38256836 0.9238281 0
vn -0.70703125 0.70703125 0
vn -0.9238281 0.38256836 0
vn -0.9238281 0.38256836 0
vn -0.19506836 -0.98095703 -0.0001899004
vn -0.19506836 -0.98095703 1.3113022E-06
vn -0.19506836 -0.98095703 -4.595518E-05
vn -0.19506836 -0.98095703 -2.026558E-06
vn -0.19506836 -0.98095703 0
vn -0.19506836 -0.98095703 0
vn -0.19506836 -0.98095703 1.3709068E-06
vn -0.19506836 -0.98095703 0
vn -0.19506836 -0.98095703 0
vn -0.19506836 -0.98095703 0
vn -0.19506836 -0.98095703 2.9206276E-06
vn -0.19506836 -0.98095703 -4.595518E-05
vn -0.19506836 -0.98095703 1.3709068E-06
vn -0.19506836 -0.98095703 2.682209E-06
vn -0.38232422 -0.9238281 1.3709068E-06
vn -0.38256836 -0.9238281 1.3709068E-06
vn -0.19506836 -0.98095703 2.682209E-06
vn -0 0 -1
vn -0 0 -1
vn -0 0 -1
vn -0 0 -1
vn -0 0 -1
vn -0 0 -1
vn -0 0 -1
vn -0 0 -1
vn -0 0 -1
vn -0 0 -1
vn -0 0 -1
vn -0 0 -1
vn -0 0 -1
vn -0 0 -1
vn -0 0 -1
vn -0 0 -1
vn -0 0 -1
vn -0 0 -1
vn -0 0 -1
vn -0 0 -1
vn -0 0 -1
vn -0 0 -1
vn -0 0 -1
vn -0 0 -1
vn -0 0 -1
vn -0 0 -1
vn -0 0 -1
vn -0 0 -1
vn -0 0 -1
vn -0 0 -1
vn -0 0 -1
vn -0 0 -1
vn -0 0 -1
vn -0 0 -1
vn -0 0 -1
vn -0 0 -1
vn -0 0 -1
vn -0 0 -1
vn -0 0 -1
vn -0 0 -1
vn -0 0 -1
vn -0 0 -1
vn -0 0 -1
vn -0 0 -1
vn -0 0 -1
vn -0 0 -1
vn -0 0 -1
vn -0 0 -1
vn -0 0 -1
vn -0 0 -1
vn -0 0 -1
vn -0 0 -1
vn -0 0 -1
vn -0 0 -1
vn -0 0 -1
vn -0 0 -1
vn -0 0 -1
vn -0 0 -1
vn -0 0 -1
vn -0 0 -1
vn -0 0 -1
vn -0 0 -1
vn -0 0 -1
vn -0 0 -1
vn 0.70703125 0.70703125 0
vn 0.70703125 0.70703125 0
vn 0.70703125 0.70703125 0
vn 0.70703125 0.70703125 0
vn 0.70703125 -0.70703125 0
vn 0.70703125 -0.70703125 0
vn 0.70703125 -0.70703125 0
vn 0.70703125 -0.70703125 0
vn -0 -1 0
vn -0 -1 0
vn -0 -1 0
vn -0 -1 0
vn 1 0 0
vn 1 0 0
vn 1 0 0
vn 1 0 0
vn 0.31274414 -0.7548828 -0.57666016
vn 0.31274414 -0.7548828 -0.57666016
vn 0.2055664 -0.4963379 -0.8432617
vn 0.20410156 -0.49291992 -0.8457031
vn 0.07019043 -0.17102051 -0.98291016
vn 0.07476807 -0.1821289 -0.98046875
vn 0.0007824898 -0.004924774 -1
vn 0.0007824898 -0.004924774 -1
vn 0.0007824898 -0.004924774 -1
vn 0.0007824898 -0.004924774 -1
vn 0.0007824898 -0.004924774 -1
vn 0.0007824898 -0.004924774 -1
vn 0.0007824898 -0.004924774 -1
vn 0.0007824898 -0.004924774 -1
vn -1 0 0
vn -1 0 0
vn -1 0 0
vn -1 0 0
vn 0.90478516 -0.37475586 -0.20349121
vn 0.9238281 -0.38256836 0
vn 0.9238281 -0.38256836 0
vn 0.90478516 -0.37475586 -0.20349121
vn -0 1 0
vn -0 1 0
vn -0 1 0
vn -0 1 0
vn -0.49291992 0.20422363 -0.8457031
vn -0.7548828 0.31274414 -0.57666016
vn -0.7548828 0.31274414 -0.57666016
vn -0.4963379 0.2055664 -0.8432617
vn -0.1821289 0.07476807 -0.98046875
vn -0.17114258 0.07019043 -0.98291016
vn -0.0049858093 0.000729084 -1
vn -0.0049858093 0.000729084 -1
vn -0.0049858093 0.000729084 -1
vn -0.0049858093 0.000729084 -1
vn -0.0049858093 0.000729084 -1
vn -0.0049858093 0.000729084 -1
vn -0.0049858093 0.000729084 -1
vn -0.0049858093 0.000729084 -1
vn -0.70703125 0.70703125 0
vn -0.70703125 0.70703125 0
vn -0.70703125 0.70703125 0
vn -0.70703125 0.70703125 0
vn 0.37475586 -0.90478516 -0.20349121
vn 0.38256836 -0.9238281 0
vn 0.38256836 -0.9238281 0
vn 0.37475586 -0.90478516 -0.20349121
vn 0.31274414 -0.7548828 -0.57666016
vn 0.31274414 -0.7548828 -0.57666016
vn -0.70703125 -0.70703125 0
vn -0.70703125 -0.70703125 0
vn -0.70703125 -0.70703125 0
vn -0.70703125 -0.70703125 0
vn -0.37475586 -0.90478516 -0.20349121
vn -0.38256836 -0.9238281 0
vn -0.38256836 -0.9238281 0
vn -0.37475586 -0.90478516 -0.20349121
vn -0.31274414 -0.7548828 -0.57666016
vn -0.31274414 -0.7548828 -0.57666016
vn 0.90478516 0.37475586 -0.20349121
vn 0.9238281 0.38256836 0
vn 0.9238281 0.38256836 0
vn 0.90478516 0.37475586 -0.20349121
vn 0.7548828 0.31274414 -0.57666016
vn 0.7548828 0.31274414 -0.57666016
vn 0.37475586 0.90478516 -0.20349121
vn 0.38256836 0.9238281 0
vn 0.38256836 0.9238281 0
vn 0.37475586 0.90478516 -0.20349121
vn 0.31274414 0.7548828 -0.57666016
vn 0.31274414 0.7548828 -0.57666016
vn -0 0 1
vn -0 0 1
vn -0 0 1
vn -0 0 1
vn -0 0 1
vn -0 0 1
vn -0 0 1
vn -0 0 1
vn -0 0 1
vn -0 0 1
vn -0 0 1
vn -0 0 1
vn -0 0 1
vn -0 0 1
vn -0 0 1
vn -0 0 1
vn -0 0 1
vn -0 0 1
vn -0 0 1
vn -0 0 1
vn -0 0 1
vn -0 0 1
vn -0 0 1
vn -0 0 1
vn -0 0 1
vn -0 0 1
vn -0 0 1
vn -0 0 1
vn -0 0 1
vn -0 0 1
vn -0 0 1
vn -0 0 1
vn -0 0 1
vn -0 0 1
vn -0 0 1
vn -0 0 1
vn -0 0 1
vn -0 0 1
vn -0 0 1
vn -0 0 1
vn -0 0 1
vn -0 0 1
vn -0 0 1
vn -0 0 1
vn -0 0 1
vn -0 0 1
vn -0 0 1
vn -0 0 1
vn -0 0 1
vn -0 0 1
vn -0 0 1
vn -0 0 1
vn -0 0 1
vn -0 0 1
vn -0 0 1
vn -0 0 1
vn -0 0 1
vn -0 0 1
vn -0 0 1
vn 0.3876953 -0.6665039 0.63671875
vn 0.79345703 -0.47460938 0.38134766
vn 0.6953125 -0.5498047 0.46289062
vn 0.46655273 -0.64941406 0.60009766
vn 0.12249756 -0.7026367 0.7011719
vn 0.14538574 -0.7001953 0.69873047
vn -0.12249756 -0.7026367 0.7011719
vn -0.14538574 -0.7001953 0.69873047
vn -0.3876953 -0.6665039 0.63671875
vn -0.46655273 -0.64941406 0.60009766
vn -0.6953125 -0.5498047 0.46289062
vn -0.46655273 -0.64941406 0.60009766
vn -0.3876953 -0.6665039 0.63671875
vn -0.79345703 -0.47460938 0.38134766
vn -0.9399414 -0.27416992 0.20397949
vn -0.98828125 -0.122802734 0.09136963
vn -0.9399414 0.27416992 0.20349121
vn -0.98828125 0.122924805 0.09124756
vn 0.6953125 -0.5498047 0.46289062
vn 0.79345703 -0.47460938 0.38134766
vn 0.98828125 -0.122802734 0.09136963
vn 0.9399414 -0.27416992 0.20397949
vn 0.98828125 0.122924805 0.09124756
vn 0.9399414 0.27416992 0.20349121
vn 0.79345703 0.47485352 0.38061523
vn 0.6958008 0.5498047 0.4621582
vn 0.46679688 0.64990234 0.5996094
vn 0.3881836 0.6669922 0.6357422
vn -0.6958008 0.5498047 0.4621582
vn -0.79345703 0.47485352 0.38061523
vn -0.98828125 0.122924805 0.09124756
vn -0.9399414 0.27416992 0.20349121
vn 0.83154297 -0.55566406 0
vn 0.98095703 -0.19506836 0
vn 0.83154297 -0.55566406 0
vn 0.98095703 -0.19506836 0
vn 0.98095703 0.19506836 0
vn 0.98095703 0.19506836 0
vn 0.83154297 0.55566406 0
vn 0.83154297 0.55566406 0
vn 0.55566406 0.83154297 0
vn 0.55566406 0.83154297 0
vn 0.55566406 -0.83154297 0
vn 0.83154297 -0.55566406 0
vn 0.83154297 -0.55566406 0
vn 0.55566406 -0.83154297 0
vn 0.19506836 -0.98095703 0
vn 0.19506836 -0.98095703 0
vn -0.19506836 -0.98095703 0
vn -0.19506836 -0.98095703 0
vn -0.55566406 -0.83154297 0
vn -0.55566406 -0.83154297 0
vn 0.55566406 0.83154297 0
vn 0.19506836 0.98095703 0
vn 0.55566406 0.83154297 0
vn 0.19506836 0.98095703 0
vn -0.19506836 0.98095703 0
vn -0.19506836 0.98095703 0
vn -0.55566406 0.83154297 0
vn -0.55566406 0.83154297 0
vn -0.83154297 0.55566406 0
vn -0.83154297 0.55566406 0
vn -0.83154297 -0.55566406 0
vn -0.55566406 -0.83154297 0
vn -0.55566406 -0.83154297 0
vn -0.83154297 -0.55566406 0
vn -0.98095703 -0.19506836 0
vn -0.98095703 -0.19506836 0
vn -0.98095703 0.19506836 0
vn -0.98095703 0.19506836 0
vn -0.83154297 0.55566406 0
vn -0.83154297 0.55566406 0
vn -0.83154297 0.55566406 0
vn -0.83154297 0.55566406 0
vn -0.98095703 0.19506836 0
vn -0.98095703 0.19506836 0
vn -0.98095703 -0.19506836 0
vn -0.98095703 -0.19506836 0
vn -0.83154297 -0.55566406 0
vn -0.83154297 -0.55566406 0
vn -0.55566406 -0.83154297 0
vn -0.55566406 -0.83154297 0
vn 0.55566406 -0.83154297 0
vn 0.83154297 -0.55566406 0
vn 0.83154297 -0.55566406 0
vn 0.55566406 -0.83154297 0
vn 0.19506836 -0.98095703 0
vn 0.19506836 -0.98095703 0
vn -0.19506836 -0.98095703 0
vn -0.19506836 -0.98095703 0
vn -0.55566406 -0.83154297 0
vn -0.55566406 -0.83154297 0
vn 0.55566406 0.83154297 0
vn 0.55566406 0.83154297 0
vn 0.19506836 0.98095703 0
vn 0.19506836 0.98095703 0
vn -0.19506836 0.98095703 0
vn -0.19506836 0.98095703 0
vn -0.55566406 0.83154297 0
vn -0.55566406 0.83154297 0
vn -0.83154297 0.55566406 0
vn -0.83154297 0.55566406 0
vn 0.83154297 -0.55566406 0
vn 0.83154297 -0.55566406 0
vn 0.98095703 -0.19506836 0
vn 0.98095703 -0.19506836 0
vn 0.98095703 0.19506836 0
vn 0.98095703 0.19506836 0
vn 0.83154297 0.55566406 0
vn 0.83154297 0.55566406 0
vn 0.55566406 0.83154297 0
vn 0.55566406 0.83154297 0
vn -0.7548828 0.31274414 -0.57666016
vn -0.90478516 0.37475586 -0.20349121
vn -0.7548828 0.31274414 -0.57666016
vn -0.90478516 0.37475586 -0.20349121
vn -0.9238281 0.38256836 0
vn -0.9238281 0.38256836 0
vn 0.90478516 -0.37475586 -0.20349121
vn 0.7548828 -0.31274414 -0.57666016
vn 0.7548828 -0.31274414 -0.57666016
vn 0.90478516 -0.37475586 -0.20349121
vn -0 0 1
vn -0 0 1
vn -0 0 1
vn -0 0 1
vn 0.9995117 0 -0.029067993
vn 0.9995117 0 -0.033172607
vn 1 0 0
vn 1 0 0
vn -0 1 0
vn -0 1 0
vn -0 1 0
vn -0 1 0
vn -0 -1 0
vn -0 -1 0
vn -0 -1 0
vn -0 -1 0
vn -0.9995117 0 0.033172607
vn -0.9995117 0 0.029067993
vn -1 0 0
vn -1 0 0
vn -0 -0.9790039 0.20397949
vn -0 -0.9790039 0.20397949
vn -0 -0.9790039 0.20397949
vn -0 -0.9790039 0.20397949
vn -0.9980469 0 0.0625
vn -0.9980469 0 0.0625
vn -0.9980469 0 0.0625
vn -0.9980469 0 0.0625
vn -0 0.9790039 -0.20397949
vn -0 0.9790039 -0.20397949
vn -0 0.9790039 -0.20397949
vn -0 0.9790039 -0.20397949
vn 0.9980469 0 -0.0625
vn 0.9980469 0 -0.0625
vn 0.9980469 0 -0.0625
vn 0.9980469 0 -0.0625
vn 0.9995117 0 -0.029067993
vn 0.9980469 0 -0.0625
vn 0.9980469 0 -0.0625
vn 0.9995117 0 -0.033172607
vn -0 0.9790039 -0.20397949
vn -0 0.9790039 -0.20397949
vn -0 0.9790039 -0.20397949
vn -0 0.9790039 -0.20397949
vn -0 -0.9790039 0.20397949
vn -0 -0.9790039 0.20397949
vn -0 -0.9790039 0.20397949
vn -0 -0.9790039 0.20397949
vn -0.9995117 0 0.033172607
vn -0.9980469 0 0.0625
vn -0.9980469 0 0.0625
vn -0.9995117 0 0.029067993
vn -0 0 1
vn -0 0 1
vn -0 0 1
vn -0 0 1
vn -0 0 1
vn 0.9995117 0 -0.029067993
vn 0.9995117 0 -0.033172607
vn 1 0 0
vn 1 0 0
vn -0 1 0
vn -0 1 0
vn -0 1 0
vn -0 1 0
vn -0 -1 0
vn -0 -1 0
vn -0 -1 0
vn -0 -1 0
vn -0.9995117 0 0.033172607
vn -0.9995117 0 0.029296875
vn -1 0 0
vn -1 0 0
vn -0.70751953 0.70654297 0
vn -0.70751953 0.70654297 0
vn -0.70751953 0.70654297 0
vn -0.70751953 0.70654297 0
vn -0.703125 0.70410156 -0.097595215
vn -0.703125 0.70410156 -0.097595215
vn -0.703125 0.70410156 -0.097595215
vn -0.703125 0.70410156 -0.097595215
vn -0.9995117 0 0.033172607
vn -0.9980469 0 0.062469482
vn -0.9980469 0 0.062469482
vn -0.9995117 0 0.029296875
vn -0 -0.9790039 0.20397949
vn -0 -0.9790039 0.20397949
vn -0 -0.9790039 0.20397949
vn -0 -0.9790039 0.20397949
vn -0.9980469 0 0.062469482
vn -0.9980469 0 0.062469482
vn -0.9980469 0 0.062469482
vn -0.9980469 0 0.062469482
vn -0 -0.9790039 0.20397949
vn -0 -0.9790039 0.20397949
vn -0 -0.9790039 0.20397949
vn -0 -0.9790039 0.20397949
vn -2.9802322E-07 0.9790039 -0.20397949
vn -2.9802322E-07 0.9790039 -0.20397949
vn -2.9802322E-07 0.9790039 -0.20397949
vn -2.9802322E-07 0.9790039 -0.20397949
vn 0.9980469 0 -0.0625
vn 0.9980469 0 -0.0625
vn 0.9980469 0 -0.0625
vn 0.9980469 0 -0.0625
vn 0.703125 -0.70410156 0.097595215
vn 0.703125 -0.70410156 0.097595215
vn 0.703125 -0.70410156 0.097595215
vn 0.703125 -0.70410156 0.097595215
vn 0.9995117 0 -0.029067993
vn 0.9980469 0 -0.0625
vn 0.9980469 0 -0.0625
vn 0.9995117 0 -0.033172607
vn -0 0.9790039 -0.20397949
vn -0 0.9790039 -0.20397949
vn -0 0.9790039 -0.20397949
vn -0 0.9790039 -0.20397949
vn -0 0 1
vn -0 0 1
vn -0 0 1
vn -0 0 1
vn -0 -1 0
vn -0 -1 0
vn -0 -1 0
vn -0 -1 0
vn 0.9995117 0 -0.029067993
vn 0.9995117 0 -0.033172607
vn 1 0 0
vn 1 0 0
vn -0.9995117 0 0.033172607
vn -0.9995117 0 0.029067993
vn -1 0 0
vn -1 0 0
vn -0 1 0
vn -0 1 0
vn -0 1 0
vn -0 1 0
vn -0 0.9790039 -0.20397949
vn -0 0.9790039 -0.20397949
vn -0 0.9790039 -0.20397949
vn -0 0.9790039 -0.20397949
vn -0.9995117 0 0.033172607
vn -0.9980469 0 0.062469482
vn -0.9980469 0 0.062469482
vn -0.9995117 0 0.029067993
vn -0 -0.9790039 0.20397949
vn -0 -0.9790039 0.20397949
vn -0 -0.9790039 0.20397949
vn -0 -0.9790039 0.20397949
vn 0.9995117 0 -0.029067993
vn 0.9980469 0 -0.062469482
vn 0.9980469 0 -0.062469482
vn 0.9995117 0 -0.033172607
vn 0.9980469 0 -0.062469482
vn 0.9980469 0 -0.062469482
vn 0.9980469 0 -0.062469482
vn 0.9980469 0 -0.062469482
vn -0 -0.9790039 0.20397949
vn -0 -0.9790039 0.20397949
vn -0 -0.9790039 0.20397949
vn -0 -0.9790039 0.20397949
vn -0.9980469 0 0.062469482
vn -0.9980469 0 0.062469482
vn -0.9980469 0 0.062469482
vn -0.9980469 0 0.062469482
vn -0 0.9790039 -0.20397949
vn -0 0.9790039 -0.20397949
vn -0 0.9790039 -0.20397949
vn -0 0.9790039 -0.20397949
vn -0 0 1
vn -0 0 1
vn -0 0 1
vn -0 0 1
vn 0.9995117 0 -0.029067993
vn 0.9995117 0 -0.033172607
vn 1 0 0
vn 1 0 0
vn -0 1 0
vn -0 1 0
vn -0 1 0
vn -0 1 0
vn -0 -1 0
vn -0 -1 0
vn -0 -1 0
vn -0 -1 0
vn -0.9995117 0 0.033172607
vn -0.9995117 0 0.029067993
vn -1 0 0
vn -1 0 0
vn -0 -0.9790039 0.20397949
vn -0 -0.9790039 0.20397949
vn -0 -0.9790039 0.20397949
vn -0 -0.9790039 0.20397949
vn -0.9995117 0 0.033172607
vn -0.9980469 0 0.0625
vn -0.9980469 0 0.0625
vn -0.9995117 0 0.029067993
vn -0.9980469 0 0.062469482
vn -0.9980469 0 0.062469482
vn -0.9980469 0 0.062469482
vn -0.9980469 0 0.062469482
vn -0 -0.9790039 0.20397949
vn -0 -0.9790039 0.20397949
vn -0 -0.9790039 0.20397949
vn -0 -0.9790039 0.20397949
vn -0 0.9790039 -0.20397949
vn -0 0.9790039 -0.20397949
vn -0 0.9790039 -0.20397949
vn -0 0.9790039 -0.20397949
vn 0.9995117 0 -0.029067993
vn 0.9980469 0 -0.062469482
vn 0.9980469 0 -0.062469482
vn 0.9995117 0 -0.033172607
vn -0 0.9790039 -0.20397949
vn -0 0.9790039 -0.20397949
vn -0 0.9790039 -0.20397949
vn -0 0.9790039 -0.20397949
vn 0.9980469 0 -0.0625
vn 0.9980469 0 -0.0625
vn 0.9980469 0 -0.0625
vn 0.9980469 0 -0.0625
vn -0 0 1
vn -0 0 1
vn -0 0 1
vn -0 0 1
vn 0.9995117 0 -0.029067993
vn 0.9995117 0 -0.033172607
vn 1 0 0
vn 1 0 0
vn -0 1 0
vn -0 1 0
vn -0 1 0
vn -0 1 0
vn -0 -1 0
vn -0 -1 0
vn -0 -1 0
vn -0 -1 0
vn -0.9995117 0 0.033172607
vn -0.9995117 0 0.029067993
vn -1 0 0
vn -1 0 0
vn 0.9995117 0 -0.029067993
vn 0.9980469 0 -0.0625
vn 0.9980469 0 -0.0625
vn 0.9995117 0 -0.033172607
vn -0 0.9790039 -0.20397949
vn -0 0.9790039 -0.20397949
vn -0 0.9790039 -0.20397949
vn -0 0.9790039 -0.20397949
vn -0 -0.9790039 0.20397949
vn -0 -0.9790039 0.20397949
vn -0 -0.9790039 0.20397949
vn -0 -0.9790039 0.20397949
vn -0.9995117 0 0.033172607
vn -0.9980469 0 0.062469482
vn -0.9980469 0 0.062469482
vn -0.9995117 0 0.029067993
vn -0.9980469 0 0.0625
vn -0.9980469 0 0.0625
vn -0.9980469 0 0.0625
vn -0.9980469 0 0.0625
vn -0 -0.9790039 0.20397949
vn -0 -0.9790039 0.20397949
vn -0 -0.9790039 0.20397949
vn -0 -0.9790039 0.20397949
vn -0 0.9790039 -0.20397949
vn -0 0.9790039 -0.20397949
vn -0 0.9790039 -0.20397949
vn -0 0.9790039 -0.20397949
vn 0.9980469 0 -0.062469482
vn 0.9980469 0 -0.062469482
vn 0.9980469 0 -0.062469482
vn 0.9980469 0 -0.062469482
vn -0 0 1
vn -0 0 1
vn -0 0 1
vn -0 0 1
vn -0 0 1
vn -0 1 0
vn -0 1 0
vn -0 1 0
vn -0 1 0
vn 0.70654297 -0.70751953 0
vn 0.70654297 -0.70751953 0
vn 0.70654297 -0.70751953 0
vn 0.70654297 -0.70751953 0
vn 0.9995117 0 -0.029067993
vn 0.9995117 0 -0.032989502
vn 1 0 0
vn 1 0 0
vn -0 -1 0
vn -0 -1 0
vn -0 -1 0
vn -0 -1 0
vn -0.9995117 0 0.033172607
vn -0.9995117 0 0.029067993
vn -1 0 0
vn -1 0 0
vn -0 -0.9790039 0.20397949
vn -0 -0.9790039 0.20397949
vn -0 -0.9790039 0.20397949
vn -0 -0.9790039 0.20397949
vn 0.9980469 0 -0.0625
vn 0.9980469 0 -0.0625
vn 0.9980469 0 -0.0625
vn 0.9980469 0 -0.0625
vn -0 0.9790039 -0.20397949
vn -0 0.9790039 -0.20397949
vn -0 0.9790039 -0.20397949
vn -0 0.9790039 -0.20397949
vn -0.9980469 0 0.062469482
vn -0.9980469 0 0.062469482
vn -0.9980469 0 0.062469482
vn -0.9980469 0 0.062469482
vn -0.70410156 0.703125 -0.097351074
vn -0.70410156 0.703125 -0.097351074
vn -0.70410156 0.703125 -0.097351074
vn -0.70410156 0.703125 -0.097351074
vn 0.70410156 -0.703125 0.097351074
vn 0.70410156 -0.703125 0.097351074
vn 0.70410156 -0.703125 0.097351074
vn 0.70410156 -0.703125 0.097351074
vn 0.9995117 0 -0.029067993
vn 0.9980469 0 -0.0625
vn 0.9980469 0 -0.0625
vn 0.9995117 0 -0.032989502
vn -0 -0.9790039 0.20397949
vn -0 -0.9790039 0.20397949
vn -0 -0.9790039 0.20397949
vn -0 -0.9790039 0.20397949
vn -0.9995117 0 0.033172607
vn -0.9980469 0 0.0625
vn -0.9980469 0 0.0625
vn -0.9995117 0 0.029067993
vn 2.3841858E-07 0.9790039 -0.20397949
vn 2.3841858E-07 0.9790039 -0.20397949
vn 2.3841858E-07 0.9790039 -0.20397949
vn 2.3841858E-07 0.9790039 -0.20397949
vn -0 0 1
vn -0 0 1
vn -0 0 1
vn -0 0 1
vn -0.9995117 0 0.033172607
vn -0.9995117 0 0.029067993
vn -1 0 0
vn -1 0 0
vn 0.9995117 0 -0.029067993
vn 0.9995117 0 -0.033172607
vn 1 0 0
vn 1 0 0
vn -0 1 0
vn -0 1 0
vn -0 1 0
vn -0 1 0
vn -0 -1 0
vn -0 -1 0
vn -0 -1 0
vn -0 -1 0
vn -0.9995117 0 0.033172607
vn -0.9980469 0 0.062469482
vn -0.9980469 0 0.062469482
vn -0.9995117 0 0.029067993
vn -0 -0.9790039 0.20397949
vn -0 -0.9790039 0.20397949
vn -0 -0.9790039 0.20397949
vn -0 -0.9790039 0.20397949
vn 0.9980469 0 -0.0625
vn 0.9980469 0 -0.0625
vn 0.9980469 0 -0.0625
vn 0.9980469 0 -0.0625
vn -0 0.9790039 -0.20397949
vn -0 0.9790039 -0.20397949
vn -0 0.9790039 -0.20397949
vn -0 0.9790039 -0.20397949
vn -0 0.9790039 -0.20397949
vn -0 0.9790039 -0.20397949
vn -0 0.9790039 -0.20397949
vn -0 0.9790039 -0.20397949
vn 0.9995117 0 -0.029067993
vn 0.9980469 0 -0.062469482
vn 0.9980469 0 -0.062469482
vn 0.9995117 0 -0.033172607
vn -0 -0.9790039 0.20397949
vn -0 -0.9790039 0.20397949
vn -0 -0.9790039 0.20397949
vn -0 -0.9790039 0.20397949
vn -0.9980469 0 0.0625
vn -0.9980469 0 0.0625
vn -0.9980469 0 0.0625
vn -0.9980469 0 0.0625
vn -0 0 1
vn -0 0 1
vn -0 0 1
vn -0 0 1
vn -0 0 1
vn 0.9995117 0 -0.029067993
vn 0.9995117 0 -0.033172607
vn 1 0 0
vn 1 0 0
vn 1.1920929E-07 1 0
vn 1.1920929E-07 1 0
vn 1.1920929E-07 1 0
vn 1.1920929E-07 1 0
vn -0 -1 0
vn -0 -1 0
vn -0 -1 0
vn -0 -1 0
vn -0.70703125 -0.70703125 0
vn -0.70703125 -0.70703125 0
vn -0.70703125 -0.70703125 0
vn -0.70703125 -0.70703125 0
vn -0.9995117 0 0.032989502
vn -0.9995117 0 0.029067993
vn -1 0 0
vn -1 0 0
vn 0.69628906 0.6953125 -0.17907715
vn 0.69628906 0.6953125 -0.17907715
vn 0.36914062 0.9057617 -0.20690918
vn 0.38134766 0.9008789 -0.20654297
vn -0 0.9790039 -0.20397949
vn -0 0.9790039 -0.20397949
vn -0 -0.9790039 0.20397949
vn -0 -0.9790039 0.20397949
vn -0 -0.9790039 0.20397949
vn -0 -0.9790039 0.20397949
vn -0.9980469 0 0.062469482
vn -0.9980469 0 0.062469482
vn -0.9980469 0 0.062469482
vn -0.9980469 0 0.062469482
vn 0.9980469 0 -0.0625
vn 0.9980469 0 -0.0625
vn 0.9980469 0 -0.0625
vn 0.9980469 0 -0.0625
vn 0.9995117 0 -0.029067993
vn 0.9980469 0 -0.0625
vn 0.9980469 0 -0.0625
vn 0.9995117 0 -0.033172607
vn -0 0.9790039 -0.20397949
vn -0 0.9790039 -0.20397949
vn -0 0.9790039 -0.20397949
vn -0 0.9790039 -0.20397949
vn -0 -0.9790039 0.20397949
vn -0 -0.9790039 0.20397949
vn -0.36914062 -0.90625 0.20690918
vn -0.38134766 -0.9008789 0.20654297
vn -0.6958008 -0.6953125 0.17907715
vn -0.6958008 -0.6953125 0.17907715
vn -0.9995117 0 0.032989502
vn -0.9980469 0 0.062469482
vn -0.9980469 0 0.062469482
vn -0.9995117 0 0.029067993
vn -0 0 1
vn -0 0 1
vn -0 0 1
vn -0 0 1
vn -0 0 1
vn -0 -1 0
vn -0 -1 0
vn -0 -1 0
vn -0 -1 0
vn 0.9995117 0 -0.029296875
vn 0.9995117 0 -0.033172607
vn 1 0 0
vn 1 0 0
vn -0.9995117 -1.1920929E-07 0.033172607
vn -0.9995117 -1.1920929E-07 0.029067993
vn -1 -1.1920929E-07 0
vn -1 -1.1920929E-07 0
vn -0 1 0
vn -0 1 0
vn -0 1 0
vn -0 1 0
vn 0.70703125 0.70703125 0
vn 0.70703125 0.70703125 0
vn 0.70703125 0.70703125 0
vn 0.70703125 0.70703125 0
vn 0.36889648 0.90625 -0.20690918
vn 0.6953125 0.6958008 -0.17919922
vn 0.6953125 0.6958008 -0.17919922
vn 0.38085938 0.9013672 -0.20654297
vn -0 0.9790039 -0.20397949
vn -0 0.9790039 -0.20397949
vn -0.9995117 -1.1920929E-07 0.033172607
vn -0.9980469 -1.1920929E-07 0.062469482
vn -0.9980469 -1.1920929E-07 0.062469482
vn -0.9995117 -1.1920929E-07 0.029067993
vn 2.9802322E-07 0.9790039 -0.20397949
vn 2.9802322E-07 0.9790039 -0.20397949
vn 2.9802322E-07 0.9790039 -0.20397949
vn 2.9802322E-07 0.9790039 -0.20397949
vn -0.9980469 0 0.062469482
vn -0.9980469 0 0.062469482
vn -0.9980469 0 0.062469482
vn -0.9980469 0 0.062469482
vn 0.9980469 1.7881393E-07 -0.0625
vn 0.9980469 1.7881393E-07 -0.0625
vn 0.9980469 1.7881393E-07 -0.0625
vn 0.9980469 1.7881393E-07 -0.0625
vn -0.36865234 -0.90625 0.20690918
vn -0 -0.9790039 0.20397949
vn -0 -0.9790039 0.20397949
vn -0.38085938 -0.9013672 0.20654297
vn -0.6953125 -0.69628906 0.17919922
vn -0.6953125 -0.69628906 0.17919922
vn -0 -0.9790039 0.20397949
vn -0 -0.9790039 0.20397949
vn -0 -0.9790039 0.20397949
vn -0 -0.9790039 0.20397949
vn 0.9995117 0 -0.029296875
vn 0.9980469 0 -0.062469482
vn 0.9980469 0 -0.062469482
vn 0.9995117 0 -0.033172607
vn -0 0 -1
vn -0 0 -1
vn -0 0 -1
vn -0 0 -1
vn -0 4.7683716E-07 -1
vn -0 0 -1
vn -0 4.7683716E-07 -1
vn -0 0 -1
vn -0 4.7683716E-07 -1
vn -0 4.7683716E-07 -1
vn -0 2.9802322E-07 -1
vn -0 2.9802322E-07 -1
vn -0 0 -1
vn -0 6.556511E-07 -1
vn -0 0 -1
vn -0 6.556511E-07 -1
vn -0 0 -1
vn -0 3.5762787E-07 -1
vn -0 0 -1
vn -0 3.5762787E-07 -1
vn -0 0 -1
vn -0 0 -1
vn -0 0 -1
vn -0 0 -1
vn -0 0 -1
vn -0 0 -1
vn -0 0 -1
vn -0 0 -1
vn -0 -4.7683716E-07 -1
vn -0 -4.7683716E-07 -1
vn -0 -4.7683716E-07 -1
vn -0 -3.5762787E-07 -1
vn -0 -4.7683716E-07 -1
vn -0 -3.5762787E-07 -1
vn -0 0 -1
vn -0 -3.5762787E-07 -1
vn -0 0 -1
vn -0 -3.5762787E-07 -1
vn -0 0 -1
vn -0 0 -1
vn -0 0 -1
vn -0 0 -1
vn -0 0 -1
vn -0 0 -1
vn -0 0 -1
vn -0 0 -1
vn -0 0 -1
vn -0 0 -1
vn -0 0 -1
vn -0 0 -1
vn -0 0 -1
vn -0 0 -1
vn -0 0 -1
vn -0 0 -1
vn -0 -4.7683716E-07 -1
vn -0 -4.7683716E-07 -1
vn -0 -4.7683716E-07 -1
vn -0 -4.7683716E-07 -1
vn -0 4.7683716E-07 -1
vn -0 4.7683716E-07 -1
vn -0 4.7683716E-07 -1
vn -0 4.7683716E-07 -1
vn -0 -2.9802322E-07 -1
vn -0 0 -1
vn -0 0 -1
vn -0 -2.9802322E-07 -1
vn -0 3.5762787E-07 -1
vn -0 4.7683716E-07 -1
vn -0 3.5762787E-07 -1
vn -0 4.7683716E-07 -1
vn -0 4.7683716E-07 -1
vn -0 4.7683716E-07 -1
vn -0 0 -1
vn -0 0 -1
vn -0 0 -1
vn -0 0 -1
vn -0 0 -1
vn -0 0 -1
vn -0 0 -1
vn -0 0 -1
vn -0 -1.7881393E-07 1
vn -0 0 1
vn -0 0 1
vn -0 -1.1920929E-07 1
vn -0 0 1
vn -0 -1.1920929E-07 1
vn -0 0 1
vn -0 -1.1920929E-07 1
vn -0 0 1
vn -0 0 1
vn -0 0 1
vn -0 0 1
vn -0 0 1
vn -0 1.1920929E-07 1
vn -0 0 1
vn -0 1.1920929E-07 1
vn -0 -1.1920929E-07 1
vn -0 0 1
vn -0 -1.1920929E-07 1
vn -0 0 1
vn -0 0 1
vn -0 0 1
vn -0 0 1
vn -0 0 1
vn -0 1.1920929E-07 1
vn -0 0 1
vn -0 1.1920929E-07 1
vn -0 0 1
vn -0 1.1920929E-07 1
vn -0 0 1
vn -0 1.7881393E-07 1
vn -0 0 1
vn -0 0 -1
vn -0 0 -1
vn -0 0 -1
vn -0 0 -1
vn -0 0 -1
vn -0 1.1920929E-07 -1
vn -0 0 -1
vn -0 1.1920929E-07 -1
vn -0 0 -1
vn -0 0 -1
vn -0 0 -1
vn -0 1.1920929E-07 -1
vn -0 0 -1
vn -0 0 -1
vn -0 0 -1
vn -0 0 -1
vn -0 0 -1
vn -0 0 -1
vn -0 0 -1
vn -0 0 -1
vn -0 1.1920929E-07 -1
vn -0 0 -1
vn -0 0 -1
vn -0 0 -1
vn -0 1.1920929E-07 -1
vn -0 0 -1
vn -0 1.1920929E-07 -1
vn -0 0 -1
vn -0 0 -1
vn -0 0 -1
vn -0 0 -1
vn -0 0 -1
vn -0 0 1
vn -0 0 1
vn -0 0 1
vn -0 0 1
vn -0 0 1
vn -0 0 1
vn -0 0 1
vn -0 0 1
vn -0 1.1920929E-07 1
vn -0 0 1
vn -0 0 1
vn -0 0 1
vn -0 0 1
vn -0 0 1
vn -0 0 1
vn -0 0 1
g Mora Jai Box Lid_0
f 3/3/3 2/2/2 1/1/1
f 6/6/6 5/5/5 4/4/4
f 9/9/9 8/8/8 7/7/7
f 12/12/12 11/11/11 10/10/10
f 15/15/15 14/14/14 13/13/13
f 18/18/18 17/17/17 16/16/16
f 21/21/21 20/20/20 19/19/19
f 24/24/24 23/23/23 22/22/22
f 27/27/27 26/26/26 25/25/25
f 30/30/30 29/29/29 28/28/28
f 33/33/33 32/32/32 31/31/31
f 36/36/36 35/35/35 34/34/34
f 39/39/39 38/38/38 37/37/37
f 42/42/42 41/41/41 40/40/40
f 45/45/45 44/44/44 43/43/43
f 48/48/48 47/47/47 46/46/46
f 51/51/51 50/50/50 49/49/49
f 49/49/49 52/52/52 51/51/51
f 49/49/49 53/53/53 52/52/52
f 56/56/56 55/55/55 54/54/54
f 54/54/54 57/57/57 56/56/56
f 54/54/54 58/58/58 57/57/57
f 56/56/56 57/57/57 59/59/59
f 60/60/60 56/56/56 59/59/59
f 60/60/60 59/59/59 61/61/61
f 62/62/62 60/60/60 61/61/61
f 62/62/62 61/61/61 63/63/63
f 64/64/64 62/62/62 63/63/63
f 64/64/64 63/63/63 65/65/65
f 66/66/66 64/64/64 65/65/65
f 66/66/66 65/65/65 67/67/67
f 67/67/67 68/68/68 66/66/66
f 57/57/57 58/58/58 69/69/69
f 69/69/69 58/58/58 70/70/70
f 57/57/57 69/69/69 71/71/71
f 71/71/71 72/72/72 57/57/57
f 70/70/70 73/73/73 69/69/69
f 70/70/70 74/74/74 73/73/73
f 70/70/70 75/75/75 74/74/74
f 75/75/75 76/76/76 74/74/74
f 76/76/76 77/77/77 74/74/74
f 76/76/76 78/78/78 77/77/77
f 76/76/76 79/79/79 78/78/78
f 79/79/79 80/80/80 78/78/78
f 80/80/80 81/81/81 78/78/78
f 84/84/84 83/83/83 82/82/82
f 85/85/85 84/84/84 82/82/82
f 88/88/88 87/87/87 86/86/86
f 89/89/89 88/88/88 86/86/86
f 92/92/92 91/91/91 90/90/90
f 93/93/93 92/92/92 90/90/90
f 96/96/96 95/95/95 94/94/94
f 97/97/97 96/96/96 94/94/94
f 100/100/100 99/99/99 98/98/98
f 101/101/101 100/100/100 98/98/98
f 101/101/101 98/98/98 102/102/102
f 103/103/103 101/101/101 102/102/102
f 103/103/103 102/102/102 104/104/104
f 105/105/105 103/103/103 104/104/104
f 105/105/105 104/104/104 106/106/106
f 105/105/105 106/106/106 107/107/107
f 105/105/105 107/107/107 108/108/108
f 106/106/106 104/104/104 109/109/109
f 106/106/106 109/109/109 110/110/110
f 108/108/108 111/111/111 105/105/105
f 112/112/112 105/105/105 111/111/111
f 113/113/113 112/112/112 111/111/111
f 114/114/114 106/106/106 110/110/110
f 110/110/110 115/115/115 114/114/114
f 114/114/114 115/115/115 116/116/116
f 116/116/116 117/117/117 114/114/114
f 117/117/117 116/116/116 118/118/118
f 119/119/119 117/117/117 118/118/118
f 120/120/120 119/119/119 118/118/118
f 121/121/121 119/119/119 120/120/120
f 118/118/118 122/122/122 120/120/120
f 120/120/120 123/123/123 121/121/121
f 121/121/121 123/123/123 124/124/124
f 121/121/121 124/124/124 125/125/125
f 126/126/126 121/121/121 125/125/125
f 125/125/125 127/127/127 126/126/126
f 114/114/114 128/128/128 106/106/106
f 128/128/128 129/129/129 106/106/106
f 130/130/130 128/128/128 114/114/114
f 117/117/117 130/130/130 114/114/114
f 106/106/106 129/129/129 107/107/107
f 131/131/131 130/130/130 117/117/117
f 129/129/129 132/132/132 107/107/107
f 132/132/132 131/131/131 133/133/133
f 133/133/133 131/131/131 117/117/117
f 107/107/107 132/132/132 133/133/133
f 117/117/117 134/134/134 133/133/133
f 134/134/134 135/135/135 133/133/133
f 136/136/136 134/134/134 117/117/117
f 119/119/119 136/136/136 117/117/117
f 137/137/137 136/136/136 119/119/119
f 135/135/135 137/137/137 138/138/138
f 133/133/133 135/135/135 138/138/138
f 138/138/138 137/137/137 119/119/119
f 119/119/119 139/139/139 138/138/138
f 139/139/139 140/140/140 138/138/138
f 141/141/141 139/139/139 119/119/119
f 121/121/121 141/141/141 119/119/119
f 142/142/142 141/141/141 121/121/121
f 126/126/126 142/142/142 121/121/121
f 143/143/143 142/142/142 126/126/126
f 140/140/140 143/143/143 144/144/144
f 138/138/138 140/140/140 144/144/144
f 144/144/144 143/143/143 126/126/126
f 145/145/145 144/144/144 126/126/126
f 144/144/144 146/146/146 138/138/138
f 147/147/147 146/146/146 144/144/144
f 145/145/145 147/147/147 144/144/144
f 146/146/146 148/148/148 138/138/138
f 149/149/149 147/147/147 145/145/145
f 148/148/148 149/149/149 150/150/150
f 138/138/138 148/148/148 150/150/150
f 150/150/150 149/149/149 145/145/145
f 150/150/150 151/151/151 138/138/138
f 152/152/152 151/151/151 150/150/150
f 151/151/151 153/153/153 138/138/138
f 138/138/138 153/153/153 133/133/133
f 153/153/153 154/154/154 133/133/133
f 154/154/154 152/152/152 155/155/155
f 155/155/155 152/152/152 150/150/150
f 133/133/133 154/154/154 155/155/155
f 155/155/155 156/156/156 133/133/133
f 157/157/157 156/156/156 155/155/155
f 156/156/156 158/158/158 133/133/133
f 133/133/133 158/158/158 107/107/107
f 158/158/158 159/159/159 107/107/107
f 107/107/107 159/159/159 108/108/108
f 159/159/159 157/157/157 108/108/108
f 108/108/108 157/157/157 155/155/155
f 155/155/155 160/160/160 108/108/108
f 160/160/160 161/161/161 108/108/108
f 108/108/108 161/161/161 111/111/111
f 161/161/161 162/162/162 111/111/111
f 163/163/163 160/160/160 155/155/155
f 164/164/164 163/163/163 155/155/155
f 165/165/165 163/163/163 164/164/164
f 111/111/111 162/162/162 166/166/166
f 162/162/162 165/165/165 166/166/166
f 166/166/166 165/165/165 164/164/164
f 113/113/113 111/111/111 166/166/166
f 166/166/166 167/167/167 113/113/113
f 168/168/168 167/167/167 166/166/166
f 166/166/166 164/164/164 168/168/168
f 169/169/169 168/168/168 164/164/164
f 169/169/169 164/164/164 170/170/170
f 169/169/169 170/170/170 171/171/171
f 171/171/171 170/170/170 172/172/172
f 171/171/171 173/173/173 169/169/169
f 172/172/172 174/174/174 171/171/171
f 175/175/175 174/174/174 172/172/172
f 176/176/176 175/175/175 172/172/172
f 176/176/176 172/172/172 177/177/177
f 177/177/177 178/178/178 176/176/176
f 164/164/164 179/179/179 170/170/170
f 180/180/180 179/179/179 164/164/164
f 155/155/155 180/180/180 164/164/164
f 181/181/181 180/180/180 155/155/155
f 150/150/150 181/181/181 155/155/155
f 179/179/179 182/182/182 170/170/170
f 182/182/182 181/181/181 150/150/150
f 170/170/170 182/182/182 150/150/150
f 170/170/170 183/183/183 172/172/172
f 183/183/183 184/184/184 172/172/172
f 172/172/172 184/184/184 177/177/177
f 185/185/185 183/183/183 170/170/170
f 150/150/150 185/185/185 170/170/170
f 186/186/186 185/185/185 150/150/150
f 145/145/145 186/186/186 150/150/150
f 187/187/187 186/186/186 145/145/145
f 184/184/184 187/187/187 177/177/177
f 177/177/177 187/187/187 145/145/145
f 177/177/177 145/145/145 126/126/126
f 178/178/178 177/177/177 126/126/126
f 178/178/178 126/126/126 127/127/127
f 188/188/188 178/178/178 127/127/127
f 188/188/188 127/127/127 189/189/189
f 190/190/190 188/188/188 189/189/189
f 190/190/190 189/189/189 191/191/191
f 190/190/190 191/191/191 192/192/192
f 192/192/192 193/193/193 190/190/190
f 196/196/196 195/195/195 194/194/194
f 194/194/194 197/197/197 196/196/196
f 194/194/194 198/198/198 197/197/197
f 201/201/201 200/200/200 199/199/199
f 202/202/202 201/201/201 199/199/199
f 205/205/205 204/204/204 203/203/203
f 206/206/206 205/205/205 203/203/203
f 209/209/209 208/208/208 207/207/207
f 210/210/210 209/209/209 207/207/207
f 213/213/213 212/212/212 211/211/211
f 211/211/211 214/214/214 213/213/213
f 211/211/211 215/215/215 214/214/214
f 218/218/218 217/217/217 216/216/216
f 219/219/219 218/218/218 216/216/216
f 222/222/222 221/221/221 220/220/220
f 220/220/220 223/223/223 222/222/222
f 220/220/220 224/224/224 223/223/223
f 227/227/227 226/226/226 225/225/225
f 228/228/228 227/227/227 225/225/225
f 231/231/231 230/230/230 229/229/229
f 232/232/232 231/231/231 229/229/229
f 233/233/233 231/231/231 232/232/232
f 234/234/234 233/233/233 232/232/232
f 235/235/235 233/233/233 234/234/234
f 234/234/234 236/236/236 235/235/235
f 234/234/234 237/237/237 236/236/236
f 240/240/240 239/239/239 238/238/238
f 241/241/241 240/240/240 238/238/238
f 244/244/244 243/243/243 242/242/242
f 244/244/244 242/242/242 245/245/245
f 245/245/245 246/246/246 244/244/244
f 245/245/245 247/247/247 246/246/246
f 247/247/247 248/248/248 246/246/246
f 251/251/251 250/250/250 249/249/249
f 250/250/250 252/252/252 249/249/249
f 249/249/249 252/252/252 253/253/253
f 252/252/252 254/254/254 253/253/253
f 255/255/255 253/253/253 254/254/254
f 255/255/255 254/254/254 256/256/256
f 256/256/256 257/257/257 255/255/255
f 260/260/260 259/259/259 258/258/258
f 261/261/261 260/260/260 258/258/258
f 264/264/264 263/263/263 262/262/262
f 264/264/264 262/262/262 265/265/265
f 265/265/265 266/266/266 264/264/264
f 266/266/266 265/265/265 267/267/267
f 265/265/265 268/268/268 267/267/267
f 271/271/271 270/270/270 269/269/269
f 272/272/272 271/271/271 269/269/269
f 272/272/272 269/269/269 273/273/273
f 274/274/274 272/272/272 273/273/273
f 275/275/275 274/274/274 273/273/273
f 275/275/275 273/273/273 276/276/276
f 276/276/276 277/277/277 275/275/275
f 280/280/280 279/279/279 278/278/278
f 281/281/281 280/280/280 278/278/278
f 284/284/284 283/283/283 282/282/282
f 282/282/282 285/285/285 284/284/284
f 282/282/282 286/286/286 285/285/285
f 285/285/285 286/286/286 287/287/287
f 286/286/286 288/288/288 287/287/287
f 291/291/291 290/290/290 289/289/289
f 292/292/292 291/291/291 289/289/289
f 292/292/292 293/293/293 291/291/291
f 293/293/293 294/294/294 291/291/291
f 295/295/295 294/294/294 293/293/293
f 293/293/293 296/296/296 295/295/295
f 293/293/293 297/297/297 296/296/296
f 300/300/300 299/299/299 298/298/298
f 301/301/301 300/300/300 298/298/298
f 304/304/304 303/303/303 302/302/302
f 302/302/302 305/305/305 304/304/304
f 302/302/302 306/306/306 305/305/305
f 307/307/307 306/306/306 302/302/302
f 308/308/308 307/307/307 302/302/302
f 311/311/311 310/310/310 309/309/309
f 312/312/312 311/311/311 309/309/309
f 315/315/315 314/314/314 313/313/313
f 316/316/316 315/315/315 313/313/313
f 319/319/319 318/318/318 317/317/317
f 320/320/320 319/319/319 317/317/317
f 323/323/323 322/322/322 321/321/321
f 324/324/324 323/323/323 321/321/321
f 327/327/327 326/326/326 325/325/325
f 328/328/328 327/327/327 325/325/325
f 331/331/331 330/330/330 329/329/329
f 332/332/332 331/331/331 329/329/329
f 335/335/335 334/334/334 333/333/333
f 336/336/336 335/335/335 333/333/333
f 339/339/339 338/338/338 337/337/337
f 340/340/340 339/339/339 337/337/337
f 343/343/343 342/342/342 341/341/341
f 344/344/344 343/343/343 341/341/341
f 347/347/347 346/346/346 345/345/345
f 348/348/348 347/347/347 345/345/345
f 351/351/351 350/350/350 349/349/349
f 352/352/352 351/351/351 349/349/349
f 355/355/355 354/354/354 353/353/353
f 356/356/356 355/355/355 353/353/353
f 359/359/359 358/358/358 357/357/357
f 360/360/360 359/359/359 357/357/357
f 363/363/363 362/362/362 361/361/361
f 364/364/364 363/363/363 361/361/361
f 367/367/367 366/366/366 365/365/365
f 368/368/368 367/367/367 365/365/365
f 371/371/371 370/370/370 369/369/369
f 372/372/372 371/371/371 369/369/369
f 375/375/375 374/374/374 373/373/373
f 373/373/373 376/376/376 375/375/375
f 373/373/373 377/377/377 376/376/376
f 373/373/373 378/378/378 377/377/377
f 381/381/381 380/380/380 379/379/379
f 379/379/379 382/382/382 381/381/381
f 379/379/379 383/383/383 382/382/382
f 379/379/379 384/384/384 383/383/383
f 383/383/383 384/384/384 385/385/385
f 379/379/379 386/386/386 384/384/384
f 389/389/389 388/388/388 387/387/387
f 387/387/387 390/390/390 389/389/389
f 389/389/389 390/390/390 391/391/391
f 391/391/391 392/392/392 389/389/389
f 387/387/387 393/393/393 390/390/390
f 387/387/387 394/394/394 393/393/393
f 397/397/397 396/396/396 395/395/395
f 395/395/395 398/398/398 397/397/397
f 395/395/395 399/399/399 398/398/398
f 395/395/395 400/400/400 399/399/399
f 403/403/403 402/402/402 401/401/401
f 401/401/401 404/404/404 403/403/403
f 401/401/401 405/405/405 404/404/404
f 401/401/401 406/406/406 405/405/405
f 401/401/401 407/407/407 406/406/406
f 410/410/410 409/409/409 408/408/408
f 410/410/410 408/408/408 411/411/411
f 410/410/410 411/411/411 412/412/412
f 411/411/411 413/413/413 412/412/412
f 410/410/410 412/412/412 414/414/414
f 414/414/414 415/415/415 410/410/410
f 418/418/418 417/417/417 416/416/416
f 416/416/416 419/419/419 418/418/418
f 416/416/416 420/420/420 419/419/419
f 416/416/416 421/421/421 420/420/420
f 416/416/416 422/422/422 421/421/421
f 425/425/425 424/424/424 423/423/423
f 423/423/423 426/426/426 425/425/425
f 423/423/423 427/427/427 426/426/426
f 423/423/423 428/428/428 427/427/427
f 431/431/431 430/430/430 429/429/429
f 429/429/429 432/432/432 431/431/431
f 429/429/429 433/433/433 432/432/432
f 433/433/433 434/434/434 432/432/432
f 437/437/437 436/436/436 435/435/435
f 435/435/435 438/438/438 437/437/437
f 435/435/435 439/439/439 438/438/438
f 435/435/435 440/440/440 439/439/439
f 435/435/435 441/441/441 440/440/440
f 444/444/444 443/443/443 442/442/442
f 442/442/442 445/445/445 444/444/444
f 442/442/442 446/446/446 445/445/445
f 442/442/442 447/447/447 446/446/446
f 446/446/446 447/447/447 448/448/448
f 442/442/442 449/449/449 447/447/447
f 452/452/452 451/451/451 450/450/450
f 450/450/450 453/453/453 452/452/452
f 450/450/450 454/454/454 453/453/453
f 454/454/454 455/455/455 453/453/453
f 458/458/458 457/457/457 456/456/456
f 456/456/456 459/459/459 458/458/458
f 458/458/458 459/459/459 460/460/460
f 460/460/460 461/461/461 458/458/458
f 456/456/456 462/462/462 459/459/459
f 456/456/456 463/463/463 462/462/462
f 466/466/466 465/465/465 464/464/464
f 466/466/466 464/464/464 467/467/467
f 466/466/466 467/467/467 468/468/468
f 467/467/467 469/469/469 468/468/468
f 466/466/466 468/468/468 470/470/470
f 470/470/470 471/471/471 466/466/466
f 474/474/474 473/473/473 472/472/472
f 472/472/472 475/475/475 474/474/474
f 474/474/474 475/475/475 476/476/476
f 476/476/476 477/477/477 474/474/474
f 472/472/472 478/478/478 475/475/475
f 472/472/472 479/479/479 478/478/478
f 482/482/482 481/481/481 480/480/480
f 483/483/483 482/482/482 480/480/480
f 486/486/486 485/485/485 484/484/484
f 484/484/484 487/487/487 486/486/486
f 486/486/486 487/487/487 488/488/488
f 488/488/488 489/489/489 486/486/486
f 484/484/484 490/490/490 487/487/487
f 484/484/484 491/491/491 490/490/490
f 494/494/494 493/493/493 492/492/492
f 492/492/492 495/495/495 494/494/494
f 495/495/495 496/496/496 494/494/494
f 496/496/496 497/497/497 494/494/494
f 500/500/500 499/499/499 498/498/498
f 498/498/498 501/501/501 500/500/500
f 498/498/498 502/502/502 501/501/501
f 498/498/498 503/503/503 502/502/502
f 498/498/498 504/504/504 503/503/503
f 507/507/507 506/506/506 505/505/505
f 505/505/505 508/508/508 507/507/507
f 508/508/508 509/509/509 507/507/507
f 508/508/508 510/510/510 509/509/509
f 513/513/513 512/512/512 511/511/511
f 514/514/514 513/513/513 511/511/511
f 517/517/517 516/516/516 515/515/515
f 518/518/518 517/517/517 515/515/515
f 517/517/517 518/518/518 519/519/519
f 520/520/520 517/517/517 519/519/519
f 523/523/523 522/522/522 521/521/521
f 524/524/524 523/523/523 521/521/521
f 527/527/527 526/526/526 525/525/525
f 528/528/528 527/527/527 525/525/525
f 531/531/531 530/530/530 529/529/529
f 529/529/529 532/532/532 531/531/531
f 529/529/529 533/533/533 532/532/532
f 529/529/529 534/534/534 533/533/533
f 537/537/537 536/536/536 535/535/535
f 535/535/535 538/538/538 537/537/537
f 535/535/535 539/539/539 538/538/538
f 535/535/535 540/540/540 539/539/539
f 543/543/543 542/542/542 541/541/541
f 541/541/541 544/544/544 543/543/543
f 544/544/544 545/545/545 543/543/543
f 545/545/545 546/546/546 543/543/543
f 549/549/549 548/548/548 547/547/547
f 547/547/547 550/550/550 549/549/549
f 547/547/547 551/551/551 550/550/550
f 547/547/547 552/552/552 551/551/551
f 555/555/555 554/554/554 553/553/553
f 553/553/553 556/556/556 555/555/555
f 553/553/553 557/557/557 556/556/556
f 557/557/557 558/558/558 556/556/556
f 561/561/561 560/560/560 559/559/559
f 559/559/559 562/562/562 561/561/561
f 559/559/559 563/563/563 562/562/562
f 559/559/559 564/564/564 563/563/563
f 567/567/567 566/566/566 565/565/565
f 568/568/568 567/567/567 565/565/565
f 568/568/568 565/565/565 569/569/569
f 570/570/570 568/568/568 569/569/569
f 571/571/571 570/570/570 569/569/569
f 569/569/569 572/572/572 571/571/571
f 571/571/571 572/572/572 573/573/573
f 573/573/573 572/572/572 569/569/569
f 573/573/573 569/569/569 574/574/574
f 573/573/573 574/574/574 575/575/575
f 575/575/575 576/576/576 573/573/573
f 575/575/575 574/574/574 577/577/577
f 576/576/576 575/575/575 578/578/578
f 575/575/575 577/577/577 579/579/579
f 579/579/579 578/578/578 575/575/575
f 582/582/582 581/581/581 580/580/580
f 583/583/583 582/582/582 580/580/580
f 580/580/580 584/584/584 583/583/583
f 583/583/583 584/584/584 585/585/585
f 585/585/585 584/584/584 580/580/580
f 585/585/585 580/580/580 586/586/586
f 585/585/585 586/586/586 587/587/587
f 587/587/587 588/588/588 585/585/585
f 587/587/587 586/586/586 589/589/589
f 590/590/590 587/587/587 589/589/589
f 589/589/589 591/591/591 590/590/590
f 586/586/586 592/592/592 589/589/589
f 586/586/586 593/593/593 592/592/592
f 586/586/586 594/594/594 593/593/593
f 586/586/586 595/595/595 594/594/594
f 598/598/598 597/597/597 596/596/596
f 597/597/597 599/599/599 596/596/596
f 596/596/596 599/599/599 600/600/600
f 601/601/601 596/596/596 600/600/600
f 601/601/601 600/600/600 602/602/602
f 601/601/601 602/602/602 603/603/603
f 601/601/601 603/603/603 604/604/604
f 601/601/601 604/604/604 605/605/605
f 606/606/606 601/601/601 605/605/605
f 605/605/605 607/607/607 606/606/606
f 606/606/606 607/607/607 608/608/608
f 605/605/605 609/609/609 607/607/607
f 612/612/612 611/611/611 610/610/610
f 612/612/612 610/610/610 613/613/613
f 613/613/613 614/614/614 612/612/612
f 612/612/612 614/614/614 615/615/615
f 616/616/616 612/612/612 615/615/615
f 617/617/617 616/616/616 615/615/615
f 615/615/615 618/618/618 617/617/617
f 619/619/619 617/617/617 618/618/618
f 622/622/622 621/621/621 620/620/620
f 623/623/623 622/622/622 620/620/620
f 624/624/624 623/623/623 620/620/620
f 625/625/625 624/624/624 620/620/620
f 625/625/625 620/620/620 626/626/626
f 627/627/627 625/625/625 626/626/626
f 628/628/628 627/627/627 626/626/626
f 626/626/626 629/629/629 628/628/628
f 626/626/626 630/630/630 629/629/629
f 630/630/630 631/631/631 629/629/629
f 632/632/632 631/631/631 630/630/630
f 633/633/633 632/632/632 630/630/630
f 636/636/636 635/635/635 634/634/634
f 634/634/634 637/637/637 636/636/636
f 637/637/637 634/634/634 638/638/638
f 637/637/637 638/638/638 639/639/639
f 639/639/639 640/640/640 637/637/637
f 643/643/643 642/642/642 641/641/641
f 641/641/641 644/644/644 643/643/643
f 641/641/641 645/645/645 644/644/644
f 641/641/641 646/646/646 645/645/645
f 641/641/641 647/647/647 646/646/646
f 641/641/641 648/648/648 647/647/647
f 647/647/647 648/648/648 649/649/649
f 648/648/648 641/641/641 650/650/650
f 650/650/650 649/649/649 648/648/648
f 650/650/650 651/651/651 649/649/649
f 650/650/650 652/652/652 651/651/651
f 653/653/653 652/652/652 650/650/650
f 650/650/650 654/654/654 653/653/653
f 653/653/653 655/655/655 652/652/652
f 658/658/658 657/657/657 656/656/656
f 656/656/656 659/659/659 658/658/658
f 656/656/656 660/660/660 659/659/659
f 661/661/661 659/659/659 660/660/660
f 662/662/662 659/659/659 661/661/661
f 662/662/662 661/661/661 663/663/663
f 662/662/662 663/663/663 664/664/664
f 664/664/664 665/665/665 662/662/662
f 667/667/667 666/666/666 665/665/665
f 665/665/665 668/668/668 667/667/667
f 665/665/665 669/669/669 668/668/668
f 672/672/672 671/671/671 670/670/670
f 672/672/672 670/670/670 673/673/673
f 674/674/674 672/672/672 673/673/673
f 674/674/674 673/673/673 675/675/675
f 675/675/675 676/676/676 674/674/674
f 679/679/679 678/678/678 677/677/677
f 677/677/677 680/680/680 679/679/679
f 677/677/677 681/681/681 680/680/680
f 681/681/681 677/677/677 682/682/682
f 681/681/681 682/682/682 683/683/683
f 681/681/681 683/683/683 684/684/684
f 684/684/684 685/685/685 681/681/681
f 684/684/684 683/683/683 686/686/686
f 687/687/687 686/686/686 683/683/683
f 683/683/683 682/682/682 687/687/687
f 682/682/682 688/688/688 687/687/687
f 688/688/688 689/689/689 687/687/687
f 687/687/687 689/689/689 690/690/690
f 690/690/690 689/689/689 688/688/688
f 688/688/688 691/691/691 690/690/690
f 688/688/688 692/692/692 691/691/691
f 695/695/695 694/694/694 693/693/693
f 696/696/696 695/695/695 693/693/693
f 696/696/696 693/693/693 697/697/697
f 698/698/698 696/696/696 697/697/697
f 701/701/701 700/700/700 699/699/699
f 701/701/701 699/699/699 702/702/702
f 702/702/702 703/703/703 701/701/701
f 704/704/704 703/703/703 702/702/702
f 701/701/701 703/703/703 704/704/704
f 705/705/705 701/701/701 704/704/704
f 706/706/706 705/705/705 704/704/704
f 704/704/704 707/707/707 706/706/706
f 708/708/708 706/706/706 707/707/707
f 709/709/709 705/705/705 706/706/706
f 709/709/709 706/706/706 708/708/708
f 708/708/708 710/710/710 709/709/709
f 709/709/709 711/711/711 705/705/705
f 711/711/711 709/709/709 712/712/712
f 711/711/711 712/712/712 713/713/713
f 713/713/713 714/714/714 711/711/711
f 717/717/717 716/716/716 715/715/715
f 716/716/716 717/717/717 718/718/718
f 717/717/717 719/719/719 718/718/718
f 718/718/718 720/720/720 716/716/716
f 718/718/718 721/721/721 720/720/720
f 721/721/721 722/722/722 720/720/720
f 722/722/722 723/723/723 720/720/720
f 723/723/723 724/724/724 720/720/720
f 720/720/720 724/724/724 725/725/725
f 726/726/726 720/720/720 725/725/725
f 726/726/726 725/725/725 727/727/727
f 725/725/725 728/728/728 727/727/727
f 731/731/731 730/730/730 729/729/729
f 732/732/732 731/731/731 729/729/729
f 729/729/729 733/733/733 732/732/732
f 732/732/732 733/733/733 734/734/734
f 735/735/735 733/733/733 729/729/729
f 735/735/735 729/729/729 736/736/736
f 735/735/735 736/736/736 737/737/737
f 737/737/737 738/738/738 735/735/735
f 740/740/740 736/736/736 739/739/739
f 741/741/741 740/740/740 739/739/739
f 739/739/739 742/742/742 741/741/741
f 745/745/745 744/744/744 743/743/743
f 743/743/743 746/746/746 745/745/745
f 746/746/746 747/747/747 745/745/745
f 746/746/746 748/748/748 747/747/747
f 751/751/751 750/750/750 749/749/749
f 749/749/749 752/752/752 751/751/751
f 749/749/749 753/753/753 752/752/752
f 754/754/754 753/753/753 749/749/749
f 755/755/755 752/752/752 753/753/753
f 753/753/753 754/754/754 755/755/755
f 754/754/754 756/756/756 755/755/755
f 756/756/756 757/757/757 755/755/755
f 758/758/758 755/755/755 757/757/757
f 759/759/759 757/757/757 756/756/756
f 757/757/757 760/760/760 758/758/758
f 757/757/757 759/759/759 760/760/760
f 763/763/763 762/762/762 761/761/761
f 761/761/761 764/764/764 763/763/763
f 761/761/761 765/765/765 764/764/764
f 761/761/761 766/766/766 765/765/765
f 767/767/767 766/766/766 761/761/761
f 765/765/765 766/766/766 767/767/767
f 767/767/767 768/768/768 765/765/765
f 768/768/768 769/769/769 765/765/765
f 772/772/772 771/771/771 770/770/770
f 770/770/770 773/773/773 772/772/772
f 770/770/770 774/774/774 773/773/773
f 777/777/777 776/776/776 775/775/775
f 775/775/775 778/778/778 777/777/777
f 778/778/778 779/779/779 777/777/777
f 780/780/780 779/779/779 778/778/778
f 778/778/778 781/781/781 780/780/780
f 780/780/780 782/782/782 779/779/779
f 780/780/780 783/783/783 782/782/782
f 784/784/784 783/783/783 780/780/780
f 782/782/782 783/783/783 784/784/784
f 784/784/784 785/785/785 782/782/782
f 785/785/785 786/786/786 782/782/782
f 789/789/789 788/788/788 787/787/787
f 789/789/789 787/787/787 790/790/790
f 789/789/789 790/790/790 791/791/791
f 792/792/792 789/789/789 791/791/791
f 792/792/792 791/791/791 793/793/793
f 792/792/792 793/793/793 794/794/794
f 794/794/794 795/795/795 792/792/792
f 792/792/792 795/795/795 796/796/796
f 797/797/797 792/792/792 796/796/796
f 798/798/798 797/797/797 796/796/796
f 796/796/796 799/799/799 798/798/798
f 800/800/800 797/797/797 798/798/798
f 801/801/801 798/798/798 799/799/799
f 800/800/800 798/798/798 801/801/801
f 801/801/801 802/802/802 800/800/800
f 805/805/805 804/804/804 803/803/803
f 805/805/805 803/803/803 806/806/806
f 806/806/806 807/807/807 805/805/805
f 805/805/805 807/807/807 808/808/808
f 809/809/809 805/805/805 808/808/808
f 810/810/810 809/809/809 808/808/808
f 808/808/808 811/811/811 810/810/810
f 812/812/812 809/809/809 810/810/810
f 813/813/813 810/810/810 811/811/811
f 812/812/812 810/810/810 813/813/813
f 813/813/813 814/814/814 812/812/812
f 817/817/817 816/816/816 815/815/815
f 815/815/815 818/818/818 817/817/817
f 818/818/818 819/819/819 817/817/817
f 819/819/819 820/820/820 817/817/817
f 819/819/819 821/821/821 820/820/820
f 819/819/819 822/822/822 821/821/821
f 819/819/819 823/823/823 822/822/822
f 826/826/826 825/825/825 824/824/824
f 824/824/824 827/827/827 826/826/826
f 827/827/827 828/828/828 826/826/826
f 828/828/828 829/829/829 826/826/826
f 828/828/828 830/830/830 829/829/829
f 830/830/830 831/831/831 829/829/829
f 831/831/831 832/832/832 829/829/829
f 832/832/832 833/833/833 829/829/829
f 833/833/833 834/834/834 829/829/829
f 834/834/834 835/835/835 829/829/829
f 835/835/835 834/834/834 836/836/836
f 834/834/834 837/837/837 836/836/836
f 840/840/840 839/839/839 838/838/838
f 840/840/840 838/838/838 841/841/841
f 842/842/842 840/840/840 841/841/841
f 842/842/842 841/841/841 843/843/843
f 842/842/842 844/844/844 840/840/840
f 844/844/844 845/845/845 840/840/840
f 846/846/846 845/845/845 844/844/844
f 847/847/847 846/846/846 844/844/844
f 843/843/843 848/848/848 842/842/842
f 843/843/843 849/849/849 848/848/848
f 849/849/849 850/850/850 848/848/848
f 850/850/850 851/851/851 848/848/848
f 854/854/854 853/853/853 852/852/852
f 852/852/852 855/855/855 854/854/854
f 852/852/852 856/856/856 855/855/855
f 852/852/852 857/857/857 856/856/856
f 860/860/860 859/859/859 858/858/858
f 861/861/861 860/860/860 858/858/858
f 858/858/858 862/862/862 861/861/861
f 862/862/862 863/863/863 861/861/861
f 866/866/866 865/865/865 864/864/864
f 866/866/866 864/864/864 867/867/867
f 867/867/867 868/868/868 866/866/866
f 866/866/866 868/868/868 869/869/869
f 870/870/870 866/866/866 869/869/869
f 871/871/871 870/870/870 869/869/869
f 869/869/869 872/872/872 871/871/871
f 873/873/873 870/870/870 871/871/871
f 873/873/873 871/871/871 874/874/874
f 874/874/874 875/875/875 873/873/873
f 878/878/878 877/877/877 876/876/876
f 879/879/879 878/878/878 876/876/876
f 879/879/879 876/876/876 880/880/880
f 880/880/880 881/881/881 879/879/879
f 876/876/876 882/882/882 880/880/880
f 882/882/882 883/883/883 880/880/880
f 883/883/883 882/882/882 884/884/884
f 882/882/882 885/885/885 884/884/884
f 880/880/880 886/886/886 881/881/881
f 886/886/886 887/887/887 881/881/881
f 886/886/886 888/888/888 887/887/887
f 886/886/886 889/889/889 888/888/888
f 892/892/892 891/891/891 890/890/890
f 893/893/893 892/892/892 890/890/890
f 890/890/890 894/894/894 893/893/893
f 894/894/894 890/890/890 895/895/895
f 898/898/898 897/897/897 896/896/896
f 899/899/899 898/898/898 896/896/896
f 896/896/896 900/900/900 899/899/899
f 901/901/901 900/900/900 896/896/896
f 901/901/901 896/896/896 902/902/902
f 901/901/901 902/902/902 903/903/903
f 903/903/903 904/904/904 901/901/901
f 903/903/903 902/902/902 905/905/905
f 904/904/904 903/903/903 906/906/906
f 903/903/903 905/905/905 907/907/907
f 907/907/907 906/906/906 903/903/903
f 910/910/910 909/909/909 908/908/908
f 908/908/908 911/911/911 910/910/910
f 908/908/908 912/912/912 911/911/911
f 913/913/913 910/910/910 911/911/911
f 914/914/914 913/913/913 911/911/911
f 914/914/914 911/911/911 915/915/915
f 915/915/915 916/916/916 914/914/914
f 918/918/918 911/911/911 917/917/917
f 917/917/917 919/919/919 918/918/918
f 919/919/919 920/920/920 918/918/918
f 920/920/920 921/921/921 918/918/918
f 922/922/922 918/918/918 921/921/921
f 923/923/923 921/921/921 920/920/920
f 921/921/921 924/924/924 922/922/922
f 921/921/921 923/923/923 924/924/924
f 927/927/927 926/926/926 925/925/925
f 927/927/927 925/925/925 928/928/928
f 927/927/927 928/928/928 929/929/929
f 929/929/929 930/930/930 927/927/927
f 933/933/933 932/932/932 931/931/931
f 931/931/931 934/934/934 933/933/933
f 931/931/931 935/935/935 934/934/934
f 931/931/931 936/936/936 935/935/935
f 939/939/939 938/938/938 937/937/937
f 940/940/940 939/939/939 937/937/937
f 941/941/941 939/939/939 940/940/940
f 942/942/942 941/941/941 940/940/940
f 943/943/943 941/941/941 942/942/942
f 944/944/944 943/943/943 942/942/942
f 945/945/945 943/943/943 944/944/944
f 946/946/946 945/945/945 944/944/944
f 949/949/949 948/948/948 947/947/947
f 947/947/947 950/950/950 949/949/949
f 950/950/950 951/951/951 949/949/949
f 951/951/951 952/952/952 949/949/949
f 951/951/951 953/953/953 952/952/952
f 953/953/953 954/954/954 952/952/952
f 953/953/953 955/955/955 954/954/954
f 953/953/953 956/956/956 955/955/955
f 956/956/956 957/957/957 955/955/955
f 957/957/957 958/958/958 955/955/955
f 957/957/957 959/959/959 958/958/958
f 957/957/957 960/960/960 959/959/959
f 960/960/960 961/961/961 959/959/959
f 961/961/961 962/962/962 959/959/959
f 965/965/965 964/964/964 963/963/963
f 964/964/964 966/966/966 963/963/963
f 964/964/964 967/967/967 966/966/966
f 967/967/967 968/968/968 966/966/966
f 967/967/967 969/969/969 968/968/968
f 969/969/969 970/970/970 968/968/968
f 969/969/969 971/971/971 970/970/970
f 971/971/971 972/972/972 970/970/970
f 975/975/975 974/974/974 973/973/973
f 974/974/974 976/976/976 973/973/973
f 974/974/974 977/977/977 976/976/976
f 977/977/977 978/978/978 976/976/976
f 977/977/977 979/979/979 978/978/978
f 979/979/979 980/980/980 978/978/978
f 979/979/979 981/981/981 980/980/980
f 981/981/981 982/982/982 980/980/980
f 985/985/985 984/984/984 983/983/983
f 984/984/984 986/986/986 983/983/983
f 984/984/984 987/987/987 986/986/986
f 987/987/987 988/988/988 986/986/986
f 987/987/987 989/989/989 988/988/988
f 989/989/989 990/990/990 988/988/988
f 989/989/989 991/991/991 990/990/990
f 991/991/991 992/992/992 990/990/990
f 995/995/995 994/994/994 993/993/993
f 994/994/994 996/996/996 993/993/993
f 994/994/994 997/997/997 996/996/996
f 997/997/997 998/998/998 996/996/996
f 997/997/997 999/999/999 998/998/998
f 999/999/999 1000/1000/1000 998/998/998
f 999/999/999 1001/1001/1001 1000/1000/1000
f 1001/1001/1001 1002/1002/1002 1000/1000/1000
f 1005/1005/1005 1004/1004/1004 1003/1003/1003
f 1006/1006/1006 1005/1005/1005 1003/1003/1003
f 1006/1006/1006 1003/1003/1003 1007/1007/1007
f 1008/1008/1008 1006/1006/1006 1007/1007/1007
f 1008/1008/1008 1007/1007/1007 1009/1009/1009
f 1010/1010/1010 1008/1008/1008 1009/1009/1009
f 1010/1010/1010 1009/1009/1009 1011/1011/1011
f 1012/1012/1012 1010/1010/1010 1011/1011/1011
f 1015/1015/1015 1014/1014/1014 1013/1013/1013
f 1014/1014/1014 1016/1016/1016 1013/1013/1013
f 1014/1014/1014 1017/1017/1017 1016/1016/1016
f 1017/1017/1017 1018/1018/1018 1016/1016/1016
f 1017/1017/1017 1019/1019/1019 1018/1018/1018
f 1019/1019/1019 1020/1020/1020 1018/1018/1018
f 1023/1023/1023 1022/1022/1022 1021/1021/1021
f 1024/1024/1024 1023/1023/1023 1021/1021/1021
f 1027/1027/1027 1026/1026/1026 1025/1025/1025
f 1026/1026/1026 1028/1028/1028 1025/1025/1025
f 1026/1026/1026 1029/1029/1029 1028/1028/1028
f 1029/1029/1029 1030/1030/1030 1028/1028/1028
f 1029/1029/1029 1031/1031/1031 1030/1030/1030
f 1031/1031/1031 1032/1032/1032 1030/1030/1030
f 1031/1031/1031 1033/1033/1033 1032/1032/1032
f 1033/1033/1033 1034/1034/1034 1032/1032/1032
f 1037/1037/1037 1036/1036/1036 1035/1035/1035
f 1036/1036/1036 1038/1038/1038 1035/1035/1035
f 1036/1036/1036 1039/1039/1039 1038/1038/1038
f 1039/1039/1039 1040/1040/1040 1038/1038/1038
f 1039/1039/1039 1041/1041/1041 1040/1040/1040
f 1041/1041/1041 1042/1042/1042 1040/1040/1040
f 1041/1041/1041 1043/1043/1043 1042/1042/1042
f 1043/1043/1043 1044/1044/1044 1042/1042/1042
f 1047/1047/1047 1046/1046/1046 1045/1045/1045
f 1045/1045/1045 1048/1048/1048 1047/1047/1047
f 1048/1048/1048 1049/1049/1049 1047/1047/1047
f 1050/1050/1050 1047/1047/1047 1049/1049/1049
f 1048/1048/1048 1051/1051/1051 1049/1049/1049
f 1049/1049/1049 1052/1052/1052 1050/1050/1050
f 1048/1048/1048 1053/1053/1053 1051/1051/1051
f 1052/1052/1052 1054/1054/1054 1050/1050/1050
f 1048/1048/1048 1055/1055/1055 1053/1053/1053
f 1054/1054/1054 1056/1056/1056 1050/1050/1050
f 1055/1055/1055 1057/1057/1057 1053/1053/1053
f 1054/1054/1054 1058/1058/1058 1056/1056/1056
f 1055/1055/1055 1059/1059/1059 1057/1057/1057
f 1059/1059/1059 1060/1060/1060 1057/1057/1057
f 1058/1058/1058 1061/1061/1061 1056/1056/1056
f 1058/1058/1058 1062/1062/1062 1061/1061/1061
f 1062/1062/1062 1063/1063/1063 1061/1061/1061
f 1063/1063/1063 1064/1064/1064 1061/1061/1061
f 1063/1063/1063 1065/1065/1065 1064/1064/1064
f 1065/1065/1065 1066/1066/1066 1064/1064/1064
f 1066/1066/1066 1065/1065/1065 1067/1067/1067
f 1059/1059/1059 1068/1068/1068 1060/1060/1060
f 1068/1068/1068 1069/1069/1069 1060/1060/1060
f 1068/1068/1068 1070/1070/1070 1069/1069/1069
f 1068/1068/1068 1071/1071/1071 1070/1070/1070
f 1072/1072/1072 1070/1070/1070 1071/1071/1071
f 1067/1067/1067 1073/1073/1073 1066/1066/1066
f 1071/1071/1071 1074/1074/1074 1072/1072/1072
f 1067/1067/1067 1075/1075/1075 1073/1073/1073
f 1074/1074/1074 1075/1075/1075 1072/1072/1072
f 1075/1075/1075 1074/1074/1074 1073/1073/1073
f 1074/1074/1074 1076/1076/1076 1073/1073/1073
f 1079/1079/1079 1078/1078/1078 1077/1077/1077
f 1078/1078/1078 1080/1080/1080 1077/1077/1077
f 1077/1077/1077 1080/1080/1080 1081/1081/1081
f 1080/1080/1080 1082/1082/1082 1081/1081/1081
f 1081/1081/1081 1082/1082/1082 1083/1083/1083
f 1082/1082/1082 1084/1084/1084 1083/1083/1083
f 1083/1083/1083 1084/1084/1084 1085/1085/1085
f 1084/1084/1084 1086/1086/1086 1085/1085/1085
f 1089/1089/1089 1088/1088/1088 1087/1087/1087
f 1090/1090/1090 1089/1089/1089 1087/1087/1087
f 1091/1091/1091 1089/1089/1089 1090/1090/1090
f 1092/1092/1092 1091/1091/1091 1090/1090/1090
f 1093/1093/1093 1091/1091/1091 1092/1092/1092
f 1094/1094/1094 1093/1093/1093 1092/1092/1092
f 1095/1095/1095 1093/1093/1093 1094/1094/1094
f 1096/1096/1096 1095/1095/1095 1094/1094/1094
f 1099/1099/1099 1098/1098/1098 1097/1097/1097
f 1100/1100/1100 1099/1099/1099 1097/1097/1097
f 1101/1101/1101 1099/1099/1099 1100/1100/1100
f 1102/1102/1102 1101/1101/1101 1100/1100/1100
f 1103/1103/1103 1101/1101/1101 1102/1102/1102
f 1104/1104/1104 1103/1103/1103 1102/1102/1102
f 1105/1105/1105 1103/1103/1103 1104/1104/1104
f 1106/1106/1106 1105/1105/1105 1104/1104/1104
f 1109/1109/1109 1108/1108/1108 1107/1107/1107
f 1110/1110/1110 1109/1109/1109 1107/1107/1107
f 1113/1113/1113 1112/1112/1112 1111/1111/1111
f 1114/1114/1114 1113/1113/1113 1111/1111/1111
f 1115/1115/1115 1113/1113/1113 1114/1114/1114
f 1116/1116/1116 1115/1115/1115 1114/1114/1114
f 1117/1117/1117 1115/1115/1115 1116/1116/1116
f 1118/1118/1118 1117/1117/1117 1116/1116/1116
f 1121/1121/1121 1120/1120/1120 1119/1119/1119
f 1122/1122/1122 1121/1121/1121 1119/1119/1119
f 1123/1123/1123 1122/1122/1122 1119/1119/1119
f 1121/1121/1121 1122/1122/1122 1124/1124/1124
f 1123/1123/1123 1119/1119/1119 1125/1125/1125
f 1126/1126/1126 1121/1121/1121 1124/1124/1124
f 1127/1127/1127 1123/1123/1123 1125/1125/1125
f 1126/1126/1126 1124/1124/1124 1128/1128/1128
f 1127/1127/1127 1125/1125/1125 1129/1129/1129
f 1130/1130/1130 1127/1127/1127 1129/1129/1129
f 1131/1131/1131 1126/1126/1126 1128/1128/1128
f 1131/1131/1131 1128/1128/1128 1132/1132/1132
f 1131/1131/1131 1132/1132/1132 1133/1133/1133
f 1134/1134/1134 1131/1131/1131 1133/1133/1133
f 1134/1134/1134 1133/1133/1133 1135/1135/1135
f 1136/1136/1136 1134/1134/1134 1135/1135/1135
f 1136/1136/1136 1135/1135/1135 1137/1137/1137
f 1130/1130/1130 1129/1129/1129 1138/1138/1138
f 1138/1138/1138 1139/1139/1139 1130/1130/1130
f 1140/1140/1140 1139/1139/1139 1138/1138/1138
f 1140/1140/1140 1138/1138/1138 1141/1141/1141
f 1142/1142/1142 1140/1140/1140 1141/1141/1141
f 1143/1143/1143 1136/1136/1136 1137/1137/1137
f 1143/1143/1143 1137/1137/1137 1144/1144/1144
f 1142/1142/1142 1141/1141/1141 1145/1145/1145
f 1146/1146/1146 1142/1142/1142 1145/1145/1145
f 1143/1143/1143 1144/1144/1144 1147/1147/1147
f 1147/1147/1147 1146/1146/1146 1145/1145/1145
f 1148/1148/1148 1143/1143/1143 1147/1147/1147
f 1147/1147/1147 1145/1145/1145 1149/1149/1149
f 1147/1147/1147 1150/1150/1150 1148/1148/1148
f 1149/1149/1149 1150/1150/1150 1147/1147/1147
f 1153/1153/1153 1152/1152/1152 1151/1151/1151
f 1152/1152/1152 1154/1154/1154 1151/1151/1151
f 1151/1151/1151 1154/1154/1154 1155/1155/1155
f 1154/1154/1154 1156/1156/1156 1155/1155/1155
f 1155/1155/1155 1156/1156/1156 1157/1157/1157
f 1156/1156/1156 1158/1158/1158 1157/1157/1157
f 1157/1157/1157 1158/1158/1158 1159/1159/1159
f 1158/1158/1158 1160/1160/1160 1159/1159/1159
f 1163/1163/1163 1162/1162/1162 1161/1161/1161
f 1164/1164/1164 1163/1163/1163 1161/1161/1161
f 1167/1167/1167 1166/1166/1166 1165/1165/1165
f 1168/1168/1168 1167/1167/1167 1165/1165/1165
f 1169/1169/1169 1167/1167/1167 1168/1168/1168
f 1170/1170/1170 1169/1169/1169 1168/1168/1168
f 1171/1171/1171 1169/1169/1169 1170/1170/1170
f 1172/1172/1172 1171/1171/1171 1170/1170/1170
f 1175/1175/1175 1174/1174/1174 1173/1173/1173
f 1176/1176/1176 1175/1175/1175 1173/1173/1173
f 1177/1177/1177 1175/1175/1175 1176/1176/1176
f 1178/1178/1178 1177/1177/1177 1176/1176/1176
f 1179/1179/1179 1177/1177/1177 1178/1178/1178
f 1180/1180/1180 1179/1179/1179 1178/1178/1178
f 1181/1181/1181 1179/1179/1179 1180/1180/1180
f 1182/1182/1182 1181/1181/1181 1180/1180/1180
f 1185/1185/1185 1184/1184/1184 1183/1183/1183
f 1186/1186/1186 1185/1185/1185 1183/1183/1183
f 1187/1187/1187 1185/1185/1185 1186/1186/1186
f 1188/1188/1188 1187/1187/1187 1186/1186/1186
f 1189/1189/1189 1187/1187/1187 1188/1188/1188
f 1190/1190/1190 1189/1189/1189 1188/1188/1188
f 1191/1191/1191 1189/1189/1189 1190/1190/1190
f 1192/1192/1192 1191/1191/1191 1190/1190/1190
f 1195/1195/1195 1194/1194/1194 1193/1193/1193
f 1193/1193/1193 1196/1196/1196 1195/1195/1195
f 1196/1196/1196 1197/1197/1197 1195/1195/1195
f 1198/1198/1198 1195/1195/1195 1197/1197/1197
f 1196/1196/1196 1199/1199/1199 1197/1197/1197
f 1197/1197/1197 1200/1200/1200 1198/1198/1198
f 1196/1196/1196 1201/1201/1201 1199/1199/1199
f 1200/1200/1200 1202/1202/1202 1198/1198/1198
f 1196/1196/1196 1203/1203/1203 1201/1201/1201
f 1204/1204/1204 1198/1198/1198 1202/1202/1202
f 1203/1203/1203 1205/1205/1205 1201/1201/1201
f 1202/1202/1202 1206/1206/1206 1204/1204/1204
f 1203/1203/1203 1207/1207/1207 1205/1205/1205
f 1207/1207/1207 1208/1208/1208 1205/1205/1205
f 1206/1206/1206 1209/1209/1209 1204/1204/1204
f 1206/1206/1206 1210/1210/1210 1209/1209/1209
f 1210/1210/1210 1211/1211/1211 1209/1209/1209
f 1211/1211/1211 1212/1212/1212 1209/1209/1209
f 1211/1211/1211 1213/1213/1213 1212/1212/1212
f 1213/1213/1213 1214/1214/1214 1212/1212/1212
f 1213/1213/1213 1215/1215/1215 1214/1214/1214
f 1208/1208/1208 1207/1207/1207 1216/1216/1216
f 1216/1216/1216 1217/1217/1217 1208/1208/1208
f 1216/1216/1216 1218/1218/1218 1217/1217/1217
f 1216/1216/1216 1219/1219/1219 1218/1218/1218
f 1219/1219/1219 1220/1220/1220 1218/1218/1218
f 1215/1215/1215 1221/1221/1221 1214/1214/1214
f 1219/1219/1219 1222/1222/1222 1220/1220/1220
f 1215/1215/1215 1223/1223/1223 1221/1221/1221
f 1222/1222/1222 1223/1223/1223 1220/1220/1220
f 1223/1223/1223 1222/1222/1222 1221/1221/1221
f 1222/1222/1222 1224/1224/1224 1221/1221/1221
f 1227/1227/1227 1226/1226/1226 1225/1225/1225
f 1228/1228/1228 1227/1227/1227 1225/1225/1225
f 1228/1228/1228 1225/1225/1225 1229/1229/1229
f 1230/1230/1230 1228/1228/1228 1229/1229/1229
f 1230/1230/1230 1229/1229/1229 1231/1231/1231
f 1232/1232/1232 1230/1230/1230 1231/1231/1231
f 1232/1232/1232 1231/1231/1231 1233/1233/1233
f 1234/1234/1234 1232/1232/1232 1233/1233/1233
f 1237/1237/1237 1236/1236/1236 1235/1235/1235
f 1236/1236/1236 1238/1238/1238 1235/1235/1235
f 1236/1236/1236 1239/1239/1239 1238/1238/1238
f 1239/1239/1239 1240/1240/1240 1238/1238/1238
f 1239/1239/1239 1241/1241/1241 1240/1240/1240
f 1241/1241/1241 1242/1242/1242 1240/1240/1240
f 1241/1241/1241 1243/1243/1243 1242/1242/1242
f 1243/1243/1243 1244/1244/1244 1242/1242/1242
f 1247/1247/1247 1246/1246/1246 1245/1245/1245
f 1246/1246/1246 1248/1248/1248 1245/1245/1245
f 1246/1246/1246 1249/1249/1249 1248/1248/1248
f 1249/1249/1249 1250/1250/1250 1248/1248/1248
f 1249/1249/1249 1251/1251/1251 1250/1250/1250
f 1251/1251/1251 1252/1252/1252 1250/1250/1250
f 1251/1251/1251 1253/1253/1253 1252/1252/1252
f 1253/1253/1253 1254/1254/1254 1252/1252/1252
f 1257/1257/1257 1256/1256/1256 1255/1255/1255
f 1256/1256/1256 1258/1258/1258 1255/1255/1255
f 1256/1256/1256 1259/1259/1259 1258/1258/1258
f 1259/1259/1259 1260/1260/1260 1258/1258/1258
f 1259/1259/1259 1261/1261/1261 1260/1260/1260
f 1261/1261/1261 1262/1262/1262 1260/1260/1260
f 1265/1265/1265 1264/1264/1264 1263/1263/1263
f 1266/1266/1266 1265/1265/1265 1263/1263/1263
f 1267/1267/1267 1266/1266/1266 1263/1263/1263
f 1265/1265/1265 1266/1266/1266 1268/1268/1268
f 1267/1267/1267 1263/1263/1263 1269/1269/1269
f 1270/1270/1270 1265/1265/1265 1268/1268/1268
f 1269/1269/1269 1271/1271/1271 1267/1267/1267
f 1268/1268/1268 1272/1272/1272 1270/1270/1270
f 1271/1271/1271 1269/1269/1269 1273/1273/1273
f 1274/1274/1274 1271/1271/1271 1273/1273/1273
f 1275/1275/1275 1270/1270/1270 1272/1272/1272
f 1275/1275/1275 1272/1272/1272 1276/1276/1276
f 1275/1275/1275 1276/1276/1276 1277/1277/1277
f 1278/1278/1278 1275/1275/1275 1277/1277/1277
f 1278/1278/1278 1277/1277/1277 1279/1279/1279
f 1280/1280/1280 1278/1278/1278 1279/1279/1279
f 1280/1280/1280 1279/1279/1279 1281/1281/1281
f 1274/1274/1274 1273/1273/1273 1282/1282/1282
f 1283/1283/1283 1274/1274/1274 1282/1282/1282
f 1284/1284/1284 1283/1283/1283 1282/1282/1282
f 1284/1284/1284 1282/1282/1282 1285/1285/1285
f 1286/1286/1286 1284/1284/1284 1285/1285/1285
f 1287/1287/1287 1280/1280/1280 1281/1281/1281
f 1286/1286/1286 1285/1285/1285 1288/1288/1288
f 1289/1289/1289 1286/1286/1286 1288/1288/1288
f 1287/1287/1287 1281/1281/1281 1290/1290/1290
f 1291/1291/1291 1289/1289/1289 1288/1288/1288
f 1287/1287/1287 1290/1290/1290 1291/1291/1291
f 1288/1288/1288 1292/1292/1292 1291/1291/1291
f 1287/1287/1287 1291/1291/1291 1292/1292/1292
f 1293/1293/1293 1287/1287/1287 1292/1292/1292
f 1292/1292/1292 1294/1294/1294 1293/1293/1293
f 1297/1297/1297 1296/1296/1296 1295/1295/1295
f 1298/1298/1298 1297/1297/1297 1295/1295/1295
f 1301/1301/1301 1300/1300/1300 1299/1299/1299
f 1299/1299/1299 1302/1302/1302 1301/1301/1301
f 1303/1303/1303 1301/1301/1301 1302/1302/1302
f 1299/1299/1299 1304/1304/1304 1302/1302/1302
f 1302/1302/1302 1305/1305/1305 1303/1303/1303
f 1304/1304/1304 1306/1306/1306 1302/1302/1302
f 1306/1306/1306 1307/1307/1307 1302/1302/1302
f 1302/1302/1302 1308/1308/1308 1305/1305/1305
f 1306/1306/1306 1309/1309/1309 1307/1307/1307
f 1302/1302/1302 1310/1310/1310 1308/1308/1308
f 1302/1302/1302 1307/1307/1307 1310/1310/1310
f 1308/1308/1308 1310/1310/1310 1311/1311/1311
f 1311/1311/1311 1310/1310/1310 1307/1307/1307
f 1307/1307/1307 1312/1312/1312 1311/1311/1311
f 1309/1309/1309 1313/1313/1313 1307/1307/1307
f 1309/1309/1309 1314/1314/1314 1313/1313/1313
f 1309/1309/1309 1315/1315/1315 1314/1314/1314
f 1315/1315/1315 1316/1316/1316 1314/1314/1314
f 1307/1307/1307 1317/1317/1317 1312/1312/1312
f 1317/1317/1317 1307/1307/1307 1318/1318/1318
f 1312/1312/1312 1317/1317/1317 1319/1319/1319
f 1318/1318/1318 1319/1319/1319 1317/1317/1317
f 1319/1319/1319 1320/1320/1320 1312/1312/1312
f 1318/1318/1318 1321/1321/1321 1319/1319/1319
f 1319/1319/1319 1321/1321/1321 1320/1320/1320
f 1321/1321/1321 1322/1322/1322 1320/1320/1320
f 1323/1323/1323 1322/1322/1322 1321/1321/1321
f 1321/1321/1321 1324/1324/1324 1323/1323/1323
f 1324/1324/1324 1325/1325/1325 1323/1323/1323
f 1324/1324/1324 1326/1326/1326 1325/1325/1325
f 1326/1326/1326 1327/1327/1327 1325/1325/1325
f 1326/1326/1326 1328/1328/1328 1327/1327/1327
f 1315/1315/1315 1329/1329/1329 1316/1316/1316
f 1329/1329/1329 1315/1315/1315 1330/1330/1330
f 1330/1330/1330 1331/1331/1331 1329/1329/1329
f 1331/1331/1331 1316/1316/1316 1329/1329/1329
f 1331/1331/1331 1332/1332/1332 1316/1316/1316
f 1326/1326/1326 1316/1316/1316 1332/1332/1332
f 1331/1331/1331 1333/1333/1333 1332/1332/1332
f 1332/1332/1332 1333/1333/1333 1326/1326/1326
f 1331/1331/1331 1334/1334/1334 1333/1333/1333
f 1334/1334/1334 1335/1335/1335 1333/1333/1333
f 1333/1333/1333 1335/1335/1335 1326/1326/1326
f 1335/1335/1335 1336/1336/1336 1326/1326/1326
f 1328/1328/1328 1326/1326/1326 1336/1336/1336
f 1335/1335/1335 1337/1337/1337 1336/1336/1336
f 1336/1336/1336 1337/1337/1337 1328/1328/1328
f 1337/1337/1337 1338/1338/1338 1328/1328/1328
f 1341/1341/1341 1340/1340/1340 1339/1339/1339
f 1342/1342/1342 1341/1341/1341 1339/1339/1339
f 1342/1342/1342 1339/1339/1339 1343/1343/1343
f 1342/1342/1342 1343/1343/1343 1344/1344/1344
f 1345/1345/1345 1341/1341/1341 1342/1342/1342
f 1345/1345/1345 1346/1346/1346 1341/1341/1341
f 1347/1347/1347 1345/1345/1345 1342/1342/1342
f 1348/1348/1348 1347/1347/1347 1342/1342/1342
f 1348/1348/1348 1342/1342/1342 1349/1349/1349
f 1350/1350/1350 1348/1348/1348 1349/1349/1349
f 1351/1351/1351 1349/1349/1349 1342/1342/1342
f 1349/1349/1349 1351/1351/1351 1344/1344/1344
f 1342/1342/1342 1344/1344/1344 1351/1351/1351
f 1349/1349/1349 1344/1344/1344 1352/1352/1352
f 1350/1350/1350 1349/1349/1349 1353/1353/1353
f 1354/1354/1354 1350/1350/1350 1353/1353/1353
f 1353/1353/1353 1349/1349/1349 1355/1355/1355
f 1356/1356/1356 1353/1353/1353 1355/1355/1355
f 1357/1357/1357 1354/1354/1354 1353/1353/1353
f 1357/1357/1357 1353/1353/1353 1356/1356/1356
f 1358/1358/1358 1354/1354/1354 1357/1357/1357
f 1356/1356/1356 1359/1359/1359 1357/1357/1357
f 1358/1358/1358 1357/1357/1357 1359/1359/1359
f 1359/1359/1359 1356/1356/1356 1355/1355/1355
f 1349/1349/1349 1352/1352/1352 1360/1360/1360
f 1360/1360/1360 1352/1352/1352 1361/1361/1361
f 1360/1360/1360 1361/1361/1361 1362/1362/1362
f 1358/1358/1358 1359/1359/1359 1363/1363/1363
f 1364/1364/1364 1358/1358/1358 1363/1363/1363
f 1364/1364/1364 1363/1363/1363 1365/1365/1365
f 1366/1366/1366 1364/1364/1364 1365/1365/1365
f 1365/1365/1365 1367/1367/1367 1366/1366/1366
f 1363/1363/1363 1359/1359/1359 1368/1368/1368
f 1365/1365/1365 1363/1363/1363 1368/1368/1368
f 1368/1368/1368 1359/1359/1359 1369/1369/1369
f 1359/1359/1359 1355/1355/1355 1369/1369/1369
f 1355/1355/1355 1362/1362/1362 1370/1370/1370
f 1355/1355/1355 1370/1370/1370 1371/1371/1371
f 1369/1369/1369 1355/1355/1355 1371/1371/1371
f 1372/1372/1372 1368/1368/1368 1369/1369/1369
f 1365/1365/1365 1368/1368/1368 1372/1372/1372
f 1369/1369/1369 1373/1373/1373 1372/1372/1372
f 1373/1373/1373 1369/1369/1369 1371/1371/1371
f 1365/1365/1365 1372/1372/1372 1373/1373/1373
f 1367/1367/1367 1365/1365/1365 1374/1374/1374
f 1365/1365/1365 1373/1373/1373 1374/1374/1374
f 1374/1374/1374 1375/1375/1375 1367/1367/1367
f 1376/1376/1376 1373/1373/1373 1371/1371/1371
f 1374/1374/1374 1373/1373/1373 1376/1376/1376
f 1375/1375/1375 1374/1374/1374 1376/1376/1376
f 1376/1376/1376 1371/1371/1371 1377/1377/1377
f 1377/1377/1377 1378/1378/1378 1376/1376/1376
f 1375/1375/1375 1376/1376/1376 1378/1378/1378
f 1378/1378/1378 1379/1379/1379 1375/1375/1375
f 1355/1355/1355 1380/1380/1380 1362/1362/1362
f 1349/1349/1349 1380/1380/1380 1355/1355/1355
f 1380/1380/1380 1381/1381/1381 1362/1362/1362
f 1360/1360/1360 1362/1362/1362 1381/1381/1381
f 1381/1381/1381 1380/1380/1380 1360/1360/1360
f 1382/1382/1382 1349/1349/1349 1360/1360/1360
f 1360/1360/1360 1380/1380/1380 1382/1382/1382
f 1349/1349/1349 1382/1382/1382 1380/1380/1380
f 1385/1385/1385 1384/1384/1384 1383/1383/1383
f 1383/1383/1383 1386/1386/1386 1385/1385/1385
f 1386/1386/1386 1383/1383/1383 1387/1387/1387
f 1387/1387/1387 1388/1388/1388 1386/1386/1386
f 1386/1386/1386 1389/1389/1389 1385/1385/1385
f 1386/1386/1386 1390/1390/1390 1389/1389/1389
f 1390/1390/1390 1391/1391/1391 1389/1389/1389
f 1388/1388/1388 1392/1392/1392 1386/1386/1386
f 1390/1390/1390 1393/1393/1393 1391/1391/1391
f 1390/1390/1390 1394/1394/1394 1393/1393/1393
f 1394/1394/1394 1395/1395/1395 1393/1393/1393
f 1392/1392/1392 1396/1396/1396 1386/1386/1386
f 1396/1396/1396 1390/1390/1390 1386/1386/1386
f 1392/1392/1392 1397/1397/1397 1396/1396/1396
f 1396/1396/1396 1397/1397/1397 1398/1398/1398
f 1398/1398/1398 1390/1390/1390 1396/1396/1396
f 1398/1398/1398 1399/1399/1399 1390/1390/1390
f 1399/1399/1399 1398/1398/1398 1400/1400/1400
f 1399/1399/1399 1401/1401/1401 1390/1390/1390
f 1394/1394/1394 1390/1390/1390 1401/1401/1401
f 1400/1400/1400 1402/1402/1402 1399/1399/1399
f 1399/1399/1399 1402/1402/1402 1401/1401/1401
f 1401/1401/1401 1402/1402/1402 1394/1394/1394
f 1400/1400/1400 1403/1403/1403 1402/1402/1402
f 1402/1402/1402 1403/1403/1403 1404/1404/1404
f 1404/1404/1404 1405/1405/1405 1402/1402/1402
f 1402/1402/1402 1405/1405/1405 1394/1394/1394
f 1404/1404/1404 1406/1406/1406 1405/1405/1405
f 1405/1405/1405 1406/1406/1406 1394/1394/1394
f 1404/1404/1404 1407/1407/1407 1406/1406/1406
f 1407/1407/1407 1408/1408/1408 1406/1406/1406
f 1408/1408/1408 1409/1409/1409 1406/1406/1406
f 1408/1408/1408 1410/1410/1410 1409/1409/1409
f 1406/1406/1406 1411/1411/1411 1394/1394/1394
f 1394/1394/1394 1411/1411/1411 1395/1395/1395
f 1411/1411/1411 1412/1412/1412 1395/1395/1395
f 1413/1413/1413 1395/1395/1395 1412/1412/1412
f 1412/1412/1412 1414/1414/1414 1413/1413/1413
f 1411/1411/1411 1415/1415/1415 1412/1412/1412
f 1406/1406/1406 1415/1415/1415 1411/1411/1411
f 1412/1412/1412 1415/1415/1415 1414/1414/1414
f 1406/1406/1406 1416/1416/1416 1415/1415/1415
f 1406/1406/1406 1409/1409/1409 1416/1416/1416
f 1417/1417/1417 1415/1415/1415 1416/1416/1416
f 1415/1415/1415 1417/1417/1417 1414/1414/1414
f 1416/1416/1416 1409/1409/1409 1417/1417/1417
f 1417/1417/1417 1418/1418/1418 1414/1414/1414
f 1409/1409/1409 1418/1418/1418 1417/1417/1417
f 1418/1418/1418 1419/1419/1419 1414/1414/1414
f 1418/1418/1418 1420/1420/1420 1419/1419/1419
f 1409/1409/1409 1420/1420/1420 1418/1418/1418
f 1409/1409/1409 1421/1421/1421 1420/1420/1420
f 1421/1421/1421 1422/1422/1422 1420/1420/1420
f 1421/1421/1421 1409/1409/1409 1410/1410/1410
f 1410/1410/1410 1422/1422/1422 1421/1421/1421
f 1410/1410/1410 1423/1423/1423 1422/1422/1422
f 1426/1426/1426 1425/1425/1425 1424/1424/1424
f 1426/1426/1426 1424/1424/1424 1427/1427/1427
f 1428/1428/1428 1426/1426/1426 1427/1427/1427
f 1428/1428/1428 1427/1427/1427 1429/1429/1429
f 1430/1430/1430 1426/1426/1426 1428/1428/1428
f 1430/1430/1430 1431/1431/1431 1426/1426/1426
f 1432/1432/1432 1430/1430/1430 1428/1428/1428
f 1433/1433/1433 1432/1432/1432 1428/1428/1428
f 1433/1433/1433 1434/1434/1434 1432/1432/1432
f 1428/1428/1428 1435/1435/1435 1433/1433/1433
f 1435/1435/1435 1428/1428/1428 1429/1429/1429
f 1434/1434/1434 1433/1433/1433 1435/1435/1435
f 1436/1436/1436 1435/1435/1435 1429/1429/1429
f 1436/1436/1436 1429/1429/1429 1437/1437/1437
f 1434/1434/1434 1435/1435/1435 1438/1438/1438
f 1438/1438/1438 1439/1439/1439 1434/1434/1434
f 1440/1440/1440 1436/1436/1436 1437/1437/1437
f 1440/1440/1440 1437/1437/1437 1441/1441/1441
f 1442/1442/1442 1435/1435/1435 1436/1436/1436
f 1438/1438/1438 1435/1435/1435 1442/1442/1442
f 1442/1442/1442 1436/1436/1436 1440/1440/1440
f 1439/1439/1439 1438/1438/1438 1443/1443/1443
f 1443/1443/1443 1438/1438/1438 1442/1442/1442
f 1444/1444/1444 1439/1439/1439 1443/1443/1443
f 1445/1445/1445 1444/1444/1444 1443/1443/1443
f 1442/1442/1442 1446/1446/1446 1443/1443/1443
f 1443/1443/1443 1446/1446/1446 1445/1445/1445
f 1446/1446/1446 1442/1442/1442 1440/1440/1440
f 1446/1446/1446 1440/1440/1440 1447/1447/1447
f 1448/1448/1448 1445/1445/1445 1446/1446/1446
f 1440/1440/1440 1441/1441/1441 1449/1449/1449
f 1449/1449/1449 1447/1447/1447 1440/1440/1440
f 1449/1449/1449 1441/1441/1441 1450/1450/1450
f 1447/1447/1447 1449/1449/1449 1450/1450/1450
f 1448/1448/1448 1446/1446/1446 1451/1451/1451
f 1451/1451/1451 1446/1446/1446 1447/1447/1447
f 1447/1447/1447 1452/1452/1452 1451/1451/1451
f 1453/1453/1453 1448/1448/1448 1451/1451/1451
f 1453/1453/1453 1451/1451/1451 1452/1452/1452
f 1454/1454/1454 1453/1453/1453 1452/1452/1452
f 1452/1452/1452 1455/1455/1455 1454/1454/1454
f 1456/1456/1456 1447/1447/1447 1450/1450/1450
f 1456/1456/1456 1450/1450/1450 1457/1457/1457
f 1447/1447/1447 1456/1456/1456 1458/1458/1458
f 1458/1458/1458 1456/1456/1456 1457/1457/1457
f 1452/1452/1452 1447/1447/1447 1458/1458/1458
f 1458/1458/1458 1457/1457/1457 1459/1459/1459
f 1459/1459/1459 1460/1460/1460 1458/1458/1458
f 1461/1461/1461 1458/1458/1458 1460/1460/1460
f 1461/1461/1461 1452/1452/1452 1458/1458/1458
f 1460/1460/1460 1462/1462/1462 1461/1461/1461
f 1452/1452/1452 1461/1461/1461 1462/1462/1462
f 1455/1455/1455 1452/1452/1452 1462/1462/1462
f 1462/1462/1462 1463/1463/1463 1455/1455/1455
f 1466/1466/1466 1465/1465/1465 1464/1464/1464
f 1467/1467/1467 1466/1466/1466 1464/1464/1464
f 1468/1468/1468 1466/1466/1466 1467/1467/1467
f 1468/1468/1468 1467/1467/1467 1469/1469/1469
f 1468/1468/1468 1470/1470/1470 1466/1466/1466
f 1468/1468/1468 1471/1471/1471 1470/1470/1470
f 1468/1468/1468 1469/1469/1469 1472/1472/1472
f 1472/1472/1472 1473/1473/1473 1468/1468/1468
f 1476/1476/1476 1475/1475/1475 1474/1474/1474
f 1476/1476/1476 1474/1474/1474 1477/1477/1477
f 1478/1478/1478 1476/1476/1476 1477/1477/1477
f 1477/1477/1477 1479/1479/1479 1478/1478/1478
f 1480/1480/1480 1477/1477/1477 1474/1474/1474
f 1481/1481/1481 1480/1480/1480 1474/1474/1474
f 1482/1482/1482 1480/1480/1480 1481/1481/1481
f 1483/1483/1483 1482/1482/1482 1481/1481/1481
f 1486/1486/1486 1485/1485/1485 1484/1484/1484
f 1487/1487/1487 1486/1486/1486 1484/1484/1484
f 1488/1488/1488 1487/1487/1487 1484/1484/1484
f 1488/1488/1488 1484/1484/1484 1489/1489/1489
f 1489/1489/1489 1490/1490/1490 1488/1488/1488
f 1490/1490/1490 1489/1489/1489 1491/1491/1491
f 1489/1489/1489 1492/1492/1492 1491/1491/1491
f 1495/1495/1495 1494/1494/1494 1493/1493/1493
f 1493/1493/1493 1496/1496/1496 1495/1495/1495
f 1497/1497/1497 1495/1495/1495 1496/1496/1496
f 1496/1496/1496 1498/1498/1498 1497/1497/1497
f 1499/1499/1499 1497/1497/1497 1498/1498/1498
f 1497/1497/1497 1499/1499/1499 1500/1500/1500
f 1501/1501/1501 1499/1499/1499 1498/1498/1498
f 1498/1498/1498 1502/1502/1502 1501/1501/1501
f 1501/1501/1501 1503/1503/1503 1499/1499/1499
f 1503/1503/1503 1504/1504/1504 1499/1499/1499
f 1507/1507/1507 1506/1506/1506 1505/1505/1505
f 1508/1508/1508 1507/1507/1507 1505/1505/1505
f 1509/1509/1509 1508/1508/1508 1505/1505/1505
f 1509/1509/1509 1510/1510/1510 1508/1508/1508
f 1505/1505/1505 1511/1511/1511 1509/1509/1509
f 1505/1505/1505 1512/1512/1512 1511/1511/1511
f 1512/1512/1512 1513/1513/1513 1511/1511/1511
f 1516/1516/1516 1515/1515/1515 1514/1514/1514
f 1517/1517/1517 1516/1516/1516 1514/1514/1514
f 1517/1517/1517 1518/1518/1518 1516/1516/1516
f 1518/1518/1518 1519/1519/1519 1516/1516/1516
f 1522/1522/1522 1521/1521/1521 1520/1520/1520
f 1521/1521/1521 1523/1523/1523 1520/1520/1520
f 1520/1520/1520 1523/1523/1523 1524/1524/1524
f 1523/1523/1523 1525/1525/1525 1524/1524/1524
f 1526/1526/1526 1524/1524/1524 1525/1525/1525
f 1527/1527/1527 1526/1526/1526 1525/1525/1525
f 1528/1528/1528 1527/1527/1527 1525/1525/1525
f 1529/1529/1529 1528/1528/1528 1525/1525/1525
f 1530/1530/1530 1529/1529/1529 1525/1525/1525
f 1530/1530/1530 1525/1525/1525 1531/1531/1531
f 1531/1531/1531 1532/1532/1532 1530/1530/1530
f 1533/1533/1533 1532/1532/1532 1531/1531/1531
f 1533/1533/1533 1531/1531/1531 1534/1534/1534
f 1535/1535/1535 1533/1533/1533 1534/1534/1534
f 1534/1534/1534 1536/1536/1536 1535/1535/1535
f 1539/1539/1539 1538/1538/1538 1537/1537/1537
f 1539/1539/1539 1537/1537/1537 1540/1540/1540
f 1539/1539/1539 1540/1540/1540 1541/1541/1541
f 1541/1541/1541 1542/1542/1542 1539/1539/1539
f 1543/1543/1543 1540/1540/1540 1537/1537/1537
f 1544/1544/1544 1543/1543/1543 1537/1537/1537
f 1545/1545/1545 1543/1543/1543 1544/1544/1544
f 1546/1546/1546 1545/1545/1545 1544/1544/1544
f 1547/1547/1547 1545/1545/1545 1546/1546/1546
f 1548/1548/1548 1547/1547/1547 1546/1546/1546
f 1551/1551/1551 1550/1550/1550 1549/1549/1549
f 1552/1552/1552 1551/1551/1551 1549/1549/1549
f 1555/1555/1555 1554/1554/1554 1553/1553/1553
f 1553/1553/1553 1556/1556/1556 1555/1555/1555
f 1556/1556/1556 1557/1557/1557 1555/1555/1555
f 1556/1556/1556 1558/1558/1558 1557/1557/1557
f 1561/1561/1561 1560/1560/1560 1559/1559/1559
f 1562/1562/1562 1561/1561/1561 1559/1559/1559
f 1565/1565/1565 1564/1564/1564 1563/1563/1563
f 1564/1564/1564 1566/1566/1566 1563/1563/1563
f 1563/1563/1563 1566/1566/1566 1567/1567/1567
f 1568/1568/1568 1563/1563/1563 1567/1567/1567
f 1569/1569/1569 1568/1568/1568 1567/1567/1567
f 1569/1569/1569 1570/1570/1570 1568/1568/1568
f 1571/1571/1571 1569/1569/1569 1567/1567/1567
f 1567/1567/1567 1572/1572/1572 1571/1571/1571
f 1571/1571/1571 1573/1573/1573 1569/1569/1569
f 1573/1573/1573 1574/1574/1574 1569/1569/1569
f 1574/1574/1574 1575/1575/1575 1569/1569/1569
f 1572/1572/1572 1576/1576/1576 1571/1571/1571
f 1577/1577/1577 1576/1576/1576 1572/1572/1572
f 1572/1572/1572 1578/1578/1578 1577/1577/1577
f 1577/1577/1577 1579/1579/1579 1576/1576/1576
f 1582/1582/1582 1581/1581/1581 1580/1580/1580
f 1581/1581/1581 1583/1583/1583 1580/1580/1580
f 1580/1580/1580 1583/1583/1583 1584/1584/1584
f 1585/1585/1585 1580/1580/1580 1584/1584/1584
f 1586/1586/1586 1585/1585/1585 1584/1584/1584
f 1584/1584/1584 1587/1587/1587 1586/1586/1586
f 1588/1588/1588 1586/1586/1586 1587/1587/1587
f 1586/1586/1586 1589/1589/1589 1585/1585/1585
f 1588/1588/1588 1589/1589/1589 1586/1586/1586
f 1589/1589/1589 1590/1590/1590 1585/1585/1585
f 1591/1591/1591 1590/1590/1590 1589/1589/1589
f 1588/1588/1588 1591/1591/1591 1589/1589/1589
f 1592/1592/1592 1591/1591/1591 1588/1588/1588
f 1588/1588/1588 1587/1587/1587 1593/1593/1593
f 1594/1594/1594 1593/1593/1593 1587/1587/1587
f 1595/1595/1595 1594/1594/1594 1587/1587/1587
f 1593/1593/1593 1596/1596/1596 1588/1588/1588
f 1597/1597/1597 1596/1596/1596 1593/1593/1593
f 1588/1588/1588 1596/1596/1596 1597/1597/1597
f 1592/1592/1592 1588/1588/1588 1597/1597/1597
f 1597/1597/1597 1598/1598/1598 1592/1592/1592
f 1598/1598/1598 1599/1599/1599 1592/1592/1592
f 1599/1599/1599 1600/1600/1600 1592/1592/1592
f 1603/1603/1603 1602/1602/1602 1601/1601/1601
f 1603/1603/1603 1601/1601/1601 1604/1604/1604
f 1603/1603/1603 1604/1604/1604 1605/1605/1605
f 1605/1605/1605 1606/1606/1606 1603/1603/1603
f 1606/1606/1606 1605/1605/1605 1607/1607/1607
f 1606/1606/1606 1607/1607/1607 1608/1608/1608
f 1606/1606/1606 1608/1608/1608 1609/1609/1609
f 1606/1606/1606 1609/1609/1609 1610/1610/1610
f 1606/1606/1606 1610/1610/1610 1611/1611/1611
f 1610/1610/1610 1612/1612/1612 1611/1611/1611
f 1611/1611/1611 1613/1613/1613 1606/1606/1606
f 1611/1611/1611 1614/1614/1614 1613/1613/1613
f 1614/1614/1614 1615/1615/1615 1613/1613/1613
f 1618/1618/1618 1617/1617/1617 1616/1616/1616
f 1619/1619/1619 1618/1618/1618 1616/1616/1616
f 1620/1620/1620 1618/1618/1618 1619/1619/1619
f 1620/1620/1620 1619/1619/1619 1621/1621/1621
f 1620/1620/1620 1621/1621/1621 1622/1622/1622
f 1620/1620/1620 1622/1622/1622 1623/1623/1623
f 1623/1623/1623 1624/1624/1624 1620/1620/1620
f 1627/1627/1627 1626/1626/1626 1625/1625/1625
f 1626/1626/1626 1628/1628/1628 1625/1625/1625
f 1625/1625/1625 1628/1628/1628 1629/1629/1629
f 1628/1628/1628 1630/1630/1630 1629/1629/1629
f 1630/1630/1630 1631/1631/1631 1629/1629/1629
f 1632/1632/1632 1625/1625/1625 1629/1629/1629
f 1632/1632/1632 1629/1629/1629 1633/1633/1633
f 1633/1633/1633 1634/1634/1634 1632/1632/1632
f 1637/1637/1637 1636/1636/1636 1635/1635/1635
f 1638/1638/1638 1636/1636/1636 1637/1637/1637
f 1639/1639/1639 1638/1638/1638 1637/1637/1637
f 1637/1637/1637 1640/1640/1640 1639/1639/1639
f 1637/1637/1637 1641/1641/1641 1640/1640/1640
f 1641/1641/1641 1642/1642/1642 1640/1640/1640
f 1645/1645/1645 1644/1644/1644 1643/1643/1643
f 1646/1646/1646 1645/1645/1645 1643/1643/1643
f 1649/1649/1649 1648/1648/1648 1647/1647/1647
f 1650/1650/1650 1649/1649/1649 1647/1647/1647
f 1653/1653/1653 1652/1652/1652 1651/1651/1651
f 1654/1654/1654 1653/1653/1653 1651/1651/1651
f 1657/1657/1657 1656/1656/1656 1655/1655/1655
f 1655/1655/1655 1658/1658/1658 1657/1657/1657
f 1658/1658/1658 1659/1659/1659 1657/1657/1657
f 1658/1658/1658 1660/1660/1660 1659/1659/1659
f 1663/1663/1663 1662/1662/1662 1661/1661/1661
f 1664/1664/1664 1663/1663/1663 1661/1661/1661
f 1667/1667/1667 1666/1666/1666 1665/1665/1665
f 1668/1668/1668 1667/1667/1667 1665/1665/1665
f 1668/1668/1668 1665/1665/1665 1669/1669/1669
f 1669/1669/1669 1670/1670/1670 1668/1668/1668
f 1668/1668/1668 1670/1670/1670 1671/1671/1671
f 1669/1669/1669 1672/1672/1672 1670/1670/1670
f 1672/1672/1672 1669/1669/1669 1673/1673/1673
f 1673/1673/1673 1674/1674/1674 1672/1672/1672
f 1673/1673/1673 1675/1675/1675 1674/1674/1674
f 1673/1673/1673 1676/1676/1676 1675/1675/1675
f 1673/1673/1673 1677/1677/1677 1676/1676/1676
f 1673/1673/1673 1678/1678/1678 1677/1677/1677
f 1681/1681/1681 1680/1680/1680 1679/1679/1679
f 1682/1682/1682 1681/1681/1681 1679/1679/1679
f 1685/1685/1685 1684/1684/1684 1683/1683/1683
f 1686/1686/1686 1685/1685/1685 1683/1683/1683
f 1687/1687/1687 1685/1685/1685 1686/1686/1686
f 1685/1685/1685 1687/1687/1687 1688/1688/1688
f 1686/1686/1686 1689/1689/1689 1687/1687/1687
f 1688/1688/1688 1687/1687/1687 1689/1689/1689
f 1689/1689/1689 1690/1690/1690 1688/1688/1688
f 1686/1686/1686 1691/1691/1691 1689/1689/1689
f 1689/1689/1689 1692/1692/1692 1690/1690/1690
f 1691/1691/1691 1692/1692/1692 1689/1689/1689
f 1692/1692/1692 1691/1691/1691 1690/1690/1690
f 1691/1691/1691 1693/1693/1693 1690/1690/1690
f 1694/1694/1694 1693/1693/1693 1691/1691/1691
f 1693/1693/1693 1695/1695/1695 1690/1690/1690
f 1695/1695/1695 1693/1693/1693 1696/1696/1696
f 1695/1695/1695 1697/1697/1697 1690/1690/1690
f 1696/1696/1696 1697/1697/1697 1695/1695/1695
f 1696/1696/1696 1690/1690/1690 1697/1697/1697
f 1696/1696/1696 1698/1698/1698 1690/1690/1690
f 1696/1696/1696 1699/1699/1699 1698/1698/1698
f 1702/1702/1702 1701/1701/1701 1700/1700/1700
f 1703/1703/1703 1702/1702/1702 1700/1700/1700
f 1706/1706/1706 1705/1705/1705 1704/1704/1704
f 1707/1707/1707 1706/1706/1706 1704/1704/1704
f 1707/1707/1707 1704/1704/1704 1708/1708/1708
f 1709/1709/1709 1707/1707/1707 1708/1708/1708
f 1712/1712/1712 1711/1711/1711 1710/1710/1710
f 1713/1713/1713 1712/1712/1712 1710/1710/1710
f 1713/1713/1713 1710/1710/1710 1714/1714/1714
f 1710/1710/1710 1715/1715/1715 1714/1714/1714
f 1715/1715/1715 1716/1716/1716 1714/1714/1714
f 1716/1716/1716 1717/1717/1717 1714/1714/1714
f 1720/1720/1720 1719/1719/1719 1718/1718/1718
f 1721/1721/1721 1720/1720/1720 1718/1718/1718
f 1721/1721/1721 1718/1718/1718 1722/1722/1722
f 1718/1718/1718 1723/1723/1723 1722/1722/1722
f 1724/1724/1724 1722/1722/1722 1723/1723/1723
f 1725/1725/1725 1724/1724/1724 1723/1723/1723
f 1725/1725/1725 1726/1726/1726 1724/1724/1724
f 1723/1723/1723 1727/1727/1727 1725/1725/1725
f 1725/1725/1725 1727/1727/1727 1728/1728/1728
f 1727/1727/1727 1729/1729/1729 1728/1728/1728
f 1732/1732/1732 1731/1731/1731 1730/1730/1730
f 1730/1730/1730 1733/1733/1733 1732/1732/1732
f 1732/1732/1732 1733/1733/1733 1734/1734/1734
f 1730/1730/1730 1735/1735/1735 1733/1733/1733
f 1738/1738/1738 1737/1737/1737 1736/1736/1736
f 1739/1739/1739 1738/1738/1738 1736/1736/1736
f 1742/1742/1742 1741/1741/1741 1740/1740/1740
f 1743/1743/1743 1742/1742/1742 1740/1740/1740
f 1743/1743/1743 1740/1740/1740 1744/1744/1744
f 1740/1740/1740 1745/1745/1745 1744/1744/1744
f 1746/1746/1746 1744/1744/1744 1745/1745/1745
f 1746/1746/1746 1747/1747/1747 1744/1744/1744
f 1748/1748/1748 1746/1746/1746 1745/1745/1745
f 1745/1745/1745 1749/1749/1749 1748/1748/1748
f 1748/1748/1748 1750/1750/1750 1746/1746/1746
f 1750/1750/1750 1751/1751/1751 1746/1746/1746
f 1751/1751/1751 1752/1752/1752 1746/1746/1746
f 1749/1749/1749 1753/1753/1753 1748/1748/1748
f 1754/1754/1754 1753/1753/1753 1749/1749/1749
f 1749/1749/1749 1755/1755/1755 1754/1754/1754
f 1754/1754/1754 1756/1756/1756 1753/1753/1753
f 1759/1759/1759 1758/1758/1758 1757/1757/1757
f 1760/1760/1760 1759/1759/1759 1757/1757/1757
f 1760/1760/1760 1757/1757/1757 1761/1761/1761
f 1757/1757/1757 1762/1762/1762 1761/1761/1761
f 1763/1763/1763 1761/1761/1761 1762/1762/1762
f 1762/1762/1762 1764/1764/1764 1763/1763/1763
f 1763/1763/1763 1765/1765/1765 1761/1761/1761
f 1765/1765/1765 1766/1766/1766 1761/1761/1761
f 1769/1769/1769 1768/1768/1768 1767/1767/1767
f 1770/1770/1770 1769/1769/1769 1767/1767/1767
f 1771/1771/1771 1769/1769/1769 1770/1770/1770
f 1772/1772/1772 1771/1771/1771 1770/1770/1770
f 1772/1772/1772 1773/1773/1773 1771/1771/1771
f 1773/1773/1773 1774/1774/1774 1771/1771/1771
f 1777/1777/1777 1776/1776/1776 1775/1775/1775
f 1778/1778/1778 1777/1777/1777 1775/1775/1775
f 1779/1779/1779 1777/1777/1777 1778/1778/1778
f 1778/1778/1778 1780/1780/1780 1779/1779/1779
f 1779/1779/1779 1781/1781/1781 1777/1777/1777
f 1779/1779/1779 1782/1782/1782 1781/1781/1781
f 1779/1779/1779 1783/1783/1783 1782/1782/1782
f 1783/1783/1783 1784/1784/1784 1782/1782/1782
f 1787/1787/1787 1786/1786/1786 1785/1785/1785
f 1787/1787/1787 1785/1785/1785 1788/1788/1788
f 1785/1785/1785 1789/1789/1789 1788/1788/1788
f 1788/1788/1788 1789/1789/1789 1790/1790/1790
f 1788/1788/1788 1791/1791/1791 1787/1787/1787
f 1787/1787/1787 1791/1791/1791 1792/1792/1792
f 1791/1791/1791 1793/1793/1793 1792/1792/1792
f 1796/1796/1796 1795/1795/1795 1794/1794/1794
f 1797/1797/1797 1796/1796/1796 1794/1794/1794
f 1800/1800/1800 1799/1799/1799 1798/1798/1798
f 1799/1799/1799 1801/1801/1801 1798/1798/1798
f 1798/1798/1798 1801/1801/1801 1802/1802/1802
f 1801/1801/1801 1803/1803/1803 1802/1802/1802
f 1806/1806/1806 1805/1805/1805 1804/1804/1804
f 1804/1804/1804 1807/1807/1807 1806/1806/1806
f 1807/1807/1807 1804/1804/1804 1808/1808/1808
f 1808/1808/1808 1809/1809/1809 1807/1807/1807
f 1808/1808/1808 1810/1810/1810 1809/1809/1809
f 1810/1810/1810 1811/1811/1811 1809/1809/1809
f 1814/1814/1814 1813/1813/1813 1812/1812/1812
f 1815/1815/1815 1814/1814/1814 1812/1812/1812
f 1812/1812/1812 1816/1816/1816 1815/1815/1815
f 1816/1816/1816 1817/1817/1817 1815/1815/1815
f 1820/1820/1820 1819/1819/1819 1818/1818/1818
f 1819/1819/1819 1821/1821/1821 1818/1818/1818
f 1819/1819/1819 1822/1822/1822 1821/1821/1821
f 1822/1822/1822 1823/1823/1823 1821/1821/1821
f 1824/1824/1824 1823/1823/1823 1822/1822/1822
f 1825/1825/1825 1824/1824/1824 1822/1822/1822
f 1828/1828/1828 1827/1827/1827 1826/1826/1826
f 1828/1828/1828 1826/1826/1826 1829/1829/1829
f 1828/1828/1828 1829/1829/1829 1830/1830/1830
f 1830/1830/1830 1831/1831/1831 1828/1828/1828
f 1832/1832/1832 1831/1831/1831 1830/1830/1830
f 1833/1833/1833 1832/1832/1832 1830/1830/1830
f 1834/1834/1834 1833/1833/1833 1830/1830/1830
f 1834/1834/1834 1835/1835/1835 1833/1833/1833
f 1834/1834/1834 1830/1830/1830 1836/1836/1836
f 1836/1836/1836 1837/1837/1837 1834/1834/1834
f 1840/1840/1840 1839/1839/1839 1838/1838/1838
f 1839/1839/1839 1841/1841/1841 1838/1838/1838
f 1842/1842/1842 1838/1838/1838 1841/1841/1841
f 1842/1842/1842 1843/1843/1843 1838/1838/1838
f 1844/1844/1844 1842/1842/1842 1841/1841/1841
f 1845/1845/1845 1844/1844/1844 1841/1841/1841
f 1841/1841/1841 1846/1846/1846 1845/1845/1845
f 1849/1849/1849 1848/1848/1848 1847/1847/1847
f 1850/1850/1850 1849/1849/1849 1847/1847/1847
f 1853/1853/1853 1852/1852/1852 1851/1851/1851
f 1854/1854/1854 1853/1853/1853 1851/1851/1851
f 1857/1857/1857 1856/1856/1856 1855/1855/1855
f 1858/1858/1858 1856/1856/1856 1857/1857/1857
f 1858/1858/1858 1857/1857/1857 1859/1859/1859
f 1858/1858/1858 1860/1860/1860 1856/1856/1856
f 1858/1858/1858 1859/1859/1859 1861/1861/1861
f 1861/1861/1861 1862/1862/1862 1858/1858/1858
f 1858/1858/1858 1863/1863/1863 1860/1860/1860
f 1858/1858/1858 1864/1864/1864 1863/1863/1863
f 1867/1867/1867 1866/1866/1866 1865/1865/1865
f 1865/1865/1865 1868/1868/1868 1867/1867/1867
f 1865/1865/1865 1869/1869/1869 1868/1868/1868
f 1869/1869/1869 1870/1870/1870 1868/1868/1868
f 1870/1870/1870 1871/1871/1871 1868/1868/1868
f 1874/1874/1874 1873/1873/1873 1872/1872/1872
f 1875/1875/1875 1872/1872/1872 1873/1873/1873
f 1873/1873/1873 1876/1876/1876 1875/1875/1875
f 1873/1873/1873 1877/1877/1877 1876/1876/1876
f 1873/1873/1873 1878/1878/1878 1877/1877/1877
f 1878/1878/1878 1879/1879/1879 1877/1877/1877
f 1879/1879/1879 1880/1880/1880 1877/1877/1877
f 1880/1880/1880 1881/1881/1881 1877/1877/1877
f 1884/1884/1884 1883/1883/1883 1882/1882/1882
f 1882/1882/1882 1885/1885/1885 1884/1884/1884
f 1882/1882/1882 1886/1886/1886 1885/1885/1885
f 1886/1886/1886 1887/1887/1887 1885/1885/1885
f 1885/1885/1885 1888/1888/1888 1884/1884/1884
f 1888/1888/1888 1885/1885/1885 1889/1889/1889
f 1890/1890/1890 1884/1884/1884 1888/1888/1888
f 1888/1888/1888 1891/1891/1891 1890/1890/1890
f 1892/1892/1892 1890/1890/1890 1891/1891/1891
f 1891/1891/1891 1893/1893/1893 1892/1892/1892
f 1896/1896/1896 1895/1895/1895 1894/1894/1894
f 1894/1894/1894 1897/1897/1897 1896/1896/1896
f 1894/1894/1894 1898/1898/1898 1897/1897/1897
f 1898/1898/1898 1899/1899/1899 1897/1897/1897
f 1899/1899/1899 1900/1900/1900 1897/1897/1897
f 1903/1903/1903 1902/1902/1902 1901/1901/1901
f 1904/1904/1904 1903/1903/1903 1901/1901/1901
f 1904/1904/1904 1901/1901/1901 1905/1905/1905
f 1905/1905/1905 1906/1906/1906 1904/1904/1904
f 1905/1905/1905 1907/1907/1907 1906/1906/1906
f 1906/1906/1906 1908/1908/1908 1904/1904/1904
f 1908/1908/1908 1909/1909/1909 1904/1904/1904
f 1912/1912/1912 1911/1911/1911 1910/1910/1910
f 1911/1911/1911 1913/1913/1913 1910/1910/1910
f 1910/1910/1910 1913/1913/1913 1914/1914/1914
f 1915/1915/1915 1910/1910/1910 1914/1914/1914
f 1914/1914/1914 1916/1916/1916 1915/1915/1915
f 1916/1916/1916 1917/1917/1917 1915/1915/1915
f 1920/1920/1920 1919/1919/1919 1918/1918/1918
f 1919/1919/1919 1921/1921/1921 1918/1918/1918
f 1918/1918/1918 1921/1921/1921 1922/1922/1922
f 1923/1923/1923 1918/1918/1918 1922/1922/1922
f 1924/1924/1924 1923/1923/1923 1922/1922/1922
f 1925/1925/1925 1924/1924/1924 1922/1922/1922
f 1922/1922/1922 1926/1926/1926 1925/1925/1925
f 1925/1925/1925 1927/1927/1927 1924/1924/1924
f 1930/1930/1930 1929/1929/1929 1928/1928/1928
f 1931/1931/1931 1930/1930/1930 1928/1928/1928
f 1934/1934/1934 1933/1933/1933 1932/1932/1932
f 1932/1932/1932 1935/1935/1935 1934/1934/1934
f 1936/1936/1936 1934/1934/1934 1935/1935/1935
f 1935/1935/1935 1937/1937/1937 1936/1936/1936
f 1938/1938/1938 1936/1936/1936 1937/1937/1937
f 1939/1939/1939 1938/1938/1938 1937/1937/1937
f 1940/1940/1940 1938/1938/1938 1939/1939/1939
f 1941/1941/1941 1940/1940/1940 1939/1939/1939
f 1944/1944/1944 1943/1943/1943 1942/1942/1942
f 1945/1945/1945 1944/1944/1944 1942/1942/1942
f 1946/1946/1946 1944/1944/1944 1945/1945/1945
f 1947/1947/1947 1946/1946/1946 1945/1945/1945
f 1948/1948/1948 1946/1946/1946 1947/1947/1947
f 1949/1949/1949 1948/1948/1948 1947/1947/1947
f 1952/1952/1952 1951/1951/1951 1950/1950/1950
f 1951/1951/1951 1953/1953/1953 1950/1950/1950
f 1954/1954/1954 1953/1953/1953 1951/1951/1951
f 1955/1955/1955 1954/1954/1954 1951/1951/1951
f 1958/1958/1958 1957/1957/1957 1956/1956/1956
f 1959/1959/1959 1957/1957/1957 1958/1958/1958
f 1958/1958/1958 1960/1960/1960 1959/1959/1959
f 1958/1958/1958 1961/1961/1961 1960/1960/1960
f 1958/1958/1958 1962/1962/1962 1961/1961/1961
f 1962/1962/1962 1963/1963/1963 1961/1961/1961
f 1963/1963/1963 1964/1964/1964 1961/1961/1961
f 1964/1964/1964 1965/1965/1965 1961/1961/1961
f 1968/1968/1968 1967/1967/1967 1966/1966/1966
f 1966/1966/1966 1969/1969/1969 1968/1968/1968
f 1966/1966/1966 1970/1970/1970 1969/1969/1969
f 1970/1970/1970 1971/1971/1971 1969/1969/1969
f 1971/1971/1971 1972/1972/1972 1969/1969/1969
f 1975/1975/1975 1974/1974/1974 1973/1973/1973
f 1973/1973/1973 1976/1976/1976 1975/1975/1975
f 1976/1976/1976 1977/1977/1977 1975/1975/1975
f 1976/1976/1976 1978/1978/1978 1977/1977/1977
f 1978/1978/1978 1979/1979/1979 1977/1977/1977
f 1978/1978/1978 1980/1980/1980 1979/1979/1979
f 1980/1980/1980 1981/1981/1981 1979/1979/1979
f 1980/1980/1980 1982/1982/1982 1981/1981/1981
f 1982/1982/1982 1983/1983/1983 1981/1981/1981
f 1982/1982/1982 1984/1984/1984 1983/1983/1983
f 1984/1984/1984 1985/1985/1985 1983/1983/1983
f 1984/1984/1984 1986/1986/1986 1985/1985/1985
f 1986/1986/1986 1987/1987/1987 1985/1985/1985
f 1986/1986/1986 1988/1988/1988 1987/1987/1987
f 1991/1991/1991 1990/1990/1990 1989/1989/1989
f 1989/1989/1989 1992/1992/1992 1991/1991/1991
f 1992/1992/1992 1993/1993/1993 1991/1991/1991
f 1992/1992/1992 1994/1994/1994 1993/1993/1993
f 1994/1994/1994 1995/1995/1995 1993/1993/1993
f 1994/1994/1994 1996/1996/1996 1995/1995/1995
f 1996/1996/1996 1997/1997/1997 1995/1995/1995
f 1996/1996/1996 1998/1998/1998 1997/1997/1997
f 1998/1998/1998 1999/1999/1999 1997/1997/1997
f 1998/1998/1998 2000/2000/2000 1999/1999/1999
f 2000/2000/2000 2001/2001/2001 1999/1999/1999
f 2000/2000/2000 2002/2002/2002 2001/2001/2001
f 2002/2002/2002 2003/2003/2003 2001/2001/2001
f 2002/2002/2002 2004/2004/2004 2003/2003/2003
f 2007/2007/2007 2006/2006/2006 2005/2005/2005
f 2005/2005/2005 2008/2008/2008 2007/2007/2007
f 2008/2008/2008 2009/2009/2009 2007/2007/2007
f 2008/2008/2008 2010/2010/2010 2009/2009/2009
f 2010/2010/2010 2011/2011/2011 2009/2009/2009
f 2010/2010/2010 2012/2012/2012 2011/2011/2011
f 2012/2012/2012 2013/2013/2013 2011/2011/2011
f 2012/2012/2012 2014/2014/2014 2013/2013/2013
f 2014/2014/2014 2015/2015/2015 2013/2013/2013
f 2014/2014/2014 2016/2016/2016 2015/2015/2015
f 2016/2016/2016 2017/2017/2017 2015/2015/2015
f 2016/2016/2016 2018/2018/2018 2017/2017/2017
f 2018/2018/2018 2019/2019/2019 2017/2017/2017
f 2018/2018/2018 2020/2020/2020 2019/2019/2019
f 2023/2023/2023 2022/2022/2022 2021/2021/2021
f 2021/2021/2021 2024/2024/2024 2023/2023/2023
f 2024/2024/2024 2025/2025/2025 2023/2023/2023
f 2024/2024/2024 2026/2026/2026 2025/2025/2025
f 2026/2026/2026 2027/2027/2027 2025/2025/2025
f 2026/2026/2026 2028/2028/2028 2027/2027/2027
f 2028/2028/2028 2029/2029/2029 2027/2027/2027
f 2028/2028/2028 2030/2030/2030 2029/2029/2029
f 2030/2030/2030 2031/2031/2031 2029/2029/2029
f 2030/2030/2030 2032/2032/2032 2031/2031/2031
f 2032/2032/2032 2033/2033/2033 2031/2031/2031
f 2032/2032/2032 2034/2034/2034 2033/2033/2033
f 2034/2034/2034 2035/2035/2035 2033/2033/2033
f 2034/2034/2034 2036/2036/2036 2035/2035/2035
f 2039/2039/2039 2038/2038/2038 2037/2037/2037
f 2040/2040/2040 2039/2039/2039 2037/2037/2037
f 2043/2043/2043 2042/2042/2042 2041/2041/2041
f 2044/2044/2044 2043/2043/2043 2041/2041/2041
f 2047/2047/2047 2046/2046/2046 2045/2045/2045
f 2048/2048/2048 2047/2047/2047 2045/2045/2045
f 2051/2051/2051 2050/2050/2050 2049/2049/2049
f 2052/2052/2052 2051/2051/2051 2049/2049/2049
f 2055/2055/2055 2054/2054/2054 2053/2053/2053
f 2056/2056/2056 2055/2055/2055 2053/2053/2053
f 2055/2055/2055 2056/2056/2056 2057/2057/2057
f 2058/2058/2058 2055/2055/2055 2057/2057/2057
f 2059/2059/2059 2058/2058/2058 2057/2057/2057
f 2057/2057/2057 2060/2060/2060 2059/2059/2059
f 2057/2057/2057 2061/2061/2061 2060/2060/2060
f 2057/2057/2057 2062/2062/2062 2061/2061/2061
f 2062/2062/2062 2063/2063/2063 2061/2061/2061
f 2062/2062/2062 2064/2064/2064 2063/2063/2063
f 2062/2062/2062 2065/2065/2065 2064/2064/2064
f 2066/2066/2066 2065/2065/2065 2062/2062/2062
f 2069/2069/2069 2068/2068/2068 2067/2067/2067
f 2070/2070/2070 2069/2069/2069 2067/2067/2067
f 2073/2073/2073 2072/2072/2072 2071/2071/2071
f 2074/2074/2074 2073/2073/2073 2071/2071/2071
f 2077/2077/2077 2076/2076/2076 2075/2075/2075
f 2078/2078/2078 2077/2077/2077 2075/2075/2075
f 2081/2081/2081 2080/2080/2080 2079/2079/2079
f 2080/2080/2080 2082/2082/2082 2079/2079/2079
f 2082/2082/2082 2083/2083/2083 2079/2079/2079
f 2083/2083/2083 2084/2084/2084 2079/2079/2079
f 2084/2084/2084 2083/2083/2083 2085/2085/2085
f 2084/2084/2084 2085/2085/2085 2086/2086/2086
f 2084/2084/2084 2086/2086/2086 2087/2087/2087
f 2084/2084/2084 2087/2087/2087 2088/2088/2088
f 2089/2089/2089 2084/2084/2084 2088/2088/2088
f 2089/2089/2089 2088/2088/2088 2090/2090/2090
f 2089/2089/2089 2090/2090/2090 2091/2091/2091
f 2091/2091/2091 2092/2092/2092 2089/2089/2089
f 2095/2095/2095 2094/2094/2094 2093/2093/2093
f 2096/2096/2096 2095/2095/2095 2093/2093/2093
f 2099/2099/2099 2098/2098/2098 2097/2097/2097
f 2100/2100/2100 2099/2099/2099 2097/2097/2097
f 2097/2097/2097 2101/2101/2101 2100/2100/2100
f 2101/2101/2101 2102/2102/2102 2100/2100/2100
f 2105/2105/2105 2104/2104/2104 2103/2103/2103
f 2106/2106/2106 2105/2105/2105 2103/2103/2103
f 2109/2109/2109 2108/2108/2108 2107/2107/2107
f 2110/2110/2110 2109/2109/2109 2107/2107/2107
f 2107/2107/2107 2111/2111/2111 2110/2110/2110
f 2111/2111/2111 2112/2112/2112 2110/2110/2110
f 2115/2115/2115 2114/2114/2114 2113/2113/2113
f 2116/2116/2116 2115/2115/2115 2113/2113/2113
f 2113/2113/2113 2117/2117/2117 2116/2116/2116
f 2117/2117/2117 2118/2118/2118 2116/2116/2116
f 2121/2121/2121 2120/2120/2120 2119/2119/2119
f 2122/2122/2122 2121/2121/2121 2119/2119/2119
f 2119/2119/2119 2123/2123/2123 2122/2122/2122
f 2123/2123/2123 2124/2124/2124 2122/2122/2122
f 2127/2127/2127 2126/2126/2126 2125/2125/2125
f 2126/2126/2126 2128/2128/2128 2125/2125/2125
f 2125/2125/2125 2128/2128/2128 2129/2129/2129
f 2128/2128/2128 2130/2130/2130 2129/2129/2129
f 2129/2129/2129 2130/2130/2130 2131/2131/2131
f 2130/2130/2130 2132/2132/2132 2131/2131/2131
f 2134/2134/2134 2132/2132/2132 2133/2133/2133
f 2132/2132/2132 2135/2135/2135 2133/2133/2133
f 2133/2133/2133 2135/2135/2135 2136/2136/2136
f 2135/2135/2135 2137/2137/2137 2136/2136/2136
f 2136/2136/2136 2137/2137/2137 2138/2138/2138
f 2137/2137/2137 2139/2139/2139 2138/2138/2138
f 2138/2138/2138 2139/2139/2139 2140/2140/2140
f 2139/2139/2139 2141/2141/2141 2140/2140/2140
f 2140/2140/2140 2141/2141/2141 2142/2142/2142
f 2141/2141/2141 2143/2143/2143 2142/2142/2142
f 2142/2142/2142 2143/2143/2143 2144/2144/2144
f 2143/2143/2143 2145/2145/2145 2144/2144/2144
f 2144/2144/2144 2145/2145/2145 2146/2146/2146
f 2145/2145/2145 2147/2147/2147 2146/2146/2146
f 2146/2146/2146 2147/2147/2147 2148/2148/2148
f 2147/2147/2147 2149/2149/2149 2148/2148/2148
f 2148/2148/2148 2149/2149/2149 2150/2150/2150
f 2149/2149/2149 2151/2151/2151 2150/2150/2150
f 2154/2154/2154 2153/2153/2153 2152/2152/2152
f 2155/2155/2155 2154/2154/2154 2152/2152/2152
f 2158/2158/2158 2157/2157/2157 2156/2156/2156
f 2159/2159/2159 2158/2158/2158 2156/2156/2156
f 2162/2162/2162 2161/2161/2161 2160/2160/2160
f 2161/2161/2161 2163/2163/2163 2160/2160/2160
f 2163/2163/2163 2165/2165/2165 2164/2164/2164
f 2166/2166/2166 2163/2163/2163 2164/2164/2164
f 2169/2169/2169 2168/2168/2168 2167/2167/2167
f 2167/2167/2167 2170/2170/2170 2169/2169/2169
f 2167/2167/2167 2171/2171/2171 2170/2170/2170
f 2171/2171/2171 2172/2172/2172 2170/2170/2170
f 2171/2171/2171 2173/2173/2173 2172/2172/2172
f 2173/2173/2173 2174/2174/2174 2172/2172/2172
f 2173/2173/2173 2175/2175/2175 2174/2174/2174
f 2178/2178/2178 2177/2177/2177 2176/2176/2176
f 2177/2177/2177 2179/2179/2179 2176/2176/2176
f 2182/2182/2182 2181/2181/2181 2180/2180/2180
f 2181/2181/2181 2183/2183/2183 2180/2180/2180
f 2186/2186/2186 2185/2185/2185 2184/2184/2184
f 2185/2185/2185 2187/2187/2187 2184/2184/2184
f 2184/2184/2184 2187/2187/2187 2188/2188/2188
f 2187/2187/2187 2189/2189/2189 2188/2188/2188
f 2188/2188/2188 2189/2189/2189 2190/2190/2190
f 2189/2189/2189 2191/2191/2191 2190/2190/2190
f 2190/2190/2190 2191/2191/2191 2192/2192/2192
f 2191/2191/2191 2193/2193/2193 2192/2192/2192
f 2196/2196/2196 2195/2195/2195 2194/2194/2194
f 2195/2195/2195 2197/2197/2197 2194/2194/2194
f 2194/2194/2194 2197/2197/2197 2198/2198/2198
f 2197/2197/2197 2199/2199/2199 2198/2198/2198
f 2198/2198/2198 2199/2199/2199 2200/2200/2200
f 2199/2199/2199 2201/2201/2201 2200/2200/2200
f 2204/2204/2204 2203/2203/2203 2202/2202/2202
f 2205/2205/2205 2204/2204/2204 2202/2202/2202
f 2206/2206/2206 2204/2204/2204 2205/2205/2205
f 2207/2207/2207 2206/2206/2206 2205/2205/2205
f 2208/2208/2208 2206/2206/2206 2207/2207/2207
f 2209/2209/2209 2208/2208/2208 2207/2207/2207
f 2210/2210/2210 2208/2208/2208 2209/2209/2209
f 2211/2211/2211 2210/2210/2210 2209/2209/2209
f 2214/2214/2214 2213/2213/2213 2212/2212/2212
f 2215/2215/2215 2214/2214/2214 2212/2212/2212
f 2218/2218/2218 2217/2217/2217 2216/2216/2216
f 2217/2217/2217 2219/2219/2219 2216/2216/2216
f 2217/2217/2217 2220/2220/2220 2219/2219/2219
f 2220/2220/2220 2221/2221/2221 2219/2219/2219
f 2220/2220/2220 2222/2222/2222 2221/2221/2221
f 2222/2222/2222 2223/2223/2223 2221/2221/2221
f 2222/2222/2222 2224/2224/2224 2223/2223/2223
f 2224/2224/2224 2225/2225/2225 2223/2223/2223
f 2228/2228/2228 2227/2227/2227 2226/2226/2226
f 2229/2229/2229 2228/2228/2228 2226/2226/2226
f 2229/2229/2229 2226/2226/2226 2230/2230/2230
f 2231/2231/2231 2229/2229/2229 2230/2230/2230
f 2231/2231/2231 2230/2230/2230 2232/2232/2232
f 2233/2233/2233 2231/2231/2231 2232/2232/2232
f 2233/2233/2233 2232/2232/2232 2234/2234/2234
f 2235/2235/2235 2233/2233/2233 2234/2234/2234
f 2238/2238/2238 2237/2237/2237 2236/2236/2236
f 2237/2237/2237 2239/2239/2239 2236/2236/2236
f 2237/2237/2237 2240/2240/2240 2239/2239/2239
f 2240/2240/2240 2241/2241/2241 2239/2239/2239
f 2240/2240/2240 2242/2242/2242 2241/2241/2241
f 2242/2242/2242 2243/2243/2243 2241/2241/2241
f 2242/2242/2242 2244/2244/2244 2243/2243/2243
f 2244/2244/2244 2245/2245/2245 2243/2243/2243
f 2248/2248/2248 2247/2247/2247 2246/2246/2246
f 2249/2249/2249 2248/2248/2248 2246/2246/2246
f 2249/2249/2249 2246/2246/2246 2250/2250/2250
f 2251/2251/2251 2249/2249/2249 2250/2250/2250
f 2251/2251/2251 2250/2250/2250 2252/2252/2252
f 2253/2253/2253 2251/2251/2251 2252/2252/2252
f 2253/2253/2253 2252/2252/2252 2254/2254/2254
f 2255/2255/2255 2253/2253/2253 2254/2254/2254
f 2258/2258/2258 2257/2257/2257 2256/2256/2256
f 2259/2259/2259 2258/2258/2258 2256/2256/2256
f 2260/2260/2260 2258/2258/2258 2259/2259/2259
f 2261/2261/2261 2260/2260/2260 2259/2259/2259
f 2262/2262/2262 2260/2260/2260 2261/2261/2261
f 2263/2263/2263 2262/2262/2262 2261/2261/2261
f 2264/2264/2264 2262/2262/2262 2263/2263/2263
f 2265/2265/2265 2264/2264/2264 2263/2263/2263
f 2268/2268/2268 2267/2267/2267 2266/2266/2266
f 2267/2267/2267 2269/2269/2269 2266/2266/2266
f 2266/2266/2266 2269/2269/2269 2270/2270/2270
f 2269/2269/2269 2271/2271/2271 2270/2270/2270
f 2270/2270/2270 2271/2271/2271 2272/2272/2272
f 2271/2271/2271 2273/2273/2273 2272/2272/2272
f 2272/2272/2272 2273/2273/2273 2274/2274/2274
f 2273/2273/2273 2275/2275/2275 2274/2274/2274
f 2278/2278/2278 2277/2277/2277 2276/2276/2276
f 2279/2279/2279 2278/2278/2278 2276/2276/2276
f 2280/2280/2280 2278/2278/2278 2279/2279/2279
f 2281/2281/2281 2280/2280/2280 2279/2279/2279
f 2282/2282/2282 2280/2280/2280 2281/2281/2281
f 2283/2283/2283 2282/2282/2282 2281/2281/2281
f 2284/2284/2284 2282/2282/2282 2283/2283/2283
f 2285/2285/2285 2284/2284/2284 2283/2283/2283
f 2288/2288/2288 2287/2287/2287 2286/2286/2286
f 2289/2289/2289 2288/2288/2288 2286/2286/2286
f 2290/2290/2290 2288/2288/2288 2289/2289/2289
f 2291/2291/2291 2290/2290/2290 2289/2289/2289
f 2292/2292/2292 2290/2290/2290 2291/2291/2291
f 2293/2293/2293 2292/2292/2292 2291/2291/2291
f 2294/2294/2294 2292/2292/2292 2293/2293/2293
f 2295/2295/2295 2294/2294/2294 2293/2293/2293
f 2298/2298/2298 2297/2297/2297 2296/2296/2296
f 2297/2297/2297 2299/2299/2299 2296/2296/2296
f 2297/2297/2297 2300/2300/2300 2299/2299/2299
f 2300/2300/2300 2301/2301/2301 2299/2299/2299
f 2304/2304/2304 2303/2303/2303 2302/2302/2302
f 2305/2305/2305 2304/2304/2304 2302/2302/2302
f 2308/2308/2308 2307/2307/2307 2306/2306/2306
f 2309/2309/2309 2308/2308/2308 2306/2306/2306
f 2312/2312/2312 2311/2311/2311 2310/2310/2310
f 2313/2313/2313 2312/2312/2312 2310/2310/2310
f 2316/2316/2316 2315/2315/2315 2314/2314/2314
f 2317/2317/2317 2316/2316/2316 2314/2314/2314
f 2320/2320/2320 2319/2319/2319 2318/2318/2318
f 2321/2321/2321 2320/2320/2320 2318/2318/2318
f 2324/2324/2324 2323/2323/2323 2322/2322/2322
f 2325/2325/2325 2324/2324/2324 2322/2322/2322
f 2328/2328/2328 2327/2327/2327 2326/2326/2326
f 2329/2329/2329 2328/2328/2328 2326/2326/2326
f 2332/2332/2332 2331/2331/2331 2330/2330/2330
f 2333/2333/2333 2332/2332/2332 2330/2330/2330
f 2336/2336/2336 2335/2335/2335 2334/2334/2334
f 2337/2337/2337 2336/2336/2336 2334/2334/2334
f 2340/2340/2340 2339/2339/2339 2338/2338/2338
f 2341/2341/2341 2340/2340/2340 2338/2338/2338
f 2344/2344/2344 2343/2343/2343 2342/2342/2342
f 2345/2345/2345 2344/2344/2344 2342/2342/2342
f 2348/2348/2348 2347/2347/2347 2346/2346/2346
f 2349/2349/2349 2348/2348/2348 2346/2346/2346
f 2352/2352/2352 2351/2351/2351 2350/2350/2350
f 2353/2353/2353 2352/2352/2352 2350/2350/2350
f 2356/2356/2356 2355/2355/2355 2354/2354/2354
f 2357/2357/2357 2356/2356/2356 2354/2354/2354
f 2360/2360/2360 2359/2359/2359 2358/2358/2358
f 2358/2358/2358 2361/2361/2361 2360/2360/2360
f 2358/2358/2358 2362/2362/2362 2361/2361/2361
f 2365/2365/2365 2364/2364/2364 2363/2363/2363
f 2366/2366/2366 2365/2365/2365 2363/2363/2363
f 2369/2369/2369 2368/2368/2368 2367/2367/2367
f 2370/2370/2370 2369/2369/2369 2367/2367/2367
f 2373/2373/2373 2372/2372/2372 2371/2371/2371
f 2374/2374/2374 2373/2373/2373 2371/2371/2371
f 2377/2377/2377 2376/2376/2376 2375/2375/2375
f 2378/2378/2378 2377/2377/2377 2375/2375/2375
f 2381/2381/2381 2380/2380/2380 2379/2379/2379
f 2382/2382/2382 2381/2381/2381 2379/2379/2379
f 2385/2385/2385 2384/2384/2384 2383/2383/2383
f 2386/2386/2386 2385/2385/2385 2383/2383/2383
f 2389/2389/2389 2388/2388/2388 2387/2387/2387
f 2390/2390/2390 2389/2389/2389 2387/2387/2387
f 2393/2393/2393 2392/2392/2392 2391/2391/2391
f 2394/2394/2394 2393/2393/2393 2391/2391/2391
f 2397/2397/2397 2396/2396/2396 2395/2395/2395
f 2398/2398/2398 2397/2397/2397 2395/2395/2395
f 2401/2401/2401 2400/2400/2400 2399/2399/2399
f 2402/2402/2402 2401/2401/2401 2399/2399/2399
f 2405/2405/2405 2404/2404/2404 2403/2403/2403
f 2406/2406/2406 2405/2405/2405 2403/2403/2403
f 2409/2409/2409 2408/2408/2408 2407/2407/2407
f 2410/2410/2410 2409/2409/2409 2407/2407/2407
f 2413/2413/2413 2412/2412/2412 2411/2411/2411
f 2414/2414/2414 2413/2413/2413 2411/2411/2411
f 2417/2417/2417 2416/2416/2416 2415/2415/2415
f 2418/2418/2418 2417/2417/2417 2415/2415/2415
f 2421/2421/2421 2420/2420/2420 2419/2419/2419
f 2422/2422/2422 2421/2421/2421 2419/2419/2419
f 2425/2425/2425 2424/2424/2424 2423/2423/2423
f 2426/2426/2426 2425/2425/2425 2423/2423/2423
f 2429/2429/2429 2428/2428/2428 2427/2427/2427
f 2430/2430/2430 2429/2429/2429 2427/2427/2427
f 2433/2433/2433 2432/2432/2432 2431/2431/2431
f 2434/2434/2434 2433/2433/2433 2431/2431/2431
f 2437/2437/2437 2436/2436/2436 2435/2435/2435
f 2438/2438/2438 2437/2437/2437 2435/2435/2435
f 2441/2441/2441 2440/2440/2440 2439/2439/2439
f 2442/2442/2442 2441/2441/2441 2439/2439/2439
f 2445/2445/2445 2444/2444/2444 2443/2443/2443
f 2446/2446/2446 2445/2445/2445 2443/2443/2443
f 2449/2449/2449 2448/2448/2448 2447/2447/2447
f 2450/2450/2450 2449/2449/2449 2447/2447/2447
f 2453/2453/2453 2452/2452/2452 2451/2451/2451
f 2454/2454/2454 2453/2453/2453 2451/2451/2451
f 2457/2457/2457 2456/2456/2456 2455/2455/2455
f 2458/2458/2458 2457/2457/2457 2455/2455/2455
f 2461/2461/2461 2460/2460/2460 2459/2459/2459
f 2462/2462/2462 2461/2461/2461 2459/2459/2459
f 2465/2465/2465 2464/2464/2464 2463/2463/2463
f 2466/2466/2466 2465/2465/2465 2463/2463/2463
f 2469/2469/2469 2468/2468/2468 2467/2467/2467
f 2470/2470/2470 2469/2469/2469 2467/2467/2467
f 2473/2473/2473 2472/2472/2472 2471/2471/2471
f 2474/2474/2474 2473/2473/2473 2471/2471/2471
f 2477/2477/2477 2476/2476/2476 2475/2475/2475
f 2478/2478/2478 2477/2477/2477 2475/2475/2475
f 2481/2481/2481 2480/2480/2480 2479/2479/2479
f 2482/2482/2482 2481/2481/2481 2479/2479/2479
f 2485/2485/2485 2484/2484/2484 2483/2483/2483
f 2486/2486/2486 2485/2485/2485 2483/2483/2483
f 2489/2489/2489 2488/2488/2488 2487/2487/2487
f 2490/2490/2490 2489/2489/2489 2487/2487/2487
f 2493/2493/2493 2492/2492/2492 2491/2491/2491
f 2494/2494/2494 2493/2493/2493 2491/2491/2491
f 2497/2497/2497 2496/2496/2496 2495/2495/2495
f 2498/2498/2498 2497/2497/2497 2495/2495/2495
f 2501/2501/2501 2500/2500/2500 2499/2499/2499
f 2502/2502/2502 2501/2501/2501 2499/2499/2499
f 2505/2505/2505 2504/2504/2504 2503/2503/2503
f 2506/2506/2506 2505/2505/2505 2503/2503/2503
f 2509/2509/2509 2508/2508/2508 2507/2507/2507
f 2510/2510/2510 2509/2509/2509 2507/2507/2507
f 2513/2513/2513 2512/2512/2512 2511/2511/2511
f 2514/2514/2514 2513/2513/2513 2511/2511/2511
f 2517/2517/2517 2516/2516/2516 2515/2515/2515
f 2518/2518/2518 2517/2517/2517 2515/2515/2515
f 2521/2521/2521 2520/2520/2520 2519/2519/2519
f 2522/2522/2522 2521/2521/2521 2519/2519/2519
f 2525/2525/2525 2524/2524/2524 2523/2523/2523
f 2526/2526/2526 2525/2525/2525 2523/2523/2523
f 2529/2529/2529 2528/2528/2528 2527/2527/2527
f 2530/2530/2530 2529/2529/2529 2527/2527/2527
f 2533/2533/2533 2532/2532/2532 2531/2531/2531
f 2534/2534/2534 2533/2533/2533 2531/2531/2531
f 2537/2537/2537 2536/2536/2536 2535/2535/2535
f 2538/2538/2538 2537/2537/2537 2535/2535/2535
f 2541/2541/2541 2540/2540/2540 2539/2539/2539
f 2542/2542/2542 2541/2541/2541 2539/2539/2539
f 2545/2545/2545 2544/2544/2544 2543/2543/2543
f 2546/2546/2546 2545/2545/2545 2543/2543/2543
f 2549/2549/2549 2548/2548/2548 2547/2547/2547
f 2550/2550/2550 2549/2549/2549 2547/2547/2547
f 2553/2553/2553 2552/2552/2552 2551/2551/2551
f 2554/2554/2554 2553/2553/2553 2551/2551/2551
f 2557/2557/2557 2556/2556/2556 2555/2555/2555
f 2558/2558/2558 2557/2557/2557 2555/2555/2555
f 2561/2561/2561 2560/2560/2560 2559/2559/2559
f 2562/2562/2562 2561/2561/2561 2559/2559/2559
f 2565/2565/2565 2564/2564/2564 2563/2563/2563
f 2566/2566/2566 2565/2565/2565 2563/2563/2563
f 2569/2569/2569 2568/2568/2568 2567/2567/2567
f 2570/2570/2570 2569/2569/2569 2567/2567/2567
f 2573/2573/2573 2572/2572/2572 2571/2571/2571
f 2574/2574/2574 2573/2573/2573 2571/2571/2571
f 2577/2577/2577 2576/2576/2576 2575/2575/2575
f 2578/2578/2578 2577/2577/2577 2575/2575/2575
f 2581/2581/2581 2580/2580/2580 2579/2579/2579
f 2579/2579/2579 2582/2582/2582 2581/2581/2581
f 2579/2579/2579 2583/2583/2583 2582/2582/2582
f 2586/2586/2586 2585/2585/2585 2584/2584/2584
f 2587/2587/2587 2586/2586/2586 2584/2584/2584
f 2590/2590/2590 2589/2589/2589 2588/2588/2588
f 2591/2591/2591 2590/2590/2590 2588/2588/2588
f 2594/2594/2594 2593/2593/2593 2592/2592/2592
f 2595/2595/2595 2594/2594/2594 2592/2592/2592
f 2598/2598/2598 2597/2597/2597 2596/2596/2596
f 2599/2599/2599 2598/2598/2598 2596/2596/2596
f 2602/2602/2602 2601/2601/2601 2600/2600/2600
f 2603/2603/2603 2602/2602/2602 2600/2600/2600
f 2606/2606/2606 2605/2605/2605 2604/2604/2604
f 2607/2607/2607 2606/2606/2606 2604/2604/2604
f 2610/2610/2610 2609/2609/2609 2608/2608/2608
f 2611/2611/2611 2610/2610/2610 2608/2608/2608
f 2614/2614/2614 2613/2613/2613 2612/2612/2612
f 2615/2615/2615 2614/2614/2614 2612/2612/2612
f 2618/2618/2618 2617/2617/2617 2616/2616/2616
f 2619/2619/2619 2618/2618/2618 2616/2616/2616
f 2622/2622/2622 2621/2621/2621 2620/2620/2620
f 2623/2623/2623 2622/2622/2622 2620/2620/2620
f 2626/2626/2626 2625/2625/2625 2624/2624/2624
f 2627/2627/2627 2626/2626/2626 2624/2624/2624
f 2630/2630/2630 2629/2629/2629 2628/2628/2628
f 2631/2631/2631 2630/2630/2630 2628/2628/2628
f 2634/2634/2634 2633/2633/2633 2632/2632/2632
f 2635/2635/2635 2634/2634/2634 2632/2632/2632
f 2638/2638/2638 2637/2637/2637 2636/2636/2636
f 2639/2639/2639 2638/2638/2638 2636/2636/2636
f 2642/2642/2642 2641/2641/2641 2640/2640/2640
f 2643/2643/2643 2642/2642/2642 2640/2640/2640
f 2646/2646/2646 2645/2645/2645 2644/2644/2644
f 2647/2647/2647 2646/2646/2646 2644/2644/2644
f 2650/2650/2650 2649/2649/2649 2648/2648/2648
f 2651/2651/2651 2650/2650/2650 2648/2648/2648
f 2654/2654/2654 2653/2653/2653 2652/2652/2652
f 2655/2655/2655 2654/2654/2654 2652/2652/2652
f 2658/2658/2658 2657/2657/2657 2656/2656/2656
f 2659/2659/2659 2658/2658/2658 2656/2656/2656
f 2662/2662/2662 2661/2661/2661 2660/2660/2660
f 2663/2663/2663 2662/2662/2662 2660/2660/2660
f 2666/2666/2666 2665/2665/2665 2664/2664/2664
f 2667/2667/2667 2666/2666/2666 2664/2664/2664
f 2670/2670/2670 2669/2669/2669 2668/2668/2668
f 2671/2671/2671 2670/2670/2670 2668/2668/2668
f 2674/2674/2674 2673/2673/2673 2672/2672/2672
f 2675/2675/2675 2674/2674/2674 2672/2672/2672
f 2678/2678/2678 2677/2677/2677 2676/2676/2676
f 2679/2679/2679 2678/2678/2678 2676/2676/2676
f 2682/2682/2682 2681/2681/2681 2680/2680/2680
f 2683/2683/2683 2682/2682/2682 2680/2680/2680
f 2686/2686/2686 2685/2685/2685 2684/2684/2684
f 2687/2687/2687 2686/2686/2686 2684/2684/2684
f 2690/2690/2690 2689/2689/2689 2688/2688/2688
f 2691/2691/2691 2690/2690/2690 2688/2688/2688
f 2694/2694/2694 2693/2693/2693 2692/2692/2692
f 2695/2695/2695 2694/2694/2694 2692/2692/2692
f 2698/2698/2698 2697/2697/2697 2696/2696/2696
f 2696/2696/2696 2699/2699/2699 2698/2698/2698
f 2696/2696/2696 2700/2700/2700 2699/2699/2699
f 2703/2703/2703 2702/2702/2702 2701/2701/2701
f 2704/2704/2704 2703/2703/2703 2701/2701/2701
f 2707/2707/2707 2706/2706/2706 2705/2705/2705
f 2708/2708/2708 2707/2707/2707 2705/2705/2705
f 2711/2711/2711 2710/2710/2710 2709/2709/2709
f 2712/2712/2712 2711/2711/2711 2709/2709/2709
f 2715/2715/2715 2714/2714/2714 2713/2713/2713
f 2716/2716/2716 2715/2715/2715 2713/2713/2713
f 2719/2719/2719 2718/2718/2718 2717/2717/2717
f 2720/2720/2720 2719/2719/2719 2717/2717/2717
f 2723/2723/2723 2722/2722/2722 2721/2721/2721
f 2724/2724/2724 2723/2723/2723 2721/2721/2721
f 2725/2725/2725 2723/2723/2723 2724/2724/2724
f 2726/2726/2726 2725/2725/2725 2724/2724/2724
f 2729/2729/2729 2728/2728/2728 2727/2727/2727
f 2730/2730/2730 2729/2729/2729 2727/2727/2727
f 2733/2733/2733 2732/2732/2732 2731/2731/2731
f 2734/2734/2734 2733/2733/2733 2731/2731/2731
f 2737/2737/2737 2736/2736/2736 2735/2735/2735
f 2738/2738/2738 2737/2737/2737 2735/2735/2735
f 2741/2741/2741 2740/2740/2740 2739/2739/2739
f 2742/2742/2742 2741/2741/2741 2739/2739/2739
f 2745/2745/2745 2744/2744/2744 2743/2743/2743
f 2746/2746/2746 2745/2745/2745 2743/2743/2743
f 2749/2749/2749 2748/2748/2748 2747/2747/2747
f 2750/2750/2750 2749/2749/2749 2747/2747/2747
f 2751/2751/2751 2749/2749/2749 2750/2750/2750
f 2752/2752/2752 2751/2751/2751 2750/2750/2750
f 2755/2755/2755 2754/2754/2754 2753/2753/2753
f 2756/2756/2756 2755/2755/2755 2753/2753/2753
f 2759/2759/2759 2758/2758/2758 2757/2757/2757
f 2757/2757/2757 2760/2760/2760 2759/2759/2759
f 2757/2757/2757 2761/2761/2761 2760/2760/2760
f 2764/2764/2764 2763/2763/2763 2762/2762/2762
f 2765/2765/2765 2764/2764/2764 2762/2762/2762
f 2768/2768/2768 2767/2767/2767 2766/2766/2766
f 2769/2769/2769 2768/2768/2768 2766/2766/2766
f 2772/2772/2772 2771/2771/2771 2770/2770/2770
f 2773/2773/2773 2772/2772/2772 2770/2770/2770
f 2776/2776/2776 2775/2775/2775 2774/2774/2774
f 2777/2777/2777 2776/2776/2776 2774/2774/2774
f 2780/2780/2780 2779/2779/2779 2778/2778/2778
f 2781/2781/2781 2780/2780/2780 2778/2778/2778
f 2784/2784/2784 2783/2783/2783 2782/2782/2782
f 2783/2783/2783 2785/2785/2785 2782/2782/2782
f 2782/2782/2782 2785/2785/2785 2786/2786/2786
f 2785/2785/2785 2787/2787/2787 2786/2786/2786
f 2790/2790/2790 2789/2789/2789 2788/2788/2788
f 2791/2791/2791 2790/2790/2790 2788/2788/2788
f 2794/2794/2794 2793/2793/2793 2792/2792/2792
f 2795/2795/2795 2794/2794/2794 2792/2792/2792
f 2798/2798/2798 2797/2797/2797 2796/2796/2796
f 2799/2799/2799 2798/2798/2798 2796/2796/2796
f 2802/2802/2802 2801/2801/2801 2800/2800/2800
f 2803/2803/2803 2802/2802/2802 2800/2800/2800
f 2806/2806/2806 2805/2805/2805 2804/2804/2804
f 2805/2805/2805 2807/2807/2807 2804/2804/2804
f 2804/2804/2804 2807/2807/2807 2808/2808/2808
f 2807/2807/2807 2809/2809/2809 2808/2808/2808
f 2812/2812/2812 2811/2811/2811 2810/2810/2810
f 2813/2813/2813 2812/2812/2812 2810/2810/2810
f 2816/2816/2816 2815/2815/2815 2814/2814/2814
f 2817/2817/2817 2816/2816/2816 2814/2814/2814
f 2820/2820/2820 2819/2819/2819 2818/2818/2818
f 2819/2819/2819 2821/2821/2821 2818/2818/2818
f 2822/2822/2822 2819/2819/2819 2820/2820/2820
f 2818/2818/2818 2821/2821/2821 2823/2823/2823
f 2824/2824/2824 2822/2822/2822 2820/2820/2820
f 2821/2821/2821 2825/2825/2825 2823/2823/2823
f 2826/2826/2826 2822/2822/2822 2824/2824/2824
f 2823/2823/2823 2825/2825/2825 2827/2827/2827
f 2827/2827/2827 2826/2826/2826 2824/2824/2824
f 2825/2825/2825 2826/2826/2826 2827/2827/2827
f 2830/2830/2830 2829/2829/2829 2828/2828/2828
f 2828/2828/2828 2829/2829/2829 2831/2831/2831
f 2832/2832/2832 2830/2830/2830 2828/2828/2828
f 2829/2829/2829 2833/2833/2833 2831/2831/2831
f 2834/2834/2834 2830/2830/2830 2832/2832/2832
f 2831/2831/2831 2833/2833/2833 2835/2835/2835
f 2836/2836/2836 2834/2834/2834 2832/2832/2832
f 2833/2833/2833 2837/2837/2837 2835/2835/2835
f 2837/2837/2837 2834/2834/2834 2836/2836/2836
f 2835/2835/2835 2837/2837/2837 2836/2836/2836
f 2840/2840/2840 2839/2839/2839 2838/2838/2838
f 2839/2839/2839 2841/2841/2841 2838/2838/2838
f 2842/2842/2842 2839/2839/2839 2840/2840/2840
f 2838/2838/2838 2841/2841/2841 2843/2843/2843
f 2844/2844/2844 2842/2842/2842 2840/2840/2840
f 2841/2841/2841 2845/2845/2845 2843/2843/2843
f 2845/2845/2845 2842/2842/2842 2844/2844/2844
f 2843/2843/2843 2845/2845/2845 2844/2844/2844
f 2848/2848/2848 2847/2847/2847 2846/2846/2846
f 2846/2846/2846 2847/2847/2847 2849/2849/2849
f 2850/2850/2850 2848/2848/2848 2846/2846/2846
f 2847/2847/2847 2851/2851/2851 2849/2849/2849
f 2852/2852/2852 2848/2848/2848 2850/2850/2850
f 2849/2849/2849 2851/2851/2851 2853/2853/2853
f 2854/2854/2854 2852/2852/2852 2850/2850/2850
f 2851/2851/2851 2855/2855/2855 2853/2853/2853
f 2855/2855/2855 2852/2852/2852 2854/2854/2854
f 2853/2853/2853 2855/2855/2855 2854/2854/2854
f 2858/2858/2858 2857/2857/2857 2856/2856/2856
f 2857/2857/2857 2859/2859/2859 2856/2856/2856
f 2860/2860/2860 2857/2857/2857 2858/2858/2858
f 2856/2856/2856 2859/2859/2859 2861/2861/2861
f 2862/2862/2862 2860/2860/2860 2858/2858/2858
f 2859/2859/2859 2863/2863/2863 2861/2861/2861
f 2863/2863/2863 2860/2860/2860 2862/2862/2862
f 2861/2861/2861 2863/2863/2863 2862/2862/2862
f 2866/2866/2866 2865/2865/2865 2864/2864/2864
f 2865/2865/2865 2867/2867/2867 2864/2864/2864
f 2868/2868/2868 2865/2865/2865 2866/2866/2866
f 2864/2864/2864 2867/2867/2867 2869/2869/2869
f 2870/2870/2870 2868/2868/2868 2866/2866/2866
f 2867/2867/2867 2871/2871/2871 2869/2869/2869
f 2871/2871/2871 2868/2868/2868 2870/2870/2870
f 2869/2869/2869 2871/2871/2871 2870/2870/2870
f 2874/2874/2874 2873/2873/2873 2872/2872/2872
f 2873/2873/2873 2875/2875/2875 2872/2872/2872
f 2876/2876/2876 2873/2873/2873 2874/2874/2874
f 2872/2872/2872 2875/2875/2875 2877/2877/2877
f 2878/2878/2878 2876/2876/2876 2874/2874/2874
f 2875/2875/2875 2879/2879/2879 2877/2877/2877
f 2879/2879/2879 2876/2876/2876 2878/2878/2878
f 2877/2877/2877 2879/2879/2879 2878/2878/2878
f 2882/2882/2882 2881/2881/2881 2880/2880/2880
f 2881/2881/2881 2883/2883/2883 2880/2880/2880
f 2884/2884/2884 2881/2881/2881 2882/2882/2882
f 2880/2880/2880 2883/2883/2883 2885/2885/2885
f 2886/2886/2886 2884/2884/2884 2882/2882/2882
f 2883/2883/2883 2887/2887/2887 2885/2885/2885
f 2888/2888/2888 2884/2884/2884 2886/2886/2886
f 2885/2885/2885 2887/2887/2887 2889/2889/2889
f 2889/2889/2889 2888/2888/2888 2886/2886/2886
f 2887/2887/2887 2888/2888/2888 2889/2889/2889
f 2892/2892/2892 2891/2891/2891 2890/2890/2890
f 2890/2890/2890 2891/2891/2891 2893/2893/2893
f 2894/2894/2894 2892/2892/2892 2890/2890/2890
f 2891/2891/2891 2895/2895/2895 2893/2893/2893
f 2896/2896/2896 2892/2892/2892 2894/2894/2894
f 2893/2893/2893 2895/2895/2895 2897/2897/2897
f 2897/2897/2897 2896/2896/2896 2894/2894/2894
f 2895/2895/2895 2896/2896/2896 2897/2897/2897
f 2900/2900/2900 2899/2899/2899 2898/2898/2898
f 2899/2899/2899 2901/2901/2901 2898/2898/2898
f 2902/2902/2902 2899/2899/2899 2900/2900/2900
f 2898/2898/2898 2901/2901/2901 2903/2903/2903
f 2904/2904/2904 2902/2902/2902 2900/2900/2900
f 2901/2901/2901 2905/2905/2905 2903/2903/2903
f 2906/2906/2906 2902/2902/2902 2904/2904/2904
f 2903/2903/2903 2905/2905/2905 2907/2907/2907
f 2908/2908/2908 2906/2906/2906 2904/2904/2904
f 2905/2905/2905 2909/2909/2909 2907/2907/2907
f 2910/2910/2910 2906/2906/2906 2908/2908/2908
f 2907/2907/2907 2909/2909/2909 2911/2911/2911
f 2912/2912/2912 2910/2910/2910 2908/2908/2908
f 2909/2909/2909 2913/2913/2913 2911/2911/2911
f 2914/2914/2914 2910/2910/2910 2912/2912/2912
f 2911/2911/2911 2913/2913/2913 2915/2915/2915
f 2916/2916/2916 2914/2914/2914 2912/2912/2912
f 2913/2913/2913 2917/2917/2917 2915/2915/2915
f 2918/2918/2918 2914/2914/2914 2916/2916/2916
f 2915/2915/2915 2917/2917/2917 2919/2919/2919
f 2920/2920/2920 2918/2918/2918 2916/2916/2916
f 2917/2917/2917 2921/2921/2921 2919/2919/2919
f 2922/2922/2922 2918/2918/2918 2920/2920/2920
f 2919/2919/2919 2921/2921/2921 2923/2923/2923
f 2924/2924/2924 2922/2922/2922 2920/2920/2920
f 2921/2921/2921 2925/2925/2925 2923/2923/2923
f 2926/2926/2926 2922/2922/2922 2924/2924/2924
f 2923/2923/2923 2925/2925/2925 2927/2927/2927
f 2928/2928/2928 2926/2926/2926 2924/2924/2924
f 2925/2925/2925 2929/2929/2929 2927/2927/2927
f 2929/2929/2929 2926/2926/2926 2928/2928/2928
f 2927/2927/2927 2929/2929/2929 2928/2928/2928
f 2932/2932/2932 2931/2931/2931 2930/2930/2930
f 2933/2933/2933 2932/2932/2932 2930/2930/2930
f 2930/2930/2930 2931/2931/2931 2934/2934/2934
f 2935/2935/2935 2932/2932/2932 2933/2933/2933
f 2931/2931/2931 2936/2936/2936 2934/2934/2934
f 2937/2937/2937 2935/2935/2935 2933/2933/2933
f 2934/2934/2934 2936/2936/2936 2938/2938/2938
f 2939/2939/2939 2935/2935/2935 2937/2937/2937
f 2936/2936/2936 2940/2940/2940 2938/2938/2938
f 2941/2941/2941 2939/2939/2939 2937/2937/2937
f 2938/2938/2938 2940/2940/2940 2942/2942/2942
f 2943/2943/2943 2939/2939/2939 2941/2941/2941
f 2940/2940/2940 2944/2944/2944 2942/2942/2942
f 2945/2945/2945 2943/2943/2943 2941/2941/2941
f 2942/2942/2942 2944/2944/2944 2946/2946/2946
f 2947/2947/2947 2943/2943/2943 2945/2945/2945
f 2944/2944/2944 2948/2948/2948 2946/2946/2946
f 2949/2949/2949 2947/2947/2947 2945/2945/2945
f 2946/2946/2946 2948/2948/2948 2950/2950/2950
f 2951/2951/2951 2947/2947/2947 2949/2949/2949
f 2948/2948/2948 2952/2952/2952 2950/2950/2950
f 2953/2953/2953 2951/2951/2951 2949/2949/2949
f 2950/2950/2950 2952/2952/2952 2954/2954/2954
f 2955/2955/2955 2951/2951/2951 2953/2953/2953
f 2952/2952/2952 2956/2956/2956 2954/2954/2954
f 2957/2957/2957 2955/2955/2955 2953/2953/2953
f 2954/2954/2954 2956/2956/2956 2958/2958/2958
f 2959/2959/2959 2955/2955/2955 2957/2957/2957
f 2956/2956/2956 2960/2960/2960 2958/2958/2958
f 2961/2961/2961 2959/2959/2959 2957/2957/2957
f 2958/2958/2958 2960/2960/2960 2961/2961/2961
f 2960/2960/2960 2959/2959/2959 2961/2961/2961
f 2964/2964/2964 2963/2963/2963 2962/2962/2962
f 2963/2963/2963 2965/2965/2965 2962/2962/2962
f 2964/2964/2964 2962/2962/2962 2966/2966/2966
f 2963/2963/2963 2967/2967/2967 2965/2965/2965
f 2968/2968/2968 2964/2964/2964 2966/2966/2966
f 2967/2967/2967 2969/2969/2969 2965/2965/2965
f 2968/2968/2968 2966/2966/2966 2970/2970/2970
f 2967/2967/2967 2971/2971/2971 2969/2969/2969
f 2972/2972/2972 2968/2968/2968 2970/2970/2970
f 2971/2971/2971 2973/2973/2973 2969/2969/2969
f 2972/2972/2972 2970/2970/2970 2974/2974/2974
f 2971/2971/2971 2975/2975/2975 2973/2973/2973
f 2976/2976/2976 2972/2972/2972 2974/2974/2974
f 2975/2975/2975 2977/2977/2977 2973/2973/2973
f 2976/2976/2976 2974/2974/2974 2977/2977/2977
f 2975/2975/2975 2976/2976/2976 2977/2977/2977
